fips,statefp,countyfp,name,state,aland_mi2,total_pest,pest_per_land_area,cancer,top_5_pest,cancer_old,geoid_old,county
01001,01,001,Autauga County,Alabama,594.4523007722008,17880.7,30.079284707574946,459.5,"2,4-D<br>DICAMBA<br>GLYPHOSATE<br>PARAQUAT<br>ACEPHATE",459.5,01001,"Autauga County, Alabama(6)"
01003,01,003,Baldwin County,Alabama,1589.8769945945946,185764.1,116.84180639859392,442.5,CHLOROTHALONIL<br>GLYPHOSATE<br>METOLACHLOR & METOLACHLOR-S<br>FLUTOLANIL<br>ATRAZINE,442.5,01003,"Baldwin County, Alabama(6)"
01005,01,005,Barbour County,Alabama,885.0039193050193,54781.6,61.89983886514219,444.5,"GLYPHOSATE<br>2,4-D<br>ETHEPHON<br>PENDIMETHALIN<br>DICHLOROPROPENE",444.5,01005,"Barbour County, Alabama(6)"
01007,01,007,Bibb County,Alabama,622.4666845559846,7673.500000000001,12.327567386957634,444.8,"2,4-D<br>GLYPHOSATE<br>ATRAZINE<br>SULFUR<br>DODINE",444.8,01007,"Bibb County, Alabama(6)"
01009,01,009,Blount County,Alabama,644.887683011583,22650.6,35.123325497896296,410.1,"2,4-D<br>GLYPHOSATE<br>ETHEPHON<br>METOLACHLOR & METOLACHLOR-S<br>DICAMBA",410.1,01009,"Blount County, Alabama(6)"
01011,01,011,Bullock County,Alabama,622.8124795366796,8837.300000000001,14.189343165657524,434.2,"2,4-D<br>SULFUR<br>ATRAZINE<br>CHLOROTHALONIL<br>AMINOPYRALID",434.2,01011,"Bullock County, Alabama(6)"
01013,01,013,Butler County,Alabama,776.834961003861,20871.5,26.867354132760592,460.9,"CHLOROTHALONIL<br>ATRAZINE<br>GLYPHOSATE<br>METOLACHLOR & METOLACHLOR-S<br>2,4-D",460.9,01013,"Butler County, Alabama(6)"
01015,01,015,Calhoun County,Alabama,605.8906891891892,24142,39.84547118937764,493.2,"GLYPHOSATE<br>2,4-D<br>ETHEPHON<br>TRIBUFOS<br>GLUFOSINATE",493.2,01015,"Calhoun County, Alabama(6)"
01017,01,017,Chambers County,Alabama,596.5515857142857,19420.9,32.55527345006758,435.9,"2,4-D<br>GLYPHOSATE<br>ETHEPHON<br>ACEPHATE<br>TRIBUFOS",435.9,01017,"Chambers County, Alabama(6)"
01019,01,019,Cherokee County,Alabama,553.5192142857143,89528.7,161.74452067672448,421.5,"GLYPHOSATE<br>ETHEPHON<br>TRIBUFOS<br>2,4-D<br>GLUFOSINATE",421.5,01019,"Cherokee County, Alabama(6)"
01021,01,021,Chilton County,Alabama,692.8352258687258,36158.4,52.18903232678743,422.7,"SULFUR<br>2,4-D<br>CHLOROTHALONIL<br>CAPTAN<br>GLYPHOSATE",422.7,01021,"Chilton County, Alabama(6)"
01023,01,023,Choctaw County,Alabama,913.474935907336,5741.8,6.285667810137328,384.3,"GLYPHOSATE<br>2,4-D<br>ATRAZINE<br>ETHEPHON<br>CHLOROTHALONIL",384.3,01023,"Choctaw County, Alabama(6)"
01025,01,025,Clarke County,Alabama,1238.4147038610038,5895.5,4.760521642402669,499.9,"GLYPHOSATE<br>2,4-D<br>CHLOROTHALONIL<br>ETHEPHON<br>METOLACHLOR & METOLACHLOR-S",499.9,01025,"Clarke County, Alabama(6)"
01027,01,027,Clay County,Alabama,603.9596239382239,13627.9,22.564256714938832,466.4,"2,4-D<br>GLYPHOSATE<br>ATRAZINE<br>PICLORAM<br>SULFUR",466.4,01027,"Clay County, Alabama(6)"
01029,01,029,Cleburne County,Alabama,560.1039227799228,4566.3,8.152594213831637,423.6,"2,4-D<br>GLYPHOSATE<br>ATRAZINE<br>METOLACHLOR & METOLACHLOR-S<br>AMINOPYRALID",423.6,01029,"Cleburne County, Alabama(6)"
01031,01,031,Coffee County,Alabama,678.9829837837838,103657.6,152.6659761373473,419.5,"GLYPHOSATE<br>ETHEPHON<br>DICHLOROPROPENE<br>2,4-D<br>CHLOROTHALONIL",419.5,01031,"Coffee County, Alabama(6)"
01033,01,033,Colbert County,Alabama,592.9500629343629,71497.8,120.57980000233934,434.3,"GLYPHOSATE<br>2,4-D<br>ETHEPHON<br>TRIBUFOS<br>PARAQUAT",434.3,01033,"Colbert County, Alabama(6)"
01035,01,035,Conecuh County,Alabama,850.2754374517375,48640.6,57.20569812739168,464.9,GLYPHOSATE<br>ETHEPHON<br>METOLACHLOR & METOLACHLOR-S<br>TRIBUFOS<br>PENDIMETHALIN,464.9,01035,"Conecuh County, Alabama(6)"
01037,01,037,Coosa County,Alabama,650.9061633204633,6035.8,9.272918801705016,388.1,"2,4-D<br>PICLORAM<br>CHLOROTHALONIL<br>AMINOPYRALID<br>SULFUR",388.1,01037,"Coosa County, Alabama(6)"
01039,01,039,Covington County,Alabama,1030.5658532818534,95739.5,92.8999342401226,394.7,"GLYPHOSATE<br>ETHEPHON<br>2,4-D<br>DICHLOROPROPENE<br>ATRAZINE",394.7,01039,"Covington County, Alabama(6)"
01041,01,041,Crenshaw County,Alabama,608.8620706563706,25779.2,42.33996703425669,558.5,"2,4-D<br>GLYPHOSATE<br>ATRAZINE<br>DICHLOROPROPENE<br>TERBUFOS",558.5,01041,"Crenshaw County, Alabama(6)"
01043,01,043,Cullman County,Alabama,734.7433347490347,29329.1,39.917476774413885,406.7,"2,4-D<br>GLYPHOSATE<br>METOLACHLOR & METOLACHLOR-S<br>DICAMBA<br>ATRAZINE",406.7,01043,"Cullman County, Alabama(6)"
01045,01,045,Dale County,Alabama,561.1104880308881,83398.2,148.630620490931,432.2,"GLYPHOSATE<br>DICHLOROPROPENE<br>ETHEPHON<br>CHLOROTHALONIL<br>2,4-D",432.2,01045,"Dale County, Alabama(6)"
01047,01,047,Dallas County,Alabama,978.7334370656372,39386.6,40.242417913181605,426.1,"2,4-D<br>GLYPHOSATE<br>DICAMBA<br>CHLOROTHALONIL<br>DICHLOROPROPENE",426.1,01047,"Dallas County, Alabama(6)"
01049,01,049,DeKalb County,Alabama,777.0734606177606,55961,72.0150704355698,369.3,"GLYPHOSATE<br>2,4-D<br>ATRAZINE<br>METOLACHLOR & METOLACHLOR-S<br>DICAMBA",369.3,01049,"DeKalb County, Alabama(6)"
01051,01,051,Elmore County,Alabama,618.5169945945946,21057,34.044335376430126,474.6,"DICAMBA<br>2,4-D<br>GLYPHOSATE<br>PARAQUAT<br>ACEPHATE",474.6,01051,"Elmore County, Alabama(6)"
01053,01,053,Escambia County,Alabama,945.4035382239382,164257.6,173.74337344725723,393.2,GLYPHOSATE<br>CHLOROTHALONIL<br>METOLACHLOR & METOLACHLOR-S<br>ETHEPHON<br>FLUTOLANIL,393.2,01053,"Escambia County, Alabama(6)"
01055,01,055,Etowah County,Alabama,535.1410992277993,15743.1,29.418596371530914,453.8,"2,4-D<br>GLYPHOSATE<br>ETHEPHON<br>METOLACHLOR & METOLACHLOR-S<br>ATRAZINE",453.8,01055,"Etowah County, Alabama(6)"
01057,01,057,Fayette County,Alabama,627.6807926640927,50133,79.87021522073081,422.2,"ETHEPHON<br>GLYPHOSATE<br>ACEPHATE<br>2,4-D<br>TRIBUFOS",422.2,01057,"Fayette County, Alabama(6)"
01059,01,059,Franklin County,Alabama,633.9559768339768,24232.9,38.22489397610998,421.9,"GLYPHOSATE<br>2,4-D<br>ETHEPHON<br>TRIBUFOS<br>PARAQUAT",421.9,01059,"Franklin County, Alabama(6)"
01061,01,061,Geneva County,Alabama,574.4820135135135,185986.5,323.74642830419106,406.7,GLYPHOSATE<br>DICHLOROPROPENE<br>ETHEPHON<br>CHLOROTHALONIL<br>ATRAZINE,406.7,01061,"Geneva County, Alabama(6)"
01063,01,063,Greene County,Alabama,647.0200976833977,6984.4000000000005,10.794718780772143,466.4,"2,4-D<br>AMINOPYRALID<br>SULFUR<br>SULFOSULFURON<br>DODINE",466.4,01063,"Greene County, Alabama(6)"
01065,01,065,Hale County,Alabama,643.9881432432433,12856.9,19.964498003410863,453.9,"2,4-D<br>AMINOPYRALID<br>SULFUR<br>ATRAZINE<br>SULFOSULFURON",453.9,01065,"Hale County, Alabama(6)"
01067,01,067,Henry County,Alabama,561.8893382239382,135237.7,240.6838692249784,446,GLYPHOSATE<br>ETHEPHON<br>DICHLOROPROPENE<br>CHLOROTHALONIL<br>PENDIMETHALIN,446,01067,"Henry County, Alabama(6)"
01069,01,069,Houston County,Alabama,579.8232625482625,252880.1,436.1330707716321,432,DICHLOROPROPENE<br>METAM<br>GLYPHOSATE<br>CHLOROTHALONIL<br>CHLOROPICRIN,432,01069,"Houston County, Alabama(6)"
01071,01,071,Jackson County,Alabama,1078.0095027027028,92026.4,85.36696547598,424.4,"GLYPHOSATE<br>ATRAZINE<br>METOLACHLOR & METOLACHLOR-S<br>2,4-D<br>DICAMBA",424.4,01071,"Jackson County, Alabama(6)"
01073,01,073,Jefferson County,Alabama,1111.5509737451737,3389.7,3.049522765995164,434.2,"2,4-D<br>GLYPHOSATE<br>ATRAZINE<br>CHLOROTHALONIL<br>SULFUR",434.2,01073,"Jefferson County, Alabama(6)"
01075,01,075,Lamar County,Alabama,604.8435027027027,10913.8,18.044006344174015,452.1,"2,4-D<br>GLYPHOSATE<br>ETHEPHON<br>ACEPHATE<br>ATRAZINE",452.1,01075,"Lamar County, Alabama(6)"
01077,01,077,Lauderdale County,Alabama,668.0144671814671,119014.7,178.16186003000067,411.4,"GLYPHOSATE<br>2,4-D<br>ETHEPHON<br>TRIBUFOS<br>PARAQUAT",411.4,01077,"Lauderdale County, Alabama(6)"
01079,01,079,Lawrence County,Alabama,690.6814254826255,137622.5,199.25611855543085,474.9,"GLYPHOSATE<br>2,4-D<br>ETHEPHON<br>TRIBUFOS<br>PARAQUAT",474.9,01079,"Lawrence County, Alabama(6)"
01081,01,081,Lee County,Alabama,607.5530571428571,15005.2,24.6977606705907,343.6,"2,4-D<br>GLYPHOSATE<br>ETHEPHON<br>ACEPHATE<br>TRIBUFOS",343.6,01081,"Lee County, Alabama(6)"
01083,01,083,Limestone County,Alabama,563.3958961389961,201484,357.6241882143416,423.3,"GLYPHOSATE<br>2,4-D<br>ETHEPHON<br>TRIBUFOS<br>PARAQUAT",423.3,01083,"Limestone County, Alabama(6)"
01085,01,085,Lowndes County,Alabama,716.081805019305,23181.5,32.37269797600156,548.3,"2,4-D<br>GLYPHOSATE<br>AMINOPYRALID<br>DICAMBA<br>ATRAZINE",548.3,01085,"Lowndes County, Alabama(6)"
01087,01,087,Macon County,Alabama,608.6623934362934,20273.5,33.30828422886941,430.1,"DICAMBA<br>2,4-D<br>GLYPHOSATE<br>PARAQUAT<br>ACEPHATE",430.1,01087,"Macon County, Alabama(6)"
01089,01,089,Madison County,Alabama,801.6085988416988,192870.4,240.6042054422721,405.5,"GLYPHOSATE<br>2,4-D<br>ETHEPHON<br>TRIBUFOS<br>PARAQUAT",405.5,01089,"Madison County, Alabama(6)"
01091,01,091,Marengo County,Alabama,976.8938702702704,15481.2,15.8473714199035,446.8,"2,4-D<br>GLYPHOSATE<br>DICAMBA<br>ATRAZINE<br>AMINOPYRALID",446.8,01091,"Marengo County, Alabama(6)"
01093,01,093,Marion County,Alabama,742.3386872586873,9259.7,12.473686416902607,423.2,"GLYPHOSATE<br>2,4-D<br>PARAQUAT<br>ETHEPHON<br>TRIBUFOS",423.2,01093,"Marion County, Alabama(6)"
01095,01,095,Marshall County,Alabama,565.8509525096525,26241.9,46.37599333112787,423.8,"2,4-D<br>GLYPHOSATE<br>METOLACHLOR & METOLACHLOR-S<br>ATRAZINE<br>DICAMBA",423.8,01095,"Marshall County, Alabama(6)"
01097,01,097,Mobile County,Alabama,1229.3739606177603,76493.4,62.22142525416926,434.4,CHLOROTHALONIL<br>GLYPHOSATE<br>METOLACHLOR & METOLACHLOR-S<br>ETHEPHON<br>FLUTOLANIL,434.4,01097,"Mobile County, Alabama(6)"
01099,01,099,Monroe County,Alabama,1025.6639667953668,105607.1,102.96461942595472,427.7,GLYPHOSATE<br>CHLOROTHALONIL<br>ETHEPHON<br>METOLACHLOR & METOLACHLOR-S<br>TRIBUFOS,427.7,01099,"Monroe County, Alabama(6)"
01101,01,101,Montgomery County,Alabama,785.3504841698842,24782,31.55533802999381,447.7,"2,4-D<br>GLYPHOSATE<br>AMINOPYRALID<br>DICAMBA<br>PARAQUAT",447.7,01101,"Montgomery County, Alabama(6)"
01103,01,103,Morgan County,Alabama,579.6718065637066,21440.9,36.987998652378174,467.3,"GLYPHOSATE<br>2,4-D<br>ETHEPHON<br>TRIBUFOS<br>PARAQUAT",467.3,01103,"Morgan County, Alabama(6)"
01105,01,105,Perry County,Alabama,719.6664868725869,16844.2,23.405563976167443,435.5,"2,4-D<br>GLYPHOSATE<br>ATRAZINE<br>DICAMBA<br>METOLACHLOR & METOLACHLOR-S",435.5,01105,"Perry County, Alabama(6)"
01107,01,107,Pickens County,Alabama,881.4034915057915,37737.4,42.81512424636457,502.9,"2,4-D<br>GLYPHOSATE<br>ETHEPHON<br>ACEPHATE<br>ATRAZINE",502.9,01107,"Pickens County, Alabama(6)"
01109,01,109,Pike County,Alabama,672.0638486486487,56001.5,83.32764827717624,464.1,"GLYPHOSATE<br>2,4-D<br>ATRAZINE<br>ETHEPHON<br>DICHLOROPROPENE",464.1,01109,"Pike County, Alabama(6)"
01111,01,111,Randolph County,Alabama,580.547627027027,22482,38.725504942858656,431.4,"2,4-D<br>GLYPHOSATE<br>ETHEPHON<br>ACEPHATE<br>ATRAZINE",431.4,01111,"Randolph County, Alabama(6)"
01113,01,113,Russell County,Alabama,641.1791355212355,42624.5,66.4783016767212,368.3,"GLYPHOSATE<br>ETHEPHON<br>DICHLOROPROPENE<br>ATRAZINE<br>2,4-D",368.3,01113,"Russell County, Alabama(6)"
01115,01,115,St. Clair County,Alabama,631.6071023166023,4098.2,6.488527416757447,441.7,"2,4-D<br>AMINOPYRALID<br>CHLOROTHALONIL<br>SULFUR<br>ATRAZINE",441.7,01115,"St. Clair County, Alabama(6)"
01117,01,117,Shelby County,Alabama,785.4505,44222.2,56.30170201686802,394.4,"GLYPHOSATE<br>2,4-D<br>ETHEPHON<br>ACEPHATE<br>TRIBUFOS",394.4,01117,"Shelby County, Alabama(6)"
01119,01,119,Sumter County,Alabama,903.8219737451738,12645.2,13.99080833098358,454.3,"2,4-D<br>AMINOPYRALID<br>GLYPHOSATE<br>ATRAZINE<br>SULFUR",454.3,01119,"Sumter County, Alabama(6)"
01121,01,121,Talladega County,Alabama,736.8141857142857,60423.9,82.00697159681256,461.2,"GLYPHOSATE<br>2,4-D<br>ETHEPHON<br>ACEPHATE<br>ATRAZINE",461.2,01121,"Talladega County, Alabama(6)"
01123,01,123,Tallapoosa County,Alabama,716.5280803088804,14003,19.542848891509735,483.1,"2,4-D<br>GLYPHOSATE<br>ETHEPHON<br>ACEPHATE<br>ATRAZINE",483.1,01123,"Tallapoosa County, Alabama(6)"
01125,01,125,Tuscaloosa County,Alabama,1320.8507154440151,21183.3,16.037618598615857,391,"2,4-D<br>GLYPHOSATE<br>ETHEPHON<br>ACEPHATE<br>ATRAZINE",391,01125,"Tuscaloosa County, Alabama(6)"
01127,01,127,Walker County,Alabama,791.0277231660232,12489.6,15.789079995845666,488.8,"2,4-D<br>GLYPHOSATE<br>ETHEPHON<br>ACEPHATE<br>ATRAZINE",488.8,01127,"Walker County, Alabama(6)"
01129,01,129,Washington County,Alabama,1080.2504193050192,48704.9,45.08667539452044,461.3,CHLOROTHALONIL<br>GLYPHOSATE<br>METOLACHLOR & METOLACHLOR-S<br>FLUTOLANIL<br>ETHEPHON,461.3,01129,"Washington County, Alabama(6)"
01131,01,131,Wilcox County,Alabama,887.8534969111969,8680.7,9.777176110923447,491.1,"2,4-D<br>GLYPHOSATE<br>ATRAZINE<br>ETHEPHON<br>TRICLOPYR",491.1,01131,"Wilcox County, Alabama(6)"
01133,01,133,Winston County,Alabama,612.9965081081081,1938.1,3.161681957996075,431.3,"GLYPHOSATE<br>2,4-D<br>CHLOROTHALONIL<br>PARAQUAT<br>MANCOZEB",431.3,01133,"Winston County, Alabama(6)"
02013,02,013,Aleutians East Borough,Alaska,6986.221984555985,NA,NA,219.1,NA,219.1,02013,"Aleutians East Borough, Alaska(6)"
02016,02,016,Aleutians West Census Area,Alaska,4393.030620849421,NA,NA,290.1,NA,290.1,02016,"Aleutians West Census Area, Alaska(6)"
02020,02,020,Anchorage Municipality,Alaska,1707.060720849421,NA,NA,451.5,NA,451.5,02020,"Anchorage Borough, Alaska(6)"
02050,02,050,Bethel Census Area,Alaska,40660.39732972973,NA,NA,366.6,NA,366.6,02050,"Bethel Census Area, Alaska(6)"
02060,02,060,Bristol Bay Borough,Alaska,481.3796277992278,NA,NA,364.7,NA,364.7,02060,"Bristol Bay Borough, Alaska(6)"
02063,02,063,Chugach Census Area,Alaska,9575.345991505792,NA,NA,NA,NA,NA,NA,NA
02066,02,066,Copper River Census Area,Alaska,24646.64464942085,NA,NA,NA,NA,NA,NA,NA
02068,02,068,Denali Borough,Alaska,12640.990566795366,NA,NA,491.6,NA,491.6,02068,"Denali, Alaska(6)"
02070,02,070,Dillingham Census Area,Alaska,18335.71075366795,NA,NA,442.9,NA,442.9,02070,"Dillingham Census Area, Alaska(6)"
02090,02,090,Fairbanks North Star Borough,Alaska,7334.789577992278,NA,NA,408.5,NA,408.5,02090,"Fairbanks North Star, Alaska(6)"
02100,02,100,Haines Borough,Alaska,2334.9215216216217,NA,NA,344.3,NA,344.3,02100,"Haines Borough, Alaska(6)"
02105,02,105,Hoonah-Angoon Census Area,Alaska,6560.288602316602,NA,NA,410.2,NA,410.2,02105,"Hoonah-Angoon Census Area, Alaska(6)"
02110,02,110,Juneau City and Borough,Alaska,2702.911323938224,NA,NA,396.9,NA,396.9,02110,"Juneau Borough, Alaska(6)"
02122,02,122,Kenai Peninsula Borough,Alaska,16017.50722123552,NA,NA,446.9,NA,446.9,02122,"Kenai Peninsula Borough, Alaska(6)"
02130,02,130,Ketchikan Gateway Borough,Alaska,4857.068766023166,NA,NA,474.1,NA,474.1,02130,"Ketchikan Gateway Borough, Alaska(6)"
02150,02,150,Kodiak Island Borough,Alaska,6689.45496988417,NA,NA,405.2,NA,405.2,02150,"Kodiak Island Borough, Alaska(6)"
02158,02,158,Kusilvak Census Area,Alaska,17077.885473745173,NA,NA,403.7,NA,403.7,02158,"Kusilvak Census Area, Alaska(6)"
02164,02,164,Lake and Peninsula Borough,Alaska,23830.90832934363,NA,NA,480.1,NA,480.1,02164,"Lake and Peninsula Borough, Alaska(6)"
02170,02,170,Matanuska-Susitna Borough,Alaska,24707.219375289576,NA,NA,433.9,NA,433.9,02170,"Matanuska-Susitna Borough, Alaska(6)"
02180,02,180,Nome Census Area,Alaska,22969.58751042471,NA,NA,488.5,NA,488.5,02180,"Nome Census Area, Alaska(6)"
02185,02,185,North Slope Borough,Alaska,88792.3870057915,NA,NA,321.7,NA,321.7,02185,"North Slope Borough, Alaska(6)"
02188,02,188,Northwest Arctic Borough,Alaska,35671.53162084942,NA,NA,422,NA,422,02188,"Northwest Arctic Borough, Alaska(6)"
02195,02,195,Petersburg Borough,Alaska,2900.8751833976835,NA,NA,327.2,NA,327.2,02195,"Petersburg Census Area, Alaska(6)"
02198,02,198,Prince of Wales-Hyder Census Area,Alaska,5267.611795752896,NA,NA,431.4,NA,431.4,02198,"Prince of Wales-Hyder Census Area, Alaska(6)"
02220,02,220,Sitka City and Borough,Alaska,2870.087277992278,NA,NA,355.2,NA,355.2,02220,"Sitka Borough, Alaska(6)"
02230,02,230,Skagway Municipality,Alaska,442.92603706563705,NA,NA,345.4,NA,345.4,02230,"Skagway Municipality, Alaska(6)"
02240,02,240,Southeast Fairbanks Census Area,Alaska,24832.1553996139,NA,NA,511.8,NA,511.8,02240,"Southeast Fairbanks Census Area, Alaska(6)"
02275,02,275,Wrangell City and Borough,Alaska,2556.085615057915,NA,NA,429.2,NA,429.2,02275,"Wrangell Borough, Alaska(6)"
02282,02,282,Yakutat City and Borough,Alaska,7627.551188416988,NA,NA,NA,NA,*,02282,"Yakutat City and Borough, Alaska(6)"
02290,02,290,Yukon-Koyukuk Census Area,Alaska,145768.44918803088,NA,NA,518.4,NA,518.4,02290,"Yukon-Koyukuk Census Area, Alaska(6)"
04001,04,001,Apache County,Arizona,11198.257897683396,53539.8,4.781082958544461,301.3,BACILLUS AMYLOLIQUEFACIEN<br>BENSULIDE<br>MANCOZEB<br>ACEPHATE<br>PROPYZAMIDE,301.3,04001,"Apache County, Arizona(6)"
04003,04,003,Cochise County,Arizona,6209.8347281853285,274242.8,44.16265681842723,393.9,METAM<br>SULFUR<br>GLYPHOSATE<br>PENDIMETHALIN<br>DICHLOROPROPENE,393.9,04003,"Cochise County, Arizona(6)"
04005,04,005,Coconino County,Arizona,18616.266072586874,17615.5,0.9462423845531228,329.4,"METAM<br>DCPA<br>2,4-D<br>DICAMBA<br>GLYPHOSATE",329.4,04005,"Coconino County, Arizona(6)"
04007,04,007,Gila County,Arizona,4757.555462162162,44822.7,9.421372037905671,327.9,BACILLUS AMYLOLIQUEFACIEN<br>BENSULIDE<br>MANCOZEB<br>ACEPHATE<br>PROPYZAMIDE,327.9,04007,"Gila County, Arizona(6)"
04009,04,009,Graham County,Arizona,4621.855583011583,72896,15.772020282923089,328.9,GLYPHOSATE<br>SULFUR<br>METAM<br>PENDIMETHALIN<br>DCPA,328.9,04009,"Graham County, Arizona(6)"
04011,04,011,Greenlee County,Arizona,1842.8290023166023,91780.1,49.80391554757611,365,BACILLUS AMYLOLIQUEFACIEN<br>BENSULIDE<br>DICHLOROPROPENE<br>METAM<br>SULFUR,365,04011,"Greenlee County, Arizona(6)"
04012,04,012,La Paz County,Arizona,4496.5585158301155,96997.6,21.57151956513417,406.4,TRIFLURALIN<br>PENDIMETHALIN<br>METAM<br>GLYPHOSATE<br>CHLORPYRIFOS,406.4,04012,"La Paz County, Arizona(6)"
04013,04,013,Maricopa County,Arizona,9201.973002316605,604116.8,65.65079030854722,395.2,METAM POTASSIUM<br>METAM<br>TRIFLURALIN<br>SULFUR<br>PENDIMETHALIN,395.2,04013,"Maricopa County, Arizona(6)"
04015,04,015,Mohave County,Arizona,13332.055653667954,132695.9,9.953146269944671,405.2,METAM<br>PENDIMETHALIN<br>TRIFLURALIN<br>DCPA<br>CHLORPYRIFOS,405.2,04015,"Mohave County, Arizona(6)"
04017,04,017,Navajo County,Arizona,9949.44958108108,9767.8,0.9817427507320114,370,"METAM<br>GLYPHOSATE<br>SULFUR<br>2,4-D<br>PENDIMETHALIN",370,04017,"Navajo County, Arizona(6)"
04019,04,019,Pima County,Arizona,9188.6404980695,105152.6,11.443760371525274,397.9,METAM<br>GLYPHOSATE<br>SULFUR<br>PENDIMETHALIN<br>TRIFLURALIN,397.9,04019,"Pima County, Arizona(6)"
04021,04,021,Pinal County,Arizona,5366.652353281854,449179.3,83.69822944191915,389.8,GLYPHOSATE<br>METAM<br>TRIFLURALIN<br>PENDIMETHALIN<br>SULFUR,389.8,04021,"Pinal County, Arizona(6)"
04023,04,023,Santa Cruz County,Arizona,1236.2546826254827,5144.6,4.161440253616845,319.5,METAM<br>PETROLEUM OIL<br>TRIFLURALIN<br>SULFUR<br>PENDIMETHALIN,319.5,04023,"Santa Cruz County, Arizona(6)"
04025,04,025,Yavapai County,Arizona,8122.894785328185,17369.9,2.1383879096124736,406.8,METAM<br>DCPA<br>SULFUR<br>PETROLEUM OIL<br>PENDIMETHALIN,406.8,04025,"Yavapai County, Arizona(6)"
04027,04,027,Yuma County,Arizona,5513.79411003861,238441.8,43.24459623290692,381.6,PETROLEUM OIL<br>GLYPHOSATE<br>METAM<br>BACILLUS AMYLOLIQUEFACIEN<br>BENSULIDE,381.6,04027,"Yuma County, Arizona(6)"
05001,05,001,Arkansas County,Arkansas,992.1356857142856,533289.6,537.5168010573669,515.8,METOLACHLOR & METOLACHLOR-S<br>GLYPHOSATE<br>PROPANIL<br>ATRAZINE<br>GLUFOSINATE,515.8,05001,"Arkansas County, Arkansas(6)"
05003,05,003,Ashley County,Arkansas,925.4873915057916,248668.2,268.6889116829679,428.4,"GLYPHOSATE<br>METOLACHLOR & METOLACHLOR-S<br>PARAQUAT<br>ATRAZINE<br>2,4-D",428.4,05003,"Ashley County, Arkansas(6)"
05005,05,005,Baxter County,Arkansas,553.9285841698842,6632.4,11.973384637550875,464.7,"2,4-D<br>TRICLOPYR<br>GLYPHOSATE<br>PICLORAM<br>AMINOPYRALID",464.7,05005,"Baxter County, Arkansas(6)"
05007,05,007,Benton County,Arkansas,847.728764092664,32235.9,38.02619583694619,417.5,"2,4-D<br>TRICLOPYR<br>GLUFOSINATE<br>GLYPHOSATE<br>AMINOPYRALID",417.5,05007,"Benton County, Arkansas(6)"
05009,05,009,Boone County,Arkansas,589.7201992277992,43790.6,74.25657126437416,458.9,"2,4-D<br>TRICLOPYR<br>AMINOPYRALID<br>GLYPHOSATE<br>ATRAZINE",458.9,05009,"Boone County, Arkansas(6)"
05011,05,011,Bradley County,Arkansas,649.1640988416989,3660.7,5.639098043979595,456.2,"2,4-D<br>PENDIMETHALIN<br>PICLORAM<br>TRICLOPYR<br>GLYPHOSATE",456.2,05011,"Bradley County, Arkansas(6)"
05013,05,013,Calhoun County,Arkansas,628.5976231660231,3242.6,5.158466848264832,449.9,"2,4-D<br>PENDIMETHALIN<br>GLYPHOSATE<br>PICLORAM<br>TRICLOPYR",449.9,05013,"Calhoun County, Arkansas(6)"
05015,05,015,Carroll County,Arkansas,629.9246617760617,35976,57.11159156488061,432.6,"2,4-D<br>TRICLOPYR<br>AMINOPYRALID<br>GLYPHOSATE<br>ATRAZINE",432.6,05015,"Carroll County, Arkansas(6)"
05017,05,017,Chicot County,Arkansas,636.9746722007721,532802.1,836.4572772715563,430.7,"GLYPHOSATE<br>METOLACHLOR & METOLACHLOR-S<br>PARAQUAT<br>2,4-D<br>FOMESAFEN",430.7,05017,"Chicot County, Arkansas(6)"
05019,05,019,Clark County,Arkansas,865.9672486486486,59085.9,68.23110237968491,498.9,"GLYPHOSATE<br>2,4-D<br>FLUOMETURON<br>METOLACHLOR & METOLACHLOR-S<br>GLUFOSINATE",498.9,05019,"Clark County, Arkansas(6)"
05021,05,021,Clay County,Arkansas,639.2208266409266,499345.3,781.1780830484428,526.8,GLYPHOSATE<br>METOLACHLOR & METOLACHLOR-S<br>PROPANIL<br>GLUFOSINATE<br>THIOBENCARB,526.8,05021,"Clay County, Arkansas(6)"
05023,05,023,Cleburne County,Arkansas,553.9566285714286,7872.6,14.211581907237502,492.5,"2,4-D<br>TRICLOPYR<br>GLYPHOSATE<br>PICLORAM<br>AMINOPYRALID",492.5,05023,"Cleburne County, Arkansas(6)"
05025,05,025,Cleveland County,Arkansas,597.9077073359074,3783.8,6.328401446536703,479.3,"2,4-D<br>PENDIMETHALIN<br>GLYPHOSATE<br>PICLORAM<br>TRICLOPYR",479.3,05025,"Cleveland County, Arkansas(6)"
05027,05,027,Columbia County,Arkansas,766.0613428571429,7941.1,10.366141137447888,400.4,"2,4-D<br>PENDIMETHALIN<br>GLYPHOSATE<br>PICLORAM<br>METOLACHLOR & METOLACHLOR-S",400.4,05027,"Columbia County, Arkansas(6)"
05029,05,029,Conway County,Arkansas,551.9214127413128,54986.5,99.62740841470549,470.6,"2,4-D<br>METOLACHLOR & METOLACHLOR-S<br>GLYPHOSATE<br>GLUFOSINATE<br>FOMESAFEN",470.6,05029,"Conway County, Arkansas(6)"
05031,05,031,Craighead County,Arkansas,707.1627833976834,642971.1,909.2264399304732,494.9,GLYPHOSATE<br>METOLACHLOR & METOLACHLOR-S<br>ETHEPHON<br>GLUFOSINATE<br>PROPANIL,494.9,05031,"Craighead County, Arkansas(6)"
05033,05,033,Crawford County,Arkansas,595.2658934362935,47108.8,79.13908812758423,477.3,METOLACHLOR & METOLACHLOR-S<br>GLUFOSINATE<br>GLYPHOSATE<br>ACIFLUORFEN<br>METRIBUZIN,477.3,05033,"Crawford County, Arkansas(6)"
05035,05,035,Crittenden County,Arkansas,611.8090166023165,513479.9,839.281354255961,467.4,METOLACHLOR & METOLACHLOR-S<br>GLYPHOSATE<br>GLUFOSINATE<br>FOMESAFEN<br>PROPANIL,467.4,05035,"Crittenden County, Arkansas(6)"
05037,05,037,Cross County,Arkansas,616.314744015444,450649.4,731.2000960157255,474.7,METOLACHLOR & METOLACHLOR-S<br>GLYPHOSATE<br>PROPANIL<br>GLUFOSINATE<br>ATRAZINE,474.7,05037,"Cross County, Arkansas(6)"
05039,05,039,Dallas County,Arkansas,667.3198077220077,2803.1,4.200534687511803,460.8,"2,4-D<br>PENDIMETHALIN<br>GLYPHOSATE<br>PICLORAM<br>TRICLOPYR",460.8,05039,"Dallas County, Arkansas(6)"
05041,05,041,Desha County,Arkansas,741.2233297297297,544881.3,735.11083386795,521.7,"GLYPHOSATE<br>METOLACHLOR & METOLACHLOR-S<br>PARAQUAT<br>FOMESAFEN<br>2,4-D",521.7,05041,"Desha County, Arkansas(6)"
05043,05,043,Drew County,Arkansas,828.6631575289575,147676.4,178.21040872670807,543.8,"GLYPHOSATE<br>METOLACHLOR & METOLACHLOR-S<br>PARAQUAT<br>2,4-D<br>FOMESAFEN",543.8,05043,"Drew County, Arkansas(6)"
05045,05,045,Faulkner County,Arkansas,647.2441772200772,35430.5,54.74054653094678,452.1,"2,4-D<br>GLYPHOSATE<br>METOLACHLOR & METOLACHLOR-S<br>GLUFOSINATE<br>AMINOPYRALID",452.1,05045,"Faulkner County, Arkansas(6)"
05047,05,047,Franklin County,Arkansas,608.9645200772201,20293.6,33.32476578015852,483.9,"2,4-D<br>METOLACHLOR & METOLACHLOR-S<br>PROPANIL<br>GLYPHOSATE<br>GLUFOSINATE",483.9,05047,"Franklin County, Arkansas(6)"
05049,05,049,Fulton County,Arkansas,617.9912583011583,21636.9,35.01166029351171,447.2,"2,4-D<br>TRICLOPYR<br>GLYPHOSATE<br>ATRAZINE<br>PICLORAM",447.2,05049,"Fulton County, Arkansas(6)"
05051,05,051,Garland County,Arkansas,677.611440926641,3550.1,5.239138222260828,463,"2,4-D<br>GLYPHOSATE<br>AMINOPYRALID<br>TRICLOPYR<br>PICLORAM",463,05051,"Garland County, Arkansas(6)"
05053,05,053,Grant County,Arkansas,631.8848277992278,3998.7,6.328210180211083,471.8,"2,4-D<br>GLYPHOSATE<br>AMINOPYRALID<br>TRICLOPYR<br>PICLORAM",471.8,05053,"Grant County, Arkansas(6)"
05055,05,055,Greene County,Arkansas,577.3375772200773,343822.2,595.5306108005807,492.4,GLYPHOSATE<br>METOLACHLOR & METOLACHLOR-S<br>PROPANIL<br>THIOBENCARB<br>PENDIMETHALIN,492.4,05055,"Greene County, Arkansas(6)"
05057,05,057,Hempstead County,Arkansas,727.1966405405406,29166.1,40.107583525578754,378.8,"2,4-D<br>DICAMBA<br>PICLORAM<br>GLYPHOSATE<br>AMINOPYRALID",378.8,05057,"Hempstead County, Arkansas(6)"
05059,05,059,Hot Spring County,Arkansas,614.9410451737451,7495.3,12.188648096960712,486.4,"2,4-D<br>GLYPHOSATE<br>AMINOPYRALID<br>TRICLOPYR<br>PICLORAM",486.4,05059,"Hot Spring County, Arkansas(6)"
05061,05,061,Howard County,Arkansas,587.3289664092664,18704.2,31.846207270094727,394.5,"2,4-D<br>DICAMBA<br>PICLORAM<br>AMINOPYRALID<br>GLYPHOSATE",394.5,05061,"Howard County, Arkansas(6)"
05063,05,063,Independence County,Arkansas,763.708005019305,71995.9,94.27150105383546,449,"METOLACHLOR & METOLACHLOR-S<br>GLYPHOSATE<br>2,4-D<br>GLUFOSINATE<br>PROPANIL",449,05063,"Independence County, Arkansas(6)"
05065,05,065,Izard County,Arkansas,580.1983583011584,14430.9,24.872355796135295,394.1,"2,4-D<br>TRICLOPYR<br>GLYPHOSATE<br>ATRAZINE<br>PICLORAM",394.1,05065,"Izard County, Arkansas(6)"
05067,05,067,Jackson County,Arkansas,633.6079138996139,470647.8,742.8060629851403,463.6,GLYPHOSATE<br>METOLACHLOR & METOLACHLOR-S<br>PROPANIL<br>THIOBENCARB<br>GLUFOSINATE,463.6,05067,"Jackson County, Arkansas(6)"
05069,05,069,Jefferson County,Arkansas,872.3415806949807,398640.9,456.97798754750295,531,GLYPHOSATE<br>METOLACHLOR & METOLACHLOR-S<br>PARAQUAT<br>ATRAZINE<br>CLOMAZONE,531,05069,"Jefferson County, Arkansas(6)"
05071,05,071,Johnson County,Arkansas,660.9867737451738,11636,17.603983108572695,442.5,"METOLACHLOR & METOLACHLOR-S<br>2,4-D<br>GLYPHOSATE<br>GLUFOSINATE<br>ATRAZINE",442.5,05071,"Johnson County, Arkansas(6)"
05073,05,073,Lafayette County,Arkansas,529.4700351351352,45107.6,85.19386746501587,457.1,"GLYPHOSATE<br>2,4-D<br>METOLACHLOR & METOLACHLOR-S<br>ATRAZINE<br>PROPANIL",457.1,05073,"Lafayette County, Arkansas(6)"
05075,05,075,Lawrence County,Arkansas,587.5252351351352,318564.7,542.2144972661945,585,GLYPHOSATE<br>PROPANIL<br>THIOBENCARB<br>METOLACHLOR & METOLACHLOR-S<br>PENDIMETHALIN,585,05075,"Lawrence County, Arkansas(6)"
05077,05,077,Lee County,Arkansas,599.8044150579151,466472.7,777.7080132945654,446,METOLACHLOR & METOLACHLOR-S<br>GLYPHOSATE<br>GLUFOSINATE<br>ATRAZINE<br>FOMESAFEN,446,05077,"Lee County, Arkansas(6)"
05079,05,079,Lincoln County,Arkansas,559.4629135135135,285001.5,509.41982590078504,416.5,"GLYPHOSATE<br>METOLACHLOR & METOLACHLOR-S<br>PARAQUAT<br>2,4-D<br>FOMESAFEN",416.5,05079,"Lincoln County, Arkansas(6)"
05081,05,081,Little River County,Arkansas,531.2521528957529,46374.2,87.29225801198768,406.5,"2,4-D<br>GLYPHOSATE<br>ATRAZINE<br>METOLACHLOR & METOLACHLOR-S<br>FLUOMETURON",406.5,05081,"Little River County, Arkansas(6)"
05083,05,083,Logan County,Arkansas,709.1118918918919,16299.6,22.985935204827964,486.7,"METOLACHLOR & METOLACHLOR-S<br>2,4-D<br>GLYPHOSATE<br>GLUFOSINATE<br>PICLORAM",486.7,05083,"Logan County, Arkansas(6)"
05085,05,085,Lonoke County,Arkansas,771.7191868725869,442999.7,574.0426148989096,476.1,METOLACHLOR & METOLACHLOR-S<br>GLYPHOSATE<br>PROPANIL<br>ATRAZINE<br>GLUFOSINATE,476.1,05085,"Lonoke County, Arkansas(6)"
05087,05,087,Madison County,Arkansas,834.2337347490347,30241.9,36.25111133763701,392.4,"2,4-D<br>TRICLOPYR<br>AMINOPYRALID<br>GLYPHOSATE<br>GLUFOSINATE",392.4,05087,"Madison County, Arkansas(6)"
05089,05,089,Marion County,Arkansas,596.595677992278,14892.6,24.962634744720297,411.9,"2,4-D<br>TRICLOPYR<br>PICLORAM<br>AMINOPYRALID<br>GLYPHOSATE",411.9,05089,"Marion County, Arkansas(6)"
05091,05,091,Miller County,Arkansas,624.0375413127413,47619.8,76.309191110242807,417.6,"GLYPHOSATE<br>2,4-D<br>METOLACHLOR & METOLACHLOR-S<br>ATRAZINE<br>FLUOMETURON",417.6,05091,"Miller County, Arkansas(6)"
05093,05,093,Mississippi County,Arkansas,902.0887548262548,971143.3,1076.549613111013,516.5,GLYPHOSATE<br>METOLACHLOR & METOLACHLOR-S<br>GLUFOSINATE<br>ETHEPHON<br>ACETOCHLOR,516.5,05093,"Mississippi County, Arkansas(6)"
05095,05,095,Monroe County,Arkansas,607.4581308880308,321998.2,530.0747222352219,482.5,METOLACHLOR & METOLACHLOR-S<br>GLYPHOSATE<br>PROPANIL<br>ATRAZINE<br>GLUFOSINATE,482.5,05095,"Monroe County, Arkansas(6)"
05097,05,097,Montgomery County,Arkansas,780.4493768339769,11099.3,14.221678342580224,434.9,"2,4-D<br>DICAMBA<br>PICLORAM<br>GLYPHOSATE<br>AMINOPYRALID",434.9,05097,"Montgomery County, Arkansas(6)"
05099,05,099,Nevada County,Arkansas,617.7867988416989,12904.9,20.88892158944746,407.5,"2,4-D<br>PENDIMETHALIN<br>PICLORAM<br>TRICLOPYR<br>GLYPHOSATE",407.5,05099,"Nevada County, Arkansas(6)"
05101,05,101,Newton County,Arkansas,821.0719397683398,11376.8,13.856033130556003,412.7,"2,4-D<br>TRICLOPYR<br>AMINOPYRALID<br>GLYPHOSATE<br>DICAMBA",412.7,05101,"Newton County, Arkansas(6)"
05103,05,103,Ouachita County,Arkansas,732.7180227799228,3226.1,4.402921587434437,488.6,"2,4-D<br>PENDIMETHALIN<br>PICLORAM<br>TRICLOPYR<br>GLYPHOSATE",488.6,05103,"Ouachita County, Arkansas(6)"
05105,05,105,Perry County,Arkansas,551.333355984556,12162.6,22.06033766681931,407.4,"2,4-D<br>GLYPHOSATE<br>METOLACHLOR & METOLACHLOR-S<br>ATRAZINE<br>GLUFOSINATE",407.4,05105,"Perry County, Arkansas(6)"
05107,05,107,Phillips County,Arkansas,690.356816988417,553918.4,802.3653658066128,457.7,METOLACHLOR & METOLACHLOR-S<br>GLYPHOSATE<br>GLUFOSINATE<br>ATRAZINE<br>FOMESAFEN,457.7,05107,"Phillips County, Arkansas(6)"
05109,05,109,Pike County,Arkansas,600.3325196911197,10638.3,17.72067920870515,422.2,"2,4-D<br>DICAMBA<br>PICLORAM<br>AMINOPYRALID<br>GLYPHOSATE",422.2,05109,"Pike County, Arkansas(6)"
05111,05,111,Poinsett County,Arkansas,758.2916606177606,672726.1,887.1600927958873,559.5,GLYPHOSATE<br>METOLACHLOR & METOLACHLOR-S<br>PROPANIL<br>GLUFOSINATE<br>THIOBENCARB,559.5,05111,"Poinsett County, Arkansas(6)"
05113,05,113,Polk County,Arkansas,856.8342795366796,6487.8,7.571825911900002,403.9,"2,4-D<br>GLYPHOSATE<br>PICLORAM<br>TRICLOPYR<br>METSULFURON",403.9,05113,"Polk County, Arkansas(6)"
05115,05,115,Pope County,Arkansas,810.9482104247104,55848.2,68.86777636607785,448.8,"PROPANIL<br>METOLACHLOR & METOLACHLOR-S<br>CLOMAZONE<br>2,4-D<br>GLUFOSINATE",448.8,05115,"Pope County, Arkansas(6)"
05117,05,117,Prairie County,Arkansas,647.5134776061776,332216.1,513.0643785642656,412.2,METOLACHLOR & METOLACHLOR-S<br>GLYPHOSATE<br>PROPANIL<br>GLUFOSINATE<br>ATRAZINE,412.2,05117,"Prairie County, Arkansas(6)"
05119,05,119,Pulaski County,Arkansas,758.3653853281853,47895.7,63.156495439560395,444.5,"METOLACHLOR & METOLACHLOR-S<br>GLYPHOSATE<br>2,4-D<br>GLUFOSINATE<br>FOMESAFEN",444.5,05119,"Pulaski County, Arkansas(6)"
05121,05,121,Randolph County,Arkansas,651.9096501930502,118036.2,181.06220695620303,534.2,GLYPHOSATE<br>METOLACHLOR & METOLACHLOR-S<br>PROPANIL<br>THIOBENCARB<br>GLUFOSINATE,534.2,05121,"Randolph County, Arkansas(6)"
05123,05,123,St. Francis County,Arkansas,634.7810714285714,439488.8,692.3470465351666,453.7,METOLACHLOR & METOLACHLOR-S<br>GLYPHOSATE<br>GLUFOSINATE<br>PROPANIL<br>ATRAZINE,453.7,05123,"St. Francis County, Arkansas(6)"
05125,05,125,Saline County,Arkansas,723.5129749034749,4024.9,5.562996296696641,458.1,"2,4-D<br>GLYPHOSATE<br>AMINOPYRALID<br>TRICLOPYR<br>PICLORAM",458.1,05125,"Saline County, Arkansas(6)"
05127,05,127,Scott County,Arkansas,892.8458231660231,4233.9,4.742028119688827,476.5,"2,4-D<br>GLYPHOSATE<br>PICLORAM<br>TRICLOPYR<br>METSULFURON",476.5,05127,"Scott County, Arkansas(6)"
05129,05,129,Searcy County,Arkansas,665.8758691119691,14398.9,21.624000309851716,513.8,"2,4-D<br>TRICLOPYR<br>PICLORAM<br>AMINOPYRALID<br>GLYPHOSATE",513.8,05129,"Searcy County, Arkansas(6)"
05131,05,131,Sebastian County,Arkansas,531.1814308880308,8400.4,15.814558852247872,454.7,"2,4-D<br>METOLACHLOR & METOLACHLOR-S<br>GLYPHOSATE<br>PICLORAM<br>GLUFOSINATE",454.7,05131,"Sebastian County, Arkansas(6)"
05133,05,133,Sevier County,Arkansas,563.5663397683397,20605.5,36.562687559498535,376.6,"2,4-D<br>DICAMBA<br>PICLORAM<br>GLYPHOSATE<br>AMINOPYRALID",376.6,05133,"Sevier County, Arkansas(6)"
05135,05,135,Sharp County,Arkansas,604.6342563706563,9961.8,16.47574528740092,516.9,"2,4-D<br>TRICLOPYR<br>GLYPHOSATE<br>PICLORAM<br>AMINOPYRALID",516.9,05135,"Sharp County, Arkansas(6)"
05137,05,137,Stone County,Arkansas,606.4375633204634,8328.300000000001,13.733153260493246,424.2,"2,4-D<br>TRICLOPYR<br>PICLORAM<br>AMINOPYRALID<br>GLYPHOSATE",424.2,05137,"Stone County, Arkansas(6)"
05139,05,139,Union County,Arkansas,1039.0618073359074,3643.8,3.5068173753229237,464.3,"2,4-D<br>PENDIMETHALIN<br>PICLORAM<br>TRICLOPYR<br>GLYPHOSATE",464.3,05139,"Union County, Arkansas(6)"
05141,05,141,Van Buren County,Arkansas,709.5675625482626,7339.5,10.343623901918136,480.9,"2,4-D<br>TRICLOPYR<br>GLYPHOSATE<br>PICLORAM<br>AMINOPYRALID",480.9,05141,"Van Buren County, Arkansas(6)"
05143,05,143,Washington County,Arkansas,941.4583177606178,35129.8,37.31423828041675,391.8,"2,4-D<br>TRICLOPYR<br>GLYPHOSATE<br>AMINOPYRALID<br>ATRAZINE",391.8,05143,"Washington County, Arkansas(6)"
05145,05,145,White County,Arkansas,1033.9610343629345,98557.2,95.32003308105811,477.3,"GLYPHOSATE<br>METOLACHLOR & METOLACHLOR-S<br>GLUFOSINATE<br>2,4-D<br>PROPANIL",477.3,05145,"White County, Arkansas(6)"
05147,05,147,Woodruff County,Arkansas,585.9701571428571,375112.4,640.156150321746,539.3,METOLACHLOR & METOLACHLOR-S<br>GLYPHOSATE<br>PROPANIL<br>GLUFOSINATE<br>ATRAZINE,539.3,05147,"Woodruff County, Arkansas(6)"
05149,05,149,Yell County,Arkansas,930.3816969111969,20814.8,22.372323175642535,445.7,"METOLACHLOR & METOLACHLOR-S<br>2,4-D<br>GLYPHOSATE<br>GLUFOSINATE<br>ATRAZINE",445.7,05149,"Yell County, Arkansas(6)"
06001,06,001,Alameda County,California,737.4557915057915,21083.3,28.589239169104044,371.6,PETROLEUM DISTILLATE<br>SULFUR<br>METHYL BROMIDE<br>GLYPHOSATE<br>HYDROGEN PEROXIDE,371.6,06001,"Alameda County, California(7)"
06003,06,003,Alpine County,California,738.3369138996139,52.9,0.07164750807406117,268.5,GLYPHOSATE<br>CLETHODIM<br>TRICLOPYR<br>IMAZETHAPYR<br>AMINOPYRALID,268.5,06003,"Alpine County, California(7)"
06005,06,005,Amador County,California,594.5818849420849,34836,58.58907054222345,427.1,SULFUR<br>GLYPHOSATE<br>POTASSIUM BICARBONATE<br>PENDIMETHALIN<br>PETROLEUM DISTILLATE,427.1,06005,"Amador County, California(7)"
06007,06,007,Butte County,California,1636.5039185328185,946784.5,578.5409306253447,483.2,PROPANIL<br>COPPER HYDROXIDE<br>DICHLOROPROPENE<br>GLYPHOSATE<br>COPPER SULFATE,483.2,06007,"Butte County, California(7)"
06009,06,009,Calaveras County,California,1020.0114382239382,6769.5,6.636690282402296,416,SULFUR<br>COPPER HYDROXIDE<br>GLYPHOSATE<br>PROPARGITE<br>MANCOZEB,416,06009,"Calaveras County, California(7)"
06011,06,011,Colusa County,California,1150.6739193050194,933434,811.2063585866035,373.6,PROPANIL<br>THIOBENCARB<br>SULFUR<br>KAOLIN CLAY<br>GLYPHOSATE,373.6,06011,"Colusa County, California(7)"
06013,06,013,Contra Costa County,California,716.8941586872587,125825,175.51405388824,409.6,SULFUR<br>GLYPHOSATE<br>CALCIUM POLYSULFIDE<br>METHOMYL<br>METOLACHLOR & METOLACHLOR-S,409.6,06013,"Contra Costa County, California(7)"
06015,06,015,Del Norte County,California,1006.1968474903476,39254.8,39.01304212779952,342.4,METAM<br>COPPER HYDROXIDE<br>CHLOROTHALONIL<br>PHORATE<br>COPPER,342.4,06015,"Del Norte County, California(7)"
06017,06,017,El Dorado County,California,1707.8332135135136,19656,11.509320608399369,423.8,SULFUR<br>CALCIUM POLYSULFIDE<br>GLYPHOSATE<br>PETROLEUM DISTILLATE<br>MANCOZEB,423.8,06017,"El Dorado County, California(7)"
06019,06,019,Fresno County,California,5958.554482625483,11217048.3,1882.5116616299697,390.1,SULFUR<br>PETROLEUM OIL<br>METAM POTASSIUM<br>GLYPHOSATE<br>DICHLOROPROPENE,390.1,06019,"Fresno County, California(7)"
06021,06,021,Glenn County,California,1313.9699606177603,813218.7,618.9020482764057,487.2,PROPANIL<br>GLYPHOSATE<br>COPPER SULFATE<br>COPPER HYDROXIDE<br>ZIRAM,487.2,06021,"Glenn County, California(7)"
06023,06,023,Humboldt County,California,3568.0071965250963,565,0.1583516985476534,440.5,SULFUR<br>CALCIUM POLYSULFIDE<br>CAPTAN<br>IPRODIONE<br>CHLOROTHALONIL,440.5,06023,"Humboldt County, California(7)"
06025,06,025,Imperial County,California,4175.508971814672,1697209.7,406.4677411679454,363.7,SULFUR<br>DICHLOROPROPENE<br>PENDIMETHALIN<br>KAOLIN CLAY<br>EPTC,363.7,06025,"Imperial County, California(7)"
06027,06,027,Inyo County,California,10197.213533590731,907.8,0.08902431992912653,345.4,GLYPHOSATE<br>PARAQUAT<br>PENDIMETHALIN<br>DIURON<br>DIMETHENAMID & DIMETHENAMID-P,345.4,06027,"Inyo County, California(7)"
06029,06,029,Kern County,California,8134.635655598456,8332552.4,1024.3301301718825,402.5,SULFUR<br>METAM POTASSIUM<br>PETROLEUM OIL<br>DICHLOROPROPENE<br>METAM,402.5,06029,"Kern County, California(7)"
06031,06,031,Kings County,California,1390.9659945945946,2371304.3,1704.7895557584286,364.6,SULFUR<br>GLYPHOSATE<br>KAOLIN CLAY<br>PETROLEUM OIL<br>METAM POTASSIUM,364.6,06031,"Kings County, California(7)"
06033,06,033,Lake County,California,1255.0940015444016,209721.5,167.09624915897638,419.7,SULFUR<br>CALCIUM POLYSULFIDE<br>GLYPHOSATE<br>PETROLEUM DISTILLATE<br>MANCOZEB,419.7,06033,"Lake County, California(7)"
06035,06,035,Lassen County,California,4541.347737451738,29980.9,6.601762677795518,331.2,"METHYL BROMIDE<br>CHLOROPICRIN<br>2,4-D<br>GLYPHOSATE<br>THIRAM",331.2,06035,"Lassen County, California(7)"
06037,06,037,Los Angeles County,California,4060.234916216216,243627.1,60.003203023296784,369.1,METAM POTASSIUM<br>SULFUR<br>GLYPHOSATE<br>METOLACHLOR & METOLACHLOR-S<br>PENDIMETHALIN,369.1,06037,"Los Angeles County, California(7)"
06039,06,039,Madera County,California,2136.6989833976836,2983258.7,1396.1998031450153,393.9,SULFUR<br>GLYPHOSATE<br>DICHLOROPROPENE<br>PETROLEUM OIL<br>GLUFOSINATE,393.9,06039,"Madera County, California(7)"
06041,06,041,Marin County,California,520.1382382239382,3866.8,7.4341775240435295,443.4,KAOLIN CLAY<br>SULFUR<br>MYROTHECIUM VERRUCARIA<br>COPPER OXYCHLORIDE<br>COPPER HYDROXIDE,443.4,06041,"Marin County, California(7)"
06043,06,043,Mariposa County,California,1448.8328127413126,164.1,0.11326358607899632,402.9,TRICLOPYR<br>PETROLEUM OIL<br>GLYPHOSATE<br>CUPROUS OXIDE<br>SULFUR,402.9,06043,"Mariposa County, California(7)"
06045,06,045,Mendocino County,California,3506.790586100386,266559.1,76.01226633165412,404.7,SULFUR<br>PETROLEUM DISTILLATE<br>CALCIUM POLYSULFIDE<br>GLYPHOSATE<br>MANCOZEB,404.7,06045,"Mendocino County, California(7)"
06047,06,047,Merced County,California,1937.9950332046333,3095391.9,1597.213536136631,378.9,SULFUR<br>DICHLOROPROPENE<br>METAM POTASSIUM<br>GLYPHOSATE<br>METHYL BROMIDE,378.9,06047,"Merced County, California(7)"
06049,06,049,Modoc County,California,3948.215051737451,45602.3,11.550105402676143,290.7,METAM<br>DICHLOROPROPENE<br>GLYPHOSATE<br>METRIBUZIN<br>PARAQUAT,290.7,06049,"Modoc County, California(7)"
06051,06,051,Mono County,California,3048.8900633204635,3524.5,1.155994452670282,291.4,DIURON<br>PENDIMETHALIN<br>PARAQUAT<br>GLYPHOSATE<br>HEXAZINONE,291.4,06051,"Mono County, California(7)"
06053,06,053,Monterey County,California,3281.702795752896,2729013.6,831.5846284227282,373.8,CHLOROPICRIN<br>SULFUR<br>PETROLEUM DISTILLATE<br>DICHLOROPROPENE<br>MANCOZEB,373.8,06053,"Monterey County, California(7)"
06055,06,055,Napa County,California,751.9717918918919,547251.5,727.7553571832335,416.2,SULFUR<br>KAOLIN CLAY<br>GLYPHOSATE<br>CALCIUM POLYSULFIDE<br>POTASSIUM BICARBONATE,416.2,06055,"Napa County, California(7)"
06057,06,057,Nevada County,California,957.7557142857142,8633,9.013780728458942,400.9,SULFUR<br>GLYPHOSATE<br>PETROLEUM DISTILLATE<br>POTASSIUM BICARBONATE<br>PENDIMETHALIN,400.9,06057,"Nevada County, California(7)"
06059,06,059,Orange County,California,792.8632899613899,44199.7,55.7469371575425,407.8,CHLOROPICRIN<br>DICHLOROPROPENE<br>PETROLEUM OIL<br>GLYPHOSATE<br>CAPTAN,407.8,06059,"Orange County, California(7)"
06061,06,061,Placer County,California,1407.0668918918918,100914.5,71.71976014893932,436.1,COPPER SULFATE<br>DICHLOROPROPENE<br>PROPANIL<br>CHLOROPICRIN<br>GLYPHOSATE,436.1,06061,"Placer County, California(7)"
06063,06,063,Plumas County,California,2553.050490733591,768,0.30081661243578606,360.1,"METRIBUZIN<br>2,4-D<br>CHLORPYRIFOS<br>PARAQUAT<br>GLYPHOSATE",360.1,06063,"Plumas County, California(7)"
06065,06,065,Riverside County,California,7209.221032432432,785821.4,109.0022620286979,397.8,METAM<br>SULFUR<br>KAOLIN CLAY<br>GLYPHOSATE<br>CYANAMIDE,397.8,06065,"Riverside County, California(7)"
06067,06,067,Sacramento County,California,965.2752915057916,1826055.5,1891.745822221788,406.9,SULFUR<br>GLYPHOSATE<br>DICHLOROPROPENE<br>MANCOZEB<br>CALCIUM POLYSULFIDE,406.9,06067,"Sacramento County, California(7)"
06069,06,069,San Benito County,California,1388.6452073359071,186654.2,134.41460713935203,396.9,METAM POTASSIUM<br>SULFUR<br>PETROLEUM DISTILLATE<br>BURKHOLDERIA CEPACIA<br>BENSULIDE,396.9,06069,"San Benito County, California(7)"
06071,06,071,San Bernardino County,California,20068.07387915058,17764.5,0.8852120092330414,398.6,"GLYPHOSATE<br>COPPER HYDROXIDE<br>2,4-D<br>DIURON<br>BENSULIDE",398.6,06071,"San Bernardino County, California(7)"
06073,06,073,San Diego County,California,4210.442637451737,145891.9,34.65001487071614,426.1,CHLOROPICRIN<br>GLYPHOSATE<br>SULFUR<br>KAOLIN CLAY<br>METAM,426.1,06073,"San Diego County, California(7)"
06075,06,075,San Francisco County,California,46.68476795366795,47.5,1.0174624847046712,384.5,"2,4-D<br>NEEM OIL<br>MECOPROP<br>BACILLUS THURINGIENSIS<br>PIPERONYL BUTOXIDE",384.5,06075,"San Francisco County, California(7)"
06077,06,077,San Joaquin County,California,1392.23121003861,4813361.100000001,3457.3000987864034,396.2,SULFUR<br>DICHLOROPROPENE<br>GLYPHOSATE<br>KAOLIN CLAY<br>METAM POTASSIUM,396.2,06077,"San Joaquin County, California(7)"
06079,06,079,San Luis Obispo County,California,3300.8265891891892,1016242.2,307.8750647878259,455.6,SULFUR<br>CHLOROPICRIN<br>DICHLOROPROPENE<br>METAM POTASSIUM<br>GLYPHOSATE,455.6,06079,"San Luis Obispo County, California(7)"
06081,06,081,San Mateo County,California,448.61817413127415,30102.6,67.10071445119699,398.8,METAM POTASSIUM<br>DICHLOROPROPENE<br>QUINTOZENE<br>CHLOROTHALONIL<br>DAMINOZIDE,398.8,06081,"San Mateo County, California(7)"
06083,06,083,Santa Barbara County,California,2733.928546332046,1848339.1,676.074399413185,452.3,CHLOROPICRIN<br>SULFUR<br>DICHLOROPROPENE<br>METAM POTASSIUM<br>CAPTAN,452.3,06083,"Santa Barbara County, California(7)"
06085,06,085,Santa Clara County,California,1291.077798841699,188337,145.8757947576576,384,METAM POTASSIUM<br>CHLOROPICRIN<br>DICHLOROPROPENE<br>SULFUR<br>KAOLIN CLAY,384,06085,"Santa Clara County, California(7)"
06087,06,087,Santa Cruz County,California,445.1035088803089,455962.2,1024.395878493537,463.9,CHLOROPICRIN<br>DICHLOROPROPENE<br>SULFUR<br>CALCIUM POLYSULFIDE<br>METAM POTASSIUM,463.9,06087,"Santa Cruz County, California(7)"
06089,06,089,Shasta County,California,3775.633700772201,36905.9,9.774756484574212,461.4,"COPPER SULFATE<br>COPPER HYDROXIDE<br>2,4-D<br>GLYPHOSATE<br>MANCOZEB",461.4,06089,"Shasta County, California(7)"
06091,06,091,Sierra County,California,953.1639297297296,121.6,0.1275751171516528,259.6,GLYPHOSATE<br>METRIBUZIN<br>CLETHODIM<br>AMINOPYRALID<br>IMAZETHAPYR,259.6,06091,"Sierra County, California(7)"
06093,06,093,Siskiyou County,California,6278.73791042471,133569.4,21.273288024689187,357.4,METAM<br>DICHLOROPROPENE<br>SULFUR<br>CAPTAN<br>PARAQUAT,357.4,06093,"Siskiyou County, California(7)"
06095,06,095,Solano County,California,821.7325918918918,447731.1,544.8622878267241,417.6,SULFUR<br>GLYPHOSATE<br>PENDIMETHALIN<br>DICHLOROPROPENE<br>METOLACHLOR & METOLACHLOR-S,417.6,06095,"Solano County, California(7)"
06097,06,097,Sonoma County,California,1575.3295810810812,976022.6,619.5672395932523,435.6,SULFUR<br>PETROLEUM DISTILLATE<br>GLYPHOSATE<br>KAOLIN CLAY<br>CALCIUM POLYSULFIDE,435.6,06097,"Sonoma County, California(7)"
06099,06,099,Stanislaus County,California,1496.1432305019305,2352585.5,1572.4333419673649,423.6,DICHLOROPROPENE<br>METAM POTASSIUM<br>SULFUR<br>GLYPHOSATE<br>COPPER HYDROXIDE,423.6,06099,"Stanislaus County, California(7)"
06101,06,101,Sutter County,California,602.6932432432433,978979.3,1624.3409246333465,415.3,PROPANIL<br>DICHLOROPROPENE<br>SULFUR<br>COPPER SULFATE<br>KAOLIN CLAY,415.3,06101,"Sutter County, California(7)"
06103,06,103,Tehama County,California,2949.123311969112,300119.9,101.76580232571278,448.6,COPPER HYDROXIDE<br>KAOLIN CLAY<br>GLYPHOSATE<br>MANCOZEB<br>ZIRAM,448.6,06103,"Tehama County, California(7)"
06105,06,105,Trinity County,California,3179.2529266409265,1.6,5.032628849981109e-4,300.4,COPPER HYDROXIDE<br>PHOSMET<br>SPINOSYN,300.4,06105,"Trinity County, California(7)"
06107,06,107,Tulare County,California,4823.8778571428575,3559502.8,737.8923980691882,361.7,SULFUR<br>PETROLEUM OIL<br>GLYPHOSATE<br>COPPER SULFATE TRIBASIC<br>CALCIUM POLYSULFIDE,361.7,06107,"Tulare County, California(7)"
06109,06,109,Tuolumne County,California,2220.9015984555986,265.2,0.1194109636304546,421.2,SULFUR<br>PETROLEUM DISTILLATE<br>GLYPHOSATE<br>CALCIUM POLYSULFIDE<br>POTASSIUM BICARBONATE,421.2,06109,"Tuolumne County, California(7)"
06111,06,111,Ventura County,California,1840.7710517374517,1713202.2,930.6981432497848,434.4,CHLOROPICRIN<br>METAM<br>DICHLOROPROPENE<br>SULFUR<br>GLYPHOSATE,434.4,06111,"Ventura County, California(7)"
06113,06,113,Yolo County,California,1012.983757915058,1624783.5,1603.9580963708238,413.8,SULFUR<br>GLYPHOSATE<br>KAOLIN CLAY<br>PROPANIL<br>THIOBENCARB,413.8,06113,"Yolo County, California(7)"
06115,06,115,Yuba County,California,632.0030359073359,317864,502.9469511070595,447.3,PROPANIL<br>COPPER SULFATE<br>COPPER HYDROXIDE<br>DICHLOROPROPENE<br>SULFUR,447.3,06115,"Yuba County, California(7)"
08001,08,001,Adams County,Colorado,1166.7864857142856,214611.1,183.9334810846896,402.7,"GLYPHOSATE<br>2,4-D<br>ATRAZINE<br>DICAMBA<br>METOLACHLOR & METOLACHLOR-S",402.7,08001,"Adams County, Colorado(6)"
08003,08,003,Alamosa County,Colorado,722.6420957528958,101016.5,139.78773253550142,337.3,SULFURIC ACID<br>METOLACHLOR & METOLACHLOR-S<br>GLYPHOSATE<br>MCPA<br>CHLOROTHALONIL,337.3,08003,"Alamosa County, Colorado(6)"
08005,08,005,Arapahoe County,Colorado,797.882905019305,40771.4,51.09947806064792,393.1,"GLYPHOSATE<br>2,4-D<br>ATRAZINE<br>DICAMBA<br>CHLORPYRIFOS",393.1,08005,"Arapahoe County, Colorado(6)"
08007,08,007,Archuleta County,Colorado,1350.0819166023166,1222.9,0.9057968890344156,311.9,"CHLOROPICRIN<br>GLYPHOSATE<br>2,4-D<br>CHLORPYRIFOS<br>DICAMBA",311.9,08007,"Archuleta County, Colorado(6)"
08009,08,009,Baca County,Colorado,2554.9809135135133,336422.5,131.6731949818617,384.2,"GLYPHOSATE<br>2,4-D<br>ATRAZINE<br>METOLACHLOR & METOLACHLOR-S<br>DICAMBA",384.2,08009,"Baca County, Colorado(6)"
08011,08,011,Bent County,Colorado,1512.8398239382238,37342.6,24.683776437607097,304.8,"GLYPHOSATE<br>METOLACHLOR & METOLACHLOR-S<br>ATRAZINE<br>2,4-D<br>DICAMBA",304.8,08011,"Bent County, Colorado(6)"
08013,08,013,Boulder County,Colorado,726.4047888030888,11488.4,15.81542437093464,390.5,"GLYPHOSATE<br>METOLACHLOR & METOLACHLOR-S<br>ATRAZINE<br>2,4-D<br>CHLORPYRIFOS",390.5,08013,"Boulder County, Colorado(6)"
08014,08,014,Broomfield County,Colorado,32.96800617760618,3025.7999999999997,91.77989059148206,391.3,"GLYPHOSATE<br>2,4-D<br>ATRAZINE<br>DICAMBA<br>METOLACHLOR & METOLACHLOR-S",391.3,08014,"Broomfield County, Colorado(6)"
08015,08,015,Chaffee County,Colorado,1013.4037416988416,166322.6,164.12274117044552,413.5,SULFURIC ACID<br>METAM<br>METAM POTASSIUM<br>DICHLOROPROPENE<br>METOLACHLOR & METOLACHLOR-S,413.5,08015,"Chaffee County, Colorado(6)"
08017,08,017,Cheyenne County,Colorado,1778.2679374517377,293297,164.93408772825052,525.9,"GLYPHOSATE<br>ATRAZINE<br>2,4-D<br>DICAMBA<br>METOLACHLOR & METOLACHLOR-S",525.9,08017,"Cheyenne County, Colorado(6)"
08019,08,019,Clear Creek County,Colorado,395.071061003861,48.400000000000006,0.12250960593523956,286.6,"GLYPHOSATE<br>2,4-D<br>ATRAZINE<br>DICAMBA<br>PARAQUAT",286.6,08019,"Clear Creek County, Colorado(6)"
08021,08,021,Conejos County,Colorado,1287.422352895753,101973,79.20710695339085,277.4,SULFURIC ACID<br>GLYPHOSATE<br>METOLACHLOR & METOLACHLOR-S<br>MCPA<br>CHLOROTHALONIL,277.4,08021,"Conejos County, Colorado(6)"
08023,08,023,Costilla County,Colorado,1227.5877633204634,98556.9,80.28501337730556,317.9,SULFURIC ACID<br>METOLACHLOR & METOLACHLOR-S<br>GLYPHOSATE<br>CHLOROTHALONIL<br>MCPA,317.9,08023,"Costilla County, Colorado(6)"
08025,08,025,Crowley County,Colorado,787.4238915057915,7886.7,10.015825129357273,298.6,"GLYPHOSATE<br>ATRAZINE<br>2,4-D<br>DICAMBA<br>METOLACHLOR & METOLACHLOR-S",298.6,08025,"Crowley County, Colorado(6)"
08027,08,027,Custer County,Colorado,738.622388030888,1482.6,2.007250286513113,323.3,"GLYPHOSATE<br>2,4-D<br>DICAMBA<br>ATRAZINE<br>CHLORPYRIFOS",323.3,08027,"Custer County, Colorado(6)"
08029,08,029,Delta County,Colorado,1142.120072972973,13080.8,11.45308650950358,390.8,GLYPHOSATE<br>PETROLEUM OIL<br>SULFUR<br>CHLORPYRIFOS<br>CHLOROPICRIN,390.8,08029,"Delta County, Colorado(6)"
08031,08,031,Denver County,Colorado,153.07341505791507,10137.6,66.22704534399037,404.1,"GLYPHOSATE<br>2,4-D<br>METOLACHLOR & METOLACHLOR-S<br>CHLORPYRIFOS<br>PYRIMETHANIL",404.1,08031,"Denver County, Colorado(6)"
08033,08,033,Dolores County,Colorado,1067.165447104247,4820.8,4.517387639452944,343.2,"GLYPHOSATE<br>CHLOROPICRIN<br>2,4-D<br>DICAMBA<br>CHLORPYRIFOS",343.2,08033,"Dolores County, Colorado(6)"
08035,08,035,Douglas County,Colorado,840.88391003861,6517,7.750178023623696,398.6,"GLYPHOSATE<br>METOLACHLOR & METOLACHLOR-S<br>2,4-D<br>PYRIMETHANIL<br>ATRAZINE",398.6,08035,"Douglas County, Colorado(6)"
08037,08,037,Eagle County,Colorado,1684.4624351351351,1071.5,0.6361079817811666,314.2,"GLYPHOSATE<br>2,4-D<br>ATRAZINE<br>DICAMBA<br>SULFURIC ACID",314.2,08037,"Eagle County, Colorado(6)"
08039,08,039,Elbert County,Colorado,1850.077285328185,48669.5,26.306738851380754,381.9,"GLYPHOSATE<br>2,4-D<br>ATRAZINE<br>DICAMBA<br>METOLACHLOR & METOLACHLOR-S",381.9,08039,"Elbert County, Colorado(6)"
08041,08,041,El Paso County,Colorado,2126.4062714285715,10245.5,4.818223186069153,389.4,"GLYPHOSATE<br>2,4-D<br>CHLORPYRIFOS<br>DICAMBA<br>ATRAZINE",389.4,08041,"El Paso County, Colorado(6)"
08043,08,043,Fremont County,Colorado,1533.8276687258688,3040.9,1.9825564905384951,386.8,"METOLACHLOR & METOLACHLOR-S<br>GLYPHOSATE<br>PYRIMETHANIL<br>2,4-D<br>ATRAZINE",386.8,08043,"Fremont County, Colorado(6)"
08045,08,045,Garfield County,Colorado,2947.4118366795365,171423.2,58.16058613414545,391.1,SULFURIC ACID<br>METAM<br>METAM POTASSIUM<br>DICHLOROPROPENE<br>GLYPHOSATE,391.1,08045,"Garfield County, Colorado(6)"
08047,08,047,Gilpin County,Colorado,150.02191583011583,165925.3,1106.007072912554,268.9,SULFURIC ACID<br>METAM<br>METAM POTASSIUM<br>DICHLOROPROPENE<br>METOLACHLOR & METOLACHLOR-S,268.9,08047,"Gilpin County, Colorado(6)"
08049,08,049,Grand County,Colorado,1846.43891003861,329.5,0.1784516120238768,296.3,"GLYPHOSATE<br>2,4-D<br>DICAMBA<br>ATRAZINE<br>PARAQUAT",296.3,08049,"Grand County, Colorado(6)"
08051,08,051,Gunnison County,Colorado,3239.125154054054,317,0.09786593136212914,334.7,"2,4-D<br>CHLOROPICRIN<br>METAM<br>DICAMBA<br>GLYPHOSATE",334.7,08051,"Gunnison County, Colorado(6)"
08053,08,053,Hinsdale County,Colorado,1117.225664864865,15.6,0.01396315936036692,182.3,"GLYPHOSATE<br>2,4-D<br>DICAMBA<br>AMINOPYRALID<br>ATRAZINE",182.3,08053,"Hinsdale County, Colorado(6)"
08055,08,055,Huerfano County,Colorado,1591.0256003861005,4745.1,2.9824158698945435,391.3,METOLACHLOR & METOLACHLOR-S<br>GLYPHOSATE<br>PYRIMETHANIL<br>FLUOPYRAM<br>BIFENTHRIN,391.3,08055,"Huerfano County, Colorado(6)"
08057,08,057,Jackson County,Colorado,1613.7182359073358,166584.1,103.22997924500478,526.8,SULFURIC ACID<br>METAM<br>METAM POTASSIUM<br>DICHLOROPROPENE<br>METOLACHLOR & METOLACHLOR-S,526.8,08057,"Jackson County, Colorado(6)"
08059,08,059,Jefferson County,Colorado,764.3869023166023,4793.3,6.270777253604297,401.9,"GLYPHOSATE<br>2,4-D<br>DICAMBA<br>METOLACHLOR & METOLACHLOR-S<br>ATRAZINE",401.9,08059,"Jefferson County, Colorado(6)"
08061,08,061,Kiowa County,Colorado,1767.8006123552125,261141.2,147.72095799428746,475.6,"GLYPHOSATE<br>2,4-D<br>ATRAZINE<br>DICAMBA<br>METOLACHLOR & METOLACHLOR-S",475.6,08061,"Kiowa County, Colorado(6)"
08063,08,063,Kit Carson County,Colorado,2160.8115644787645,578795.5,267.8602380303431,333.7,"GLYPHOSATE<br>ATRAZINE<br>2,4-D<br>DICAMBA<br>METOLACHLOR & METOLACHLOR-S",333.7,08063,"Kit Carson County, Colorado(6)"
08065,08,065,Lake County,Colorado,376.9173227799227,5,0.01326550863495185,311.6,"2,4-D<br>DICAMBA<br>METSULFURON<br>AMINOPYRALID<br>CHLORSULFURON",311.6,08065,"Lake County, Colorado(6)"
08067,08,067,La Plata County,Colorado,1689.673850965251,3636.3,2.152072127956949,372.7,"GLYPHOSATE<br>2,4-D<br>CHLORPYRIFOS<br>DICAMBA<br>CHLOROPICRIN",372.7,08067,"La Plata County, Colorado(6)"
08069,08,069,Larimer County,Colorado,2595.733588803089,35829.700000000004,13.803304065777157,424.2,"GLYPHOSATE<br>METOLACHLOR & METOLACHLOR-S<br>ATRAZINE<br>2,4-D<br>DICAMBA",424.2,08069,"Larimer County, Colorado(6)"
08071,08,071,Las Animas County,Colorado,4772.91607992278,12170.5,2.5499086504359623,362.2,"GLYPHOSATE<br>2,4-D<br>ATRAZINE<br>DICAMBA<br>METOLACHLOR & METOLACHLOR-S",362.2,08071,"Las Animas County, Colorado(6)"
08073,08,073,Lincoln County,Colorado,2577.7179725868727,165374.80000000002,64.15550566768866,408.5,"GLYPHOSATE<br>2,4-D<br>ATRAZINE<br>DICAMBA<br>METOLACHLOR & METOLACHLOR-S",408.5,08073,"Lincoln County, Colorado(6)"
08075,08,075,Logan County,Colorado,1838.5905436293435,235566,128.12314346782026,331.1,"GLYPHOSATE<br>ATRAZINE<br>METOLACHLOR & METOLACHLOR-S<br>2,4-D<br>DICAMBA",331.1,08075,"Logan County, Colorado(6)"
08077,08,077,Mesa County,Colorado,3328.7058154440156,15121.1,4.542636339277401,421.5,GLYPHOSATE<br>SULFUR<br>CHLOROPICRIN<br>CHLORPYRIFOS<br>SULFURIC ACID,421.5,08077,"Mesa County, Colorado(6)"
08079,08,079,Mineral County,Colorado,875.7564,77.2,0.0881523674848394,207.4,"GLYPHOSATE<br>2,4-D<br>BROMOXYNIL<br>CHLORPYRIFOS<br>CLETHODIM",207.4,08079,"Mineral County, Colorado(6)"
08081,08,081,Moffat County,Colorado,4743.221550965251,9581.4,2.020019494566973,381.1,"GLYPHOSATE<br>2,4-D<br>ATRAZINE<br>DICAMBA<br>CHLORPYRIFOS",381.1,08081,"Moffat County, Colorado(6)"
08083,08,083,Montezuma County,Colorado,2029.3397903474904,10026.6,4.9408187074886625,328.6,"GLYPHOSATE<br>2,4-D<br>CHLORPYRIFOS<br>DICAMBA<br>SULFURIC ACID",328.6,08083,"Montezuma County, Colorado(6)"
08085,08,085,Montrose County,Colorado,2240.9357386100387,13772.5,6.145870121444233,386.9,"GLYPHOSATE<br>2,4-D<br>CHLORPYRIFOS<br>CHLOROPICRIN<br>DICAMBA",386.9,08085,"Montrose County, Colorado(6)"
08087,08,087,Morgan County,Colorado,1280.479338610039,99030.7,77.33877229717575,355.6,"GLYPHOSATE<br>ATRAZINE<br>METOLACHLOR & METOLACHLOR-S<br>2,4-D<br>MANCOZEB",355.6,08087,"Morgan County, Colorado(6)"
08089,08,089,Otero County,Colorado,1261.9398876447876,23918.5,18.953755431758417,396,"GLYPHOSATE<br>2,4-D<br>ATRAZINE<br>METOLACHLOR & METOLACHLOR-S<br>DICAMBA",396,08089,"Otero County, Colorado(6)"
08091,08,091,Ouray County,Colorado,540.6689667953668,211.1,0.39044223538706896,375.1,"GLYPHOSATE<br>SULFURIC ACID<br>CHLORPYRIFOS<br>2,4-D<br>METAM",375.1,08091,"Ouray County, Colorado(6)"
08093,08,093,Park County,Colorado,2193.5002320463323,134,0.06108957639589143,349.1,"2,4-D<br>DICAMBA<br>GLYPHOSATE<br>ATRAZINE<br>METSULFURON",349.1,08093,"Park County, Colorado(6)"
08095,08,095,Phillips County,Colorado,687.9247007722008,244557.1,355.4998093911772,371.7,"GLYPHOSATE<br>ATRAZINE<br>METOLACHLOR & METOLACHLOR-S<br>DICAMBA<br>2,4-D",371.7,08095,"Phillips County, Colorado(6)"
08097,08,097,Pitkin County,Colorado,970.696872972973,72.5,0.07468860982105853,294.5,"2,4-D<br>GLYPHOSATE<br>DICAMBA<br>ATRAZINE<br>PARAQUAT",294.5,08097,"Pitkin County, Colorado(6)"
08099,08,099,Prowers County,Colorado,1638.3995536679536,244497.7,149.22959387570194,445.5,"GLYPHOSATE<br>2,4-D<br>ATRAZINE<br>METOLACHLOR & METOLACHLOR-S<br>DICAMBA",445.5,08099,"Prowers County, Colorado(6)"
08101,08,101,Pueblo County,Colorado,2386.580244787645,30241.8,12.671604093786035,430.6,"METOLACHLOR & METOLACHLOR-S<br>GLYPHOSATE<br>ATRAZINE<br>2,4-D<br>PYRIMETHANIL",430.6,08101,"Pueblo County, Colorado(6)"
08103,08,103,Rio Blanco County,Colorado,3220.9556034749035,7019.5,2.179322183896936,361.5,"GLYPHOSATE<br>ATRAZINE<br>2,4-D<br>CHLORPYRIFOS<br>DICAMBA",361.5,08103,"Rio Blanco County, Colorado(6)"
08105,08,105,Rio Grande County,Colorado,911.952155984556,101944.3,111.78689510299972,341.3,SULFURIC ACID<br>MCPA<br>METOLACHLOR & METOLACHLOR-S<br>GLYPHOSATE<br>CHLOROTHALONIL,341.3,08105,"Rio Grande County, Colorado(6)"
08107,08,107,Routt County,Colorado,2362.008805019305,168009.4,71.1298787891804,398.5,SULFURIC ACID<br>METAM<br>METAM POTASSIUM<br>DICHLOROPROPENE<br>METOLACHLOR & METOLACHLOR-S,398.5,08107,"Routt County, Colorado(6)"
08109,08,109,Saguache County,Colorado,3168.5512355212354,674971.7,213.02218264081984,262.9,SULFURIC ACID<br>METOLACHLOR & METOLACHLOR-S<br>CHLOROTHALONIL<br>EPTC<br>METRIBUZIN,262.9,08109,"Saguache County, Colorado(6)"
08111,08,111,San Juan County,Colorado,387.51377258687256,NA,NA,NA,NA,*,08111,"San Juan County, Colorado(6)"
08113,08,113,San Miguel County,Colorado,1286.7191486486486,166578,129.45948630277653,333.3,SULFURIC ACID<br>METAM<br>METAM POTASSIUM<br>DICHLOROPROPENE<br>METOLACHLOR & METOLACHLOR-S,333.3,08113,"San Miguel County, Colorado(6)"
08115,08,115,Sedgwick County,Colorado,548.0382332046332,113976.8,207.972351369584,352.1,"GLYPHOSATE<br>ATRAZINE<br>METOLACHLOR & METOLACHLOR-S<br>2,4-D<br>DICAMBA",352.1,08115,"Sedgwick County, Colorado(6)"
08117,08,117,Summit County,Colorado,608.3255671814671,7.8,0.01282208149846382,287.5,"2,4-D<br>DICAMBA<br>METSULFURON<br>2,4-DB<br>ALPHA CYPERMETHRIN",287.5,08117,"Summit County, Colorado(6)"
08119,08,119,Teller County,Colorado,557.1382911196911,971.2,1.7431937733954015,387.2,METAM<br>SULFURIC ACID<br>CHLOROPICRIN<br>METAM POTASSIUM<br>DICHLOROPROPENE,387.2,08119,"Teller County, Colorado(6)"
08121,08,121,Washington County,Colorado,2518.0721223938226,395965.5,157.2494673518615,348.2,"GLYPHOSATE<br>ATRAZINE<br>2,4-D<br>DICAMBA<br>METOLACHLOR & METOLACHLOR-S",348.2,08121,"Washington County, Colorado(6)"
08123,08,123,Weld County,Colorado,3984.9392953667952,212829.9,53.40856766562362,411.3,"GLYPHOSATE<br>ATRAZINE<br>METOLACHLOR & METOLACHLOR-S<br>2,4-D<br>DICAMBA",411.3,08123,"Weld County, Colorado(6)"
08125,08,125,Yuma County,Colorado,2364.387655984556,464388.6,196.40967031128557,309.5,"GLYPHOSATE<br>ATRAZINE<br>METOLACHLOR & METOLACHLOR-S<br>DICAMBA<br>2,4-D",309.5,08125,"Yuma County, Colorado(6)"
09110,09,110,Capitol Planning Region,Connecticut,1027.3494891891892,NA,NA,NA,NA,NA,NA,NA
09120,09,120,Greater Bridgeport Planning Region,Connecticut,140.18064324324325,NA,NA,NA,NA,NA,NA,NA
09130,09,130,Lower Connecticut River Valley Planning Region,Connecticut,424.1154976833977,NA,NA,NA,NA,NA,NA,NA
09140,09,140,Naugatuck Valley Planning Region,Connecticut,412.7823783783784,NA,NA,NA,NA,NA,NA,NA
09150,09,150,Northeastern Connecticut Planning Region,Connecticut,553.8923787644787,NA,NA,NA,NA,NA,NA,NA
09160,09,160,Northwest Hills Planning Region,Connecticut,786.6381729729729,NA,NA,NA,NA,NA,NA,NA
09170,09,170,South Central Connecticut Planning Region,Connecticut,367.24994247104246,NA,NA,NA,NA,NA,NA,NA
09180,09,180,Southeastern Connecticut Planning Region,Connecticut,598.1360208494209,NA,NA,NA,NA,NA,NA,NA
09190,09,190,Western Connecticut Planning Region,Connecticut,532.1263285714285,NA,NA,NA,NA,NA,NA,NA
10001,10,001,Kent County,Delaware,586.0583382239382,118406.2,202.0382482038092,498.2,"GLYPHOSATE<br>ATRAZINE<br>SIMAZINE<br>2,4-D<br>PARAQUAT",498.2,10001,"Kent County, Delaware(6)"
10003,10,003,New Castle County,Delaware,426.336177992278,53021.6,124.3657065410019,451.9,GLYPHOSATE<br>ATRAZINE<br>METOLACHLOR & METOLACHLOR-S<br>SIMAZINE<br>PARAQUAT,451.9,10003,"New Castle County, Delaware(6)"
10005,10,005,Sussex County,Delaware,936.1353057915056,179923.8,192.1984983227118,461.1,GLYPHOSATE<br>ATRAZINE<br>SIMAZINE<br>PENDIMETHALIN<br>METOLACHLOR & METOLACHLOR-S,461.1,10005,"Sussex County, Delaware(6)"
11001,11,001,District of Columbia,District of Columbia,61.12593861003861,NA,NA,426.9,NA,426.9,11001,District of Columbia(6)
12001,12,001,Alachua County,Florida,875.6420826254827,140830.8,160.8314661827807,447.1,"PETROLEUM OIL<br>DICHLOROPROPENE<br>DECAN-1-OL<br>2,4-D<br>GLYPHOSATE",447.1,12001,"Alachua County, Florida(6)"
12003,12,003,Baker County,Florida,585.2273996138996,17314.4,29.585764459119783,479.6,"METAM<br>MALATHION<br>COPPER HYDROXIDE<br>CHLOROTHALONIL<br>2,4-D",479.6,12003,"Baker County, Florida(6)"
12005,12,005,Bay County,Florida,758.6183258687258,38988.7,51.39435559423429,480.3,METAM<br>DICHLOROPROPENE<br>CHLOROPICRIN<br>CHLOROTHALONIL<br>MANCOZEB,480.3,12005,"Bay County, Florida(6)"
12007,12,007,Bradford County,Florida,293.96468687258687,120216,408.9470789125948,472.8,PETROLEUM OIL<br>DICHLOROPROPENE<br>CHLOROPICRIN<br>GLYPHOSATE<br>SULFUR,472.8,12007,"Bradford County, Florida(6)"
12009,12,009,Brevard County,Florida,1014.9623115830116,91937.2,90.58188560381896,506.1,CHLOROPICRIN<br>DIMETHYL DISULFIDE<br>PETROLEUM OIL<br>SULFUR<br>CHLOROTHALONIL,506.1,12009,"Brevard County, Florida(6)"
12011,12,011,Broward County,Florida,1202.8941756756756,11813.4,9.82081403242668,422.5,DICHLOROPROPENE<br>METAM POTASSIUM<br>CHLOROPICRIN<br>MANCOZEB<br>METHOMYL,422.5,12011,"Broward County, Florida(6)"
12013,12,013,Calhoun County,Florida,567.3338212355212,74765.4,131.78378795957966,437.8,GLYPHOSATE<br>METAM<br>CHLOROTHALONIL<br>DICHLOROPROPENE<br>PENDIMETHALIN,437.8,12013,"Calhoun County, Florida(6)"
12015,12,015,Charlotte County,Florida,681.1137301158301,131977.7,193.76749309921547,468.5,PETROLEUM OIL<br>SULFUR<br>GLYPHOSATE<br>COPPER HYDROXIDE<br>CHLOROTHALONIL,468.5,12015,"Charlotte County, Florida(6)"
12017,12,017,Citrus County,Florida,581.9309826254827,141643.6,243.40274745460417,526.6,PETROLEUM OIL<br>DICHLOROPROPENE<br>CHLOROPICRIN<br>GLYPHOSATE<br>SULFUR,526.6,12017,"Citrus County, Florida(6)"
12019,12,019,Clay County,Florida,604.5949397683397,13183.6,21.805673737612672,512.8,"METAM<br>2,4-D<br>CHLOROTHALONIL<br>GLYPHOSATE<br>ATRAZINE",512.8,12019,"Clay County, Florida(6)"
12021,12,021,Collier County,Florida,1996.9857366795368,266661.1,133.53180000343286,428.5,PETROLEUM OIL<br>CHLOROPICRIN<br>DICHLOROPROPENE<br>METAM POTASSIUM<br>SULFUR,428.5,12021,"Collier County, Florida(6)"
12023,12,023,Columbia County,Florida,797.3733922779923,27538.9,34.537019001003955,503.5,"METAM<br>2,4-D<br>CHLOROTHALONIL<br>ATRAZINE<br>DICHLOROPROPENE",503.5,12023,"Columbia County, Florida(6)"
12027,12,027,DeSoto County,Florida,636.6918092664092,1297094.6,2037.2409085873137,454,PETROLEUM OIL<br>SULFUR<br>CHLOROPICRIN<br>GLYPHOSATE<br>COPPER HYDROXIDE,454,12027,"DeSoto County, Florida(6)"
12029,12,029,Dixie County,Florida,705.0312702702703,31741,45.02069814269691,493.8,METAM<br>DICHLOROPROPENE<br>MALATHION<br>CHLOROPICRIN<br>COPPER HYDROXIDE,493.8,12029,"Dixie County, Florida(6)"
12031,12,031,Duval County,Florida,762.6190563706564,29177.8,38.25999331679261,498.8,"METAM<br>DICHLOROPROPENE<br>CHLOROPICRIN<br>2,4-D<br>CHLOROTHALONIL",498.8,12031,"Duval County, Florida(6)"
12033,12,033,Escambia County,Florida,656.9942571428571,111263.3,169.3520130356434,507.8,CHLOROTHALONIL<br>DICHLOROPROPENE<br>GLYPHOSATE<br>PENDIMETHALIN<br>FLUTOLANIL,507.8,12033,"Escambia County, Florida(6)"
12035,12,035,Flagler County,Florida,486.1890552123552,54177.3,111.43257837496304,531,DICHLOROPROPENE<br>METAM<br>CHLOROTHALONIL<br>PETROLEUM OIL<br>CHLOROPICRIN,531,12035,"Flagler County, Florida(6)"
12037,12,037,Franklin County,Florida,544.9960803088803,1517.7,2.784790670677545,403.2,"2,4-D<br>TRICLOPYR<br>AMINOPYRALID<br>DICAMBA<br>FLUROXYPYR",403.2,12037,"Franklin County, Florida(6)"
12039,12,039,Gadsden County,Florida,516.3726957528958,29718.4,57.552229706237995,475,"METAM<br>DICHLOROPROPENE<br>CHLOROPICRIN<br>CHLOROTHALONIL<br>2,4-D",475,12039,"Gadsden County, Florida(6)"
12041,12,041,Gilchrist County,Florida,349.69327065637066,77692.1,222.17213346477257,505.2,CHLOROTHALONIL<br>CHLOROPICRIN<br>DICHLOROPROPENE<br>METOLACHLOR & METOLACHLOR-S<br>ATRAZINE,505.2,12041,"Gilchrist County, Florida(6)"
12043,12,043,Glades County,Florida,806.8179772200772,111893.9,138.68543235183577,408.4,PETROLEUM OIL<br>SULFUR<br>GLYPHOSATE<br>COPPER HYDROXIDE<br>DICHLOROPROPENE,408.4,12043,"Glades County, Florida(6)"
12045,12,045,Gulf County,Florida,553.464340926641,57584.8,104.04428206447469,442.4,METAM<br>DICHLOROPROPENE<br>CHLOROTHALONIL<br>CHLOROPICRIN<br>MANCOZEB,442.4,12045,"Gulf County, Florida(6)"
12047,12,047,Hamilton County,Florida,514.292876061776,50638.8,98.4629621700561,443.3,"METAM<br>DICHLOROPROPENE<br>CHLOROPICRIN<br>MALATHION<br>2,4-D",443.3,12047,"Hamilton County, Florida(6)"
12049,12,049,Hardee County,Florida,637.5664146718146,1064144.1,1669.0717633672168,472,PETROLEUM OIL<br>SULFUR<br>CHLOROPICRIN<br>GLYPHOSATE<br>COPPER HYDROXIDE,472,12049,"Hardee County, Florida(6)"
12051,12,051,Hendry County,Florida,1155.944557915058,1705509.9,1475.4253465894385,445.7,PETROLEUM OIL<br>SULFUR<br>GLYPHOSATE<br>COPPER HYDROXIDE<br>PHOSPHORIC ACID,445.7,12051,"Hendry County, Florida(6)"
12053,12,053,Hernando County,Florida,472.9649895752896,63340.5,133.92217478270038,553.1,"DICHLOROPROPENE<br>METAM<br>PETROLEUM OIL<br>2,4-D<br>CHLOROTHALONIL",553.1,12053,"Hernando County, Florida(6)"
12055,12,055,Highlands County,Florida,1017.6592629343628,1041347.5,1023.2771792371186,489.8,PETROLEUM OIL<br>SULFUR<br>GLYPHOSATE<br>COPPER HYDROXIDE<br>PHOSPHORIC ACID,489.8,12055,"Highlands County, Florida(6)"
12057,12,057,Hillsborough County,Florida,1022.5326034749036,455638.5,445.59801658312887,497.9,METAM<br>PETROLEUM OIL<br>DICHLOROPROPENE<br>CAPTAN<br>CHLOROPICRIN,497.9,12057,"Hillsborough County, Florida(6)"
12059,12,059,Holmes County,Florida,478.85599613899615,88142.2,184.06828088337275,274.1,DICHLOROPROPENE<br>CHLOROTHALONIL<br>METAM<br>GLYPHOSATE<br>PENDIMETHALIN,274.1,12059,"Holmes County, Florida(6)"
12061,12,061,Indian River County,Florida,502.55090115830114,1137699.2,2263.848691501262,519.3,PETROLEUM OIL<br>SULFUR<br>COPPER HYDROXIDE<br>GLYPHOSATE<br>CHLOROPICRIN,519.3,12061,"Indian River County, Florida(6)"
12063,12,063,Jackson County,Florida,918.2333687258688,670876,730.6160098830874,318.6,METAM<br>DICHLOROPROPENE<br>CHLOROTHALONIL<br>GLYPHOSATE<br>PENDIMETHALIN,318.6,12063,"Jackson County, Florida(6)"
12065,12,065,Jefferson County,Florida,598.0766837837838,68189.5,114.01464368848696,386.9,DICHLOROPROPENE<br>METAM<br>CHLOROTHALONIL<br>CHLOROPICRIN<br>GLYPHOSATE,386.9,12065,"Jefferson County, Florida(6)"
12067,12,067,Lafayette County,Florida,543.3422015444015,89773.2,165.22405170227478,448.7,PETROLEUM OIL<br>FLUOMETURON<br>MALATHION<br>COPPER HYDROXIDE<br>GLYPHOSATE,448.7,12067,"Lafayette County, Florida(6)"
12069,12,069,Lake County,Florida,952.1342868725868,190161.3,199.72109252005868,495.2,PETROLEUM OIL<br>CHLOROPICRIN<br>METAM<br>DICHLOROPROPENE<br>GLYPHOSATE,495.2,12069,"Lake County, Florida(6)"
12071,12,071,Lee County,Florida,781.1499332046332,253917.7,325.056290996933,443.2,CHLOROPICRIN<br>PETROLEUM OIL<br>SULFUR<br>DIMETHYL DISULFIDE<br>COPPER HYDROXIDE,443.2,12071,"Lee County, Florida(6)"
12073,12,073,Leon County,Florida,668.4246714285714,15856.8,23.722643220380405,451.3,"CHLOROTHALONIL<br>DICHLOROPROPENE<br>ATRAZINE<br>GLYPHOSATE<br>2,4-D",451.3,12073,"Leon County, Florida(6)"
12075,12,075,Levy County,Florida,1118.249662934363,100738.4,90.085786152312,505.4,CHLOROTHALONIL<br>METAM<br>METOLACHLOR & METOLACHLOR-S<br>PENDIMETHALIN<br>AZOXYSTROBIN,505.4,12075,"Levy County, Florida(6)"
12077,12,077,Liberty County,Florida,835.5594961389961,23330.8,27.92236831465428,447,METAM<br>MANCOZEB<br>CHLOROTHALONIL<br>MALATHION<br>DICHLOROPROPENE,447,12077,"Liberty County, Florida(6)"
12079,12,079,Madison County,Florida,696.5256694980695,58523.2,84.02159828821958,364,"METAM<br>2,4-D<br>ATRAZINE<br>DICHLOROPROPENE<br>CHLOROPICRIN",364,12079,"Madison County, Florida(6)"
12081,12,081,Manatee County,Florida,742.7589691119691,1624809.9,2187.5331939008383,453.8,CHLOROPICRIN<br>DIMETHYL DISULFIDE<br>CHLOROTHALONIL<br>COPPER HYDROXIDE<br>MANCOZEB,453.8,12081,"Manatee County, Florida(6)"
12083,12,083,Marion County,Florida,1588.4268347490347,80848.1,50.89822095128083,525.1,"PETROLEUM OIL<br>CHLOROTHALONIL<br>2,4-D<br>THIOPHANATE-METHYL<br>METOLACHLOR & METOLACHLOR-S",525.1,12083,"Marion County, Florida(6)"
12085,12,085,Martin County,Florida,543.8207625482626,368149.3,676.96808462205,461.3,PETROLEUM OIL<br>SULFUR<br>GLYPHOSATE<br>COPPER HYDROXIDE<br>PHOSPHORIC ACID,461.3,12085,"Martin County, Florida(6)"
12086,12,086,Miami-Dade County,Florida,1899.9447687258687,339916,178.90835859820953,421.7,CHLOROPICRIN<br>DIMETHYL DISULFIDE<br>PETROLEUM OIL<br>MANCOZEB<br>COPPER HYDROXIDE,421.7,12086,"Miami-Dade County, Florida(6)"
12087,12,087,Monroe County,Florida,983.029144015444,NA,NA,385.7,NA,385.7,12087,"Monroe County, Florida(6)"
12089,12,089,Nassau County,Florida,648.6778243243243,11149.1,17.18742275738056,541.8,"METAM<br>2,4-D<br>CHLOROTHALONIL<br>PHOSPHORIC ACID<br>MANCOZEB",541.8,12089,"Nassau County, Florida(6)"
12091,12,091,Okaloosa County,Florida,929.8212513513514,38136,41.01433468483886,433.6,CHLOROTHALONIL<br>GLYPHOSATE<br>DICHLOROPROPENE<br>MANCOZEB<br>PENDIMETHALIN,433.6,12091,"Okaloosa County, Florida(6)"
12093,12,093,Okeechobee County,Florida,769.2828776061776,121631.2,158.10984949838854,471.4,PETROLEUM OIL<br>SULFUR<br>GLYPHOSATE<br>COPPER HYDROXIDE<br>PHOSPHORIC ACID,471.4,12093,"Okeechobee County, Florida(6)"
12095,12,095,Orange County,Florida,903.0281061776062,120220.2,133.13007555088797,422.3,"PETROLEUM OIL<br>DICHLOROPROPENE<br>METAM<br>CHLOROPICRIN<br>2,4-D",422.3,12095,"Orange County, Florida(6)"
12097,12,097,Osceola County,Florida,1327.4943397683398,202690.8,152.6867527249656,451.1,"PETROLEUM OIL<br>DICHLOROPROPENE<br>2,4-D<br>CHLOROPICRIN<br>METAM",451.1,12097,"Osceola County, Florida(6)"
12099,12,099,Palm Beach County,Florida,1964.3110733590736,889420.8,452.7901980815312,431.1,DICHLOROPROPENE<br>METAM POTASSIUM<br>CHLOROPICRIN<br>MANCOZEB<br>PETROLEUM OIL,431.1,12099,"Palm Beach County, Florida(6)"
12101,12,101,Pasco County,Florida,746.6029092664093,119334.1,159.83610366219213,515.8,"DICHLOROPROPENE<br>PETROLEUM OIL<br>CHLOROPICRIN<br>2,4-D<br>CHLOROTHALONIL",515.8,12101,"Pasco County, Florida(6)"
12103,12,103,Pinellas County,Florida,273.7873702702703,74570.8,272.3675673073858,494.9,PETROLEUM OIL<br>SULFUR<br>GLYPHOSATE<br>FERBAM<br>PARAQUAT,494.9,12103,"Pinellas County, Florida(6)"
12105,12,105,Polk County,Florida,1798.2267034749034,1330635.8,739.9711045490938,493.6,PETROLEUM OIL<br>SULFUR<br>GLYPHOSATE<br>FERBAM<br>PARAQUAT,493.6,12105,"Polk County, Florida(6)"
12107,12,107,Putnam County,Florida,728.3886501930502,57100.8,78.39331376850278,500.3,"DICHLOROPROPENE<br>METAM<br>PETROLEUM OIL<br>2,4-D<br>CHLOROPICRIN",500.3,12107,"Putnam County, Florida(6)"
12109,12,109,St. Johns County,Florida,600.6418335907335,504607.4,840.1136447379561,510,DICHLOROPROPENE<br>METAM<br>CHLOROPICRIN<br>CHLOROTHALONIL<br>MANCOZEB,510,12109,"St. Johns County, Florida(6)"
12111,12,111,St. Lucie County,Florida,571.8711911196912,1202183,2102.1919248042454,469.7,PETROLEUM OIL<br>SULFUR<br>COPPER HYDROXIDE<br>GLYPHOSATE<br>CHLOROPICRIN,469.7,12111,"St. Lucie County, Florida(6)"
12113,12,113,Santa Rosa County,Florida,1012.3969749034748,217878.8,215.21083665898277,488,CHLOROTHALONIL<br>DICHLOROPROPENE<br>GLYPHOSATE<br>PENDIMETHALIN<br>FLUTOLANIL,488,12113,"Santa Rosa County, Florida(6)"
12115,12,115,Sarasota County,Florida,556.0231749034749,218322.9,392.65072006737967,486.6,CHLOROPICRIN<br>PETROLEUM OIL<br>SULFUR<br>DIMETHYL DISULFIDE<br>COPPER HYDROXIDE,486.6,12115,"Sarasota County, Florida(6)"
12117,12,117,Seminole County,Florida,309.366650965251,63401.1,204.93837911159147,466.8,"DICHLOROPROPENE<br>METAM<br>PETROLEUM OIL<br>CHLOROTHALONIL<br>2,4-D",466.8,12117,"Seminole County, Florida(6)"
12119,12,119,Sumter County,Florida,557.1414606177606,94704.1,169.9821440231566,471.6,"PETROLEUM OIL<br>METAM<br>2,4-D<br>GLYPHOSATE<br>SULFUR",471.6,12119,"Sumter County, Florida(6)"
12121,12,121,Suwannee County,Florida,688.5830471042472,35845.7,52.05719215822225,469.5,"METAM<br>2,4-D<br>ATRAZINE<br>GLYPHOSATE<br>CHLOROTHALONIL",469.5,12121,"Suwannee County, Florida(6)"
12123,12,123,Taylor County,Florida,1043.3321254826255,24424.8,23.41037853952935,472.5,"METAM<br>2,4-D<br>CHLOROTHALONIL<br>PETROLEUM OIL<br>DICHLOROPROPENE",472.5,12123,"Taylor County, Florida(6)"
12125,12,125,Union County,Florida,243.55387722007725,74685.90000000001,306.65042516450364,1248.4,"DICHLOROPROPENE<br>CHLOROPICRIN<br>MANCOZEB<br>2,4-D<br>CHLOROTHALONIL",1248.4,12125,"Union County, Florida(6)"
12127,12,127,Volusia County,Florida,1101.1112451737451,35113.799999999996,31.889420940805454,513.7,"PETROLEUM OIL<br>METAM<br>2,4-D<br>GLYPHOSATE<br>CHLOROTHALONIL",513.7,12127,"Volusia County, Florida(6)"
12129,12,129,Wakulla County,Florida,606.4153413127414,1917,3.1611997081903676,510.7,"METAM<br>2,4-D<br>DICHLOROPROPENE<br>CHLOROPICRIN<br>METHOMYL",510.7,12129,"Wakulla County, Florida(6)"
12131,12,131,Walton County,Florida,1038.2990305019305,36116.1,34.78390997104263,388.7,"CHLOROTHALONIL<br>GLYPHOSATE<br>DICHLOROPROPENE<br>PENDIMETHALIN<br>2,4-D",388.7,12131,"Walton County, Florida(6)"
12133,12,133,Washington County,Florida,584.6741231660232,38001.3,64.99569331753924,353,METAM<br>CHLOROTHALONIL<br>DICHLOROPROPENE<br>GLYPHOSATE<br>PENDIMETHALIN,353,12133,"Washington County, Florida(6)"
13001,13,001,Appling County,Georgia,508.26015173745174,144311.6,283.9325481383518,477.5,GLYPHOSATE<br>ACETOCHLOR<br>DICHLOROPROPENE<br>ETHEPHON<br>TRIBUFOS,477.5,13001,"Appling County, Georgia(7)"
13003,13,003,Atkinson County,Georgia,342.7189795366795,153698.5,448.4680136705134,406.2,DICHLOROPROPENE<br>GLYPHOSATE<br>ETHEPHON<br>CHLOROTHALONIL<br>DECAN-1-OL,406.2,13003,"Atkinson County, Georgia(7)"
13005,13,005,Bacon County,Georgia,284.083438996139,51157.1,180.0777270958596,464.9,"GLYPHOSATE<br>ACETOCHLOR<br>ETHEPHON<br>2,4-D<br>TRIBUFOS",464.9,13005,"Bacon County, Georgia(7)"
13007,13,007,Baker County,Georgia,341.9557459459459,259439.8,758.6940797918644,429,DICHLOROPROPENE<br>CHLOROTHALONIL<br>GLYPHOSATE<br>ATRAZINE<br>PENDIMETHALIN,429,13007,"Baker County, Georgia(7)"
13009,13,009,Baldwin County,Georgia,258.6980884169884,3248.1,12.555562431387107,513.1,"SULFUR<br>2,4-D<br>CHLOROTHALONIL<br>TRICLOPYR<br>PICLORAM",513.1,13009,"Baldwin County, Georgia(7)"
13011,13,011,Banks County,Georgia,232.65565637065637,8097.4,34.80422580871875,497,"2,4-D<br>GLYPHOSATE<br>CHLOROPICRIN<br>DICHLOROPROPENE<br>METOLACHLOR & METOLACHLOR-S",497,13011,"Banks County, Georgia(7)"
13013,13,013,Barrow County,Georgia,161.05110656370655,6737.9,41.83703014381157,525.7,"SULFUR<br>2,4-D<br>CHLOROTHALONIL<br>GLYPHOSATE<br>PHOSMET",525.7,13013,"Barrow County, Georgia(7)"
13015,13,015,Bartow County,Georgia,458.9100297297298,13484.1,29.382883629589266,481.5,"GLYPHOSATE<br>2,4-D<br>ATRAZINE<br>ETHEPHON<br>METOLACHLOR & METOLACHLOR-S",481.5,13015,"Bartow County, Georgia(7)"
13017,13,017,Ben Hill County,Georgia,250.11687413127413,85036.3,339.98625760598867,492.5,DICHLOROPROPENE<br>GLYPHOSATE<br>CHLOROTHALONIL<br>ETHEPHON<br>ACETOCHLOR,492.5,13017,"Ben Hill County, Georgia(7)"
13019,13,019,Berrien County,Georgia,453.3743521235521,311848.3,687.8384243381639,467.5,DICHLOROPROPENE<br>GLYPHOSATE<br>CHLOROTHALONIL<br>DECAN-1-OL<br>ETHEPHON,467.5,13019,"Berrien County, Georgia(7)"
13021,13,021,Bibb County,Georgia,249.38179691119691,3783.9,15.17312027929376,470,"SULFUR<br>2,4-D<br>CHLOROTHALONIL<br>ACETOCHLOR<br>GLYPHOSATE",470,13021,"Bibb County, Georgia(7)"
13023,13,023,Bleckley County,Georgia,215.87727065637063,56258.4,260.6036282974462,439.4,CHLOROTHALONIL<br>GLYPHOSATE<br>ACETOCHLOR<br>ETHEPHON<br>METOLACHLOR & METOLACHLOR-S,439.4,13023,"Bleckley County, Georgia(7)"
13025,13,025,Brantley County,Georgia,443.2325347490347,2210.7000000000003,4.987675377331525,489.2,"2,4-D<br>ATRAZINE<br>GLYPHOSATE<br>ACETOCHLOR<br>PENDIMETHALIN",489.2,13025,"Brantley County, Georgia(7)"
13027,13,027,Brooks County,Georgia,493.1821972972973,450883.2,914.232513807065,497.8,DICHLOROPROPENE<br>METAM<br>GLYPHOSATE<br>MANCOZEB<br>CHLOROTHALONIL,497.8,13027,"Brooks County, Georgia(7)"
13029,13,029,Bryan County,Georgia,437.56148223938226,6101.4000000000005,13.944097567212353,508.9,"METAM<br>GLYPHOSATE<br>MANCOZEB<br>2,4-D<br>CHLOROTHALONIL",508.9,13029,"Bryan County, Georgia(7)"
13031,13,031,Bulloch County,Georgia,675.9595428571429,308214.4,455.96575010575447,431.4,DICHLOROPROPENE<br>GLYPHOSATE<br>ETHEPHON<br>PENDIMETHALIN<br>METOLACHLOR & METOLACHLOR-S,431.4,13031,"Bulloch County, Georgia(7)"
13033,13,033,Burke County,Georgia,827.0382517374518,214058.9,258.82587601033265,468.3,DICHLOROPROPENE<br>GLYPHOSATE<br>PENDIMETHALIN<br>ATRAZINE<br>ETHEPHON,468.3,13033,"Burke County, Georgia(7)"
13035,13,035,Butts County,Georgia,183.68911003861004,4020.4,21.886980666164384,516.5,"2,4-D<br>SULFUR<br>TRICLOPYR<br>PICLORAM<br>AMINOPYRALID",516.5,13035,"Butts County, Georgia(7)"
13037,13,037,Calhoun County,Georgia,280.38282123552125,234970.2,838.0335106287604,506.5,DICHLOROPROPENE<br>CHLOROTHALONIL<br>GLYPHOSATE<br>ATRAZINE<br>PENDIMETHALIN,506.5,13037,"Calhoun County, Georgia(7)"
13039,13,039,Camden County,Georgia,630.2688976833977,10334.9,16.397604320928302,505,METAM<br>DICHLOROPROPENE<br>CHLOROPICRIN<br>MANCOZEB<br>CHLOROTHALONIL,505,13039,"Camden County, Georgia(7)"
13043,13,043,Candler County,Georgia,243.05824015444017,43494,178.9447663751854,415.8,"DICHLOROPROPENE<br>GLYPHOSATE<br>ETHEPHON<br>METOLACHLOR & METOLACHLOR-S<br>2,4-D",415.8,13043,"Candler County, Georgia(7)"
13045,13,045,Carroll County,Georgia,499.1140498069498,12695.2,25.43546911755003,485.1,"2,4-D<br>TRICLOPYR<br>METAM<br>SULFUR<br>DICHLOROPROPENE",485.1,13045,"Carroll County, Georgia(7)"
13047,13,047,Catoosa County,Georgia,162.161744015444,2968.2,18.30394719803528,425.9,"2,4-D<br>GLYPHOSATE<br>DICHLOROPROPENE<br>CHLOROTHALONIL<br>ATRAZINE",425.9,13047,"Catoosa County, Georgia(7)"
13049,13,049,Charlton County,Georgia,780.0832621621622,2644.7,3.3902791256790543,407,"2,4-D<br>MANCOZEB<br>GLYPHOSATE<br>ATRAZINE<br>CHLOROTHALONIL",407,13049,"Charlton County, Georgia(7)"
13051,13,051,Chatham County,Georgia,432.7167208494208,1901.3,4.393867646870121,435.8,"METAM<br>2,4-D<br>PHOSPHORIC ACID<br>DICHLOROPROPENE<br>GLYPHOSATE",435.8,13051,"Chatham County, Georgia(7)"
13053,13,053,Chattahoochee County,Georgia,248.73584247104247,1411,5.672684668130477,605.6,SULFUR<br>CHLOROTHALONIL<br>PHOSMET<br>PHOSPHORIC ACID<br>GLYPHOSATE,605.6,13053,"Chattahoochee County, Georgia(7)"
13055,13,055,Chattooga County,Georgia,313.3252498069498,7474,23.85380688152322,467.5,"2,4-D<br>GLYPHOSATE<br>ATRAZINE<br>METOLACHLOR & METOLACHLOR-S<br>DODINE",467.5,13055,"Chattooga County, Georgia(7)"
13057,13,057,Cherokee County,Georgia,420.9531872586873,4948,11.754276127999283,513,"SULFUR<br>2,4-D<br>CHLOROTHALONIL<br>ATRAZINE<br>GLYPHOSATE",513,13057,"Cherokee County, Georgia(7)"
13059,13,059,Clarke County,Georgia,119.29944594594596,4963,41.60119907219613,437.3,SULFUR<br>GLYPHOSATE<br>CHLOROPICRIN<br>ATRAZINE<br>DICHLOROPROPENE,437.3,13059,"Clarke County, Georgia(7)"
13061,13,061,Clay County,Georgia,195.4030474903475,101331.2,518.5753308428086,314.3,DICHLOROPROPENE<br>CHLOROTHALONIL<br>GLYPHOSATE<br>PENDIMETHALIN<br>ACETOCHLOR,314.3,13061,"Clay County, Georgia(7)"
13063,13,063,Clayton County,Georgia,141.70236833976833,4172.5999999999995,29.44622626204175,462.8,"METAM<br>DICHLOROPROPENE<br>CHLOROPICRIN<br>2,4-D<br>ATRAZINE",462.8,13063,"Clayton County, Georgia(7)"
13065,13,065,Clinch County,Georgia,814.9966837837837,30798.4,37.78960161777876,474.9,DICHLOROPROPENE<br>METAM<br>MANCOZEB<br>DECAN-1-OL<br>CHLOROTHALONIL,474.9,13065,"Clinch County, Georgia(7)"
13067,13,067,Cobb County,Georgia,339.68847953667955,2065.1,6.079393692764345,465,"SULFUR<br>2,4-D<br>DODINE<br>CHLOROPICRIN<br>FENTIN",465,13067,"Cobb County, Georgia(7)"
13069,13,069,Coffee County,Georgia,592.2457571428571,393330.7,664.134263954083,465.7,DICHLOROPROPENE<br>GLYPHOSATE<br>ETHEPHON<br>CHLOROTHALONIL<br>DECAN-1-OL,465.7,13069,"Coffee County, Georgia(7)"
13071,13,071,Colquitt County,Georgia,547.064549034749,854607.2999999999,1562.1690374707796,464.9,METAM<br>DICHLOROPROPENE<br>GLYPHOSATE<br>CHLOROPICRIN<br>CHLOROTHALONIL,464.9,13071,"Colquitt County, Georgia(7)"
13073,13,073,Columbia County,Georgia,290.19293513513514,8970.6,30.91253753583846,435.7,"SULFUR<br>2,4-D<br>PETROLEUM OIL<br>ATRAZINE<br>GLYPHOSATE",435.7,13073,"Columbia County, Georgia(7)"
13075,13,075,Cook County,Georgia,228.4533583011583,174970.3,765.8906890278481,490.3,DICHLOROPROPENE<br>GLYPHOSATE<br>ETHEPHON<br>CHLOROTHALONIL<br>ACETOCHLOR,490.3,13075,"Cook County, Georgia(7)"
13077,13,077,Coweta County,Georgia,440.9941656370656,11931.8,27.056593782285475,468.6,"2,4-D<br>METAM<br>SULFUR<br>TRICLOPYR<br>GLYPHOSATE",468.6,13077,"Coweta County, Georgia(7)"
13079,13,079,Crawford County,Georgia,324.9127590733591,23843.4,73.38400642683477,512.5,"SULFUR<br>METAM<br>DICHLOROPROPENE<br>CHLOROTHALONIL<br>2,4-D",512.5,13079,"Crawford County, Georgia(7)"
13081,13,081,Crisp County,Georgia,272.6787447876448,223633.3,820.1346979727366,427,GLYPHOSATE<br>DICHLOROPROPENE<br>ETHEPHON<br>ACETOCHLOR<br>CHLOROTHALONIL,427,13081,"Crisp County, Georgia(7)"
13083,13,083,Dade County,Georgia,174.07533552123553,7688.3,44.166509729703215,429.4,SULFUR<br>DICHLOROPROPENE<br>CHLOROPICRIN<br>CAPTAN<br>CHLOROTHALONIL,429.4,13083,"Dade County, Georgia(7)"
13085,13,085,Dawson County,Georgia,210.82712432432433,3333.8,15.812955807676216,476.6,"ATRAZINE<br>GLYPHOSATE<br>2,4-D<br>METOLACHLOR & METOLACHLOR-S<br>CHLOROTHALONIL",476.6,13085,"Dawson County, Georgia(7)"
13087,13,087,Decatur County,Georgia,597.2366204633205,528711.6,885.2631970052998,431.4,DICHLOROPROPENE<br>CHLOROTHALONIL<br>GLYPHOSATE<br>PENDIMETHALIN<br>ATRAZINE,431.4,13087,"Decatur County, Georgia(7)"
13089,13,089,DeKalb County,Georgia,267.66472857142855,228.5,0.8536799047806662,442,"2,4-D<br>CHLOROPICRIN<br>DICHLOROPROPENE<br>AMINOPYRALID<br>SULFUR",442,13089,"DeKalb County, Georgia(7)"
13091,13,091,Dodge County,Georgia,495.9671312741313,99329.5,200.27436040937667,417.5,GLYPHOSATE<br>ACETOCHLOR<br>CHLOROTHALONIL<br>ETHEPHON<br>DECAN-1-OL,417.5,13091,"Dodge County, Georgia(7)"
13093,13,093,Dooly County,Georgia,392.6288196911197,399195.9,1016.7259253002534,414.6,GLYPHOSATE<br>DICHLOROPROPENE<br>ETHEPHON<br>ACETOCHLOR<br>TRIBUFOS,414.6,13093,"Dooly County, Georgia(7)"
13095,13,095,Dougherty County,Georgia,328.6422324324324,72054.1,219.24784123663733,496.5,DICHLOROPROPENE<br>DODINE<br>CHLOROTHALONIL<br>GLYPHOSATE<br>FENTIN,496.5,13095,"Dougherty County, Georgia(7)"
13097,13,097,Douglas County,Georgia,200.135138996139,10304.7,51.488709337538154,479.5,METAM<br>DICHLOROPROPENE<br>CHLOROPICRIN<br>CHLOROTHALONIL<br>MANCOZEB,479.5,13097,"Douglas County, Georgia(7)"
13099,13,099,Early County,Georgia,512.5971521235522,384186.8,749.49070319337,447.5,DICHLOROPROPENE<br>CHLOROTHALONIL<br>GLYPHOSATE<br>PENDIMETHALIN<br>ACETOCHLOR,447.5,13099,"Early County, Georgia(7)"
13101,13,101,Echols County,Georgia,420.40520077220083,79988.59999999999,190.2654863761838,496.5,METAM<br>DICHLOROPROPENE<br>MANCOZEB<br>CHLOROTHALONIL<br>GLYPHOSATE,496.5,13101,"Echols County, Georgia(7)"
13103,13,103,Effingham County,Georgia,478.8276544401545,59919,125.13688264320764,534.1,DICHLOROPROPENE<br>GLYPHOSATE<br>PENDIMETHALIN<br>CHLOROTHALONIL<br>ETHEPHON,534.1,13103,"Effingham County, Georgia(7)"
13105,13,105,Elbert County,Georgia,351.10121235521234,19709.1,56.135095255837854,541.3,"GLYPHOSATE<br>2,4-D<br>METOLACHLOR & METOLACHLOR-S<br>CHLOROPICRIN<br>DICHLOROPROPENE",541.3,13105,"Elbert County, Georgia(7)"
13107,13,107,Emanuel County,Georgia,680.5712092664093,114262.8,167.8924974260436,468.9,DICHLOROPROPENE<br>GLYPHOSATE<br>PENDIMETHALIN<br>ETHEPHON<br>METOLACHLOR & METOLACHLOR-S,468.9,13107,"Emanuel County, Georgia(7)"
13109,13,109,Evans County,Georgia,182.89197374517377,23425.2,128.08216522742924,453.9,"GLYPHOSATE<br>ACETOCHLOR<br>ETHEPHON<br>2,4-D<br>TRIBUFOS",453.9,13109,"Evans County, Georgia(7)"
13111,13,111,Fannin County,Georgia,387.1045494208494,5855.6,15.12666283245861,491.2,"SULFUR<br>ATRAZINE<br>GLYPHOSATE<br>CHLOROTHALONIL<br>2,4-D",491.2,13111,"Fannin County, Georgia(7)"
13113,13,113,Fayette County,Georgia,194.6936996138996,12109.3,62.19667109934301,449.4,METAM<br>DICHLOROPROPENE<br>CHLOROPICRIN<br>MANCOZEB<br>CHLOROTHALONIL,449.4,13113,"Fayette County, Georgia(7)"
13115,13,115,Floyd County,Georgia,509.8308081081081,15615.4,30.6285923715477,469.3,"GLYPHOSATE<br>2,4-D<br>SULFUR<br>ATRAZINE<br>METOLACHLOR & METOLACHLOR-S",469.3,13115,"Floyd County, Georgia(7)"
13117,13,117,Forsyth County,Georgia,224.61560115830116,7717.6,34.35914495788254,483,"SULFUR<br>CHLOROPICRIN<br>2,4-D<br>CHLOROTHALONIL<br>DICHLOROPROPENE",483,13117,"Forsyth County, Georgia(7)"
13119,13,119,Franklin County,Georgia,261.3410525096525,11917.4,45.60094897283632,482.1,"2,4-D<br>GLYPHOSATE<br>METOLACHLOR & METOLACHLOR-S<br>TRICLOPYR<br>PICLORAM",482.1,13119,"Franklin County, Georgia(7)"
13121,13,121,Fulton County,Georgia,526.8278741312741,5189.6,9.850655697665047,464.5,"SULFUR<br>CHLOROTHALONIL<br>2,4-D<br>CHLOROPICRIN<br>PHOSMET",464.5,13121,"Fulton County, Georgia(7)"
13123,13,123,Gilmer County,Georgia,426.179328957529,7924.2,18.593581296829363,481.6,"GLYPHOSATE<br>2,4-D<br>MANCOZEB<br>PETROLEUM OIL<br>CAPTAN",481.6,13123,"Gilmer County, Georgia(7)"
13125,13,125,Glascock County,Georgia,143.74488494208495,7531.5,52.39490784687367,449.2,"DICHLOROPROPENE<br>GLYPHOSATE<br>2,4-D<br>PENDIMETHALIN<br>ETHEPHON",449.2,13125,"Glascock County, Georgia(7)"
13127,13,127,Glynn County,Georgia,419.6209297297297,153.1,0.3648531070616734,458.9,"2,4-D<br>AMINOPYRALID<br>PICLORAM<br>DICAMBA<br>GLYPHOSATE",458.9,13127,"Glynn County, Georgia(7)"
13129,13,129,Gordon County,Georgia,356.45533436293437,16097,45.1585330565159,486,"GLYPHOSATE<br>2,4-D<br>ATRAZINE<br>DICHLOROPROPENE<br>METOLACHLOR & METOLACHLOR-S",486,13129,"Gordon County, Georgia(7)"
13131,13,131,Grady County,Georgia,454.4602586872587,314194.5,691.3574817467505,425.4,DICHLOROPROPENE<br>METAM<br>GLYPHOSATE<br>CHLOROTHALONIL<br>CHLOROPICRIN,425.4,13131,"Grady County, Georgia(7)"
13133,13,133,Greene County,Georgia,387.51524787644786,14694.5,37.91979820284406,494,"METAM<br>2,4-D<br>CHLOROTHALONIL<br>DICHLOROPROPENE<br>SULFUR",494,13133,"Greene County, Georgia(7)"
13135,13,135,Gwinnett County,Georgia,431.1243756756757,2149,4.984640445421347,448.7,"2,4-D<br>GLYPHOSATE<br>ATRAZINE<br>CHLOROTHALONIL<br>METOLACHLOR & METOLACHLOR-S",448.7,13135,"Gwinnett County, Georgia(7)"
13137,13,137,Habersham County,Georgia,276.86540424710427,12018.7,43.40990176321643,534.1,"2,4-D<br>GLYPHOSATE<br>SULFUR<br>PETROLEUM OIL<br>CHLOROPICRIN",534.1,13137,"Habersham County, Georgia(7)"
13139,13,139,Hall County,Georgia,392.4671447876448,5560.8,14.168829350056358,504.9,"2,4-D<br>GLYPHOSATE<br>ATRAZINE<br>CHLOROPICRIN<br>DICHLOROPROPENE",504.9,13139,"Hall County, Georgia(7)"
13141,13,141,Hancock County,Georgia,471.06463938223936,4164.8,8.84124948427837,446.4,"2,4-D<br>SULFUR<br>METAM<br>CHLOROTHALONIL<br>DICHLOROPROPENE",446.4,13141,"Hancock County, Georgia(7)"
13143,13,143,Haralson County,Georgia,282.16393706563707,15826.3,56.0890245741024,502.6,"METAM<br>DICHLOROPROPENE<br>CHLOROPICRIN<br>2,4-D<br>ATRAZINE",502.6,13143,"Haralson County, Georgia(7)"
13145,13,145,Harris County,Georgia,463.8158243243243,3418.1,7.369520013637753,451.6,"2,4-D<br>TRICLOPYR<br>METAM<br>DICHLOROPROPENE<br>CHLOROPICRIN",451.6,13145,"Harris County, Georgia(7)"
13147,13,147,Hart County,Georgia,232.42108378378381,28056.1,120.71237059586198,462.8,"GLYPHOSATE<br>2,4-D<br>METOLACHLOR & METOLACHLOR-S<br>SULFUR<br>PETROLEUM OIL",462.8,13147,"Hart County, Georgia(7)"
13149,13,149,Heard County,Georgia,295.971950965251,12836.8,43.37167747867811,499,"METAM<br>2,4-D<br>DICHLOROPROPENE<br>CHLOROPICRIN<br>TRICLOPYR",499,13149,"Heard County, Georgia(7)"
13151,13,151,Henry County,Georgia,318.70735366795367,4730.9000000000005,14.844025233659668,479.4,"2,4-D<br>SULFUR<br>METAM<br>DODINE<br>PENDIMETHALIN",479.4,13151,"Henry County, Georgia(7)"
13153,13,153,Houston County,Georgia,376.1530285714286,43141.5,114.69135357980444,475.7,SULFUR<br>GLYPHOSATE<br>ACETOCHLOR<br>METAM<br>ETHEPHON,475.7,13153,"Houston County, Georgia(7)"
13155,13,155,Irwin County,Georgia,354.3610953667954,280649.8,791.9881828717748,418.2,DICHLOROPROPENE<br>GLYPHOSATE<br>CHLOROTHALONIL<br>ETHEPHON<br>ACETOCHLOR,418.2,13155,"Irwin County, Georgia(7)"
13157,13,157,Jackson County,Georgia,339.6961301158301,8138.5,23.95817696605764,493.3,"2,4-D<br>CHLOROPICRIN<br>DICHLOROPROPENE<br>GLYPHOSATE<br>AMINOPYRALID",493.3,13157,"Jackson County, Georgia(7)"
13159,13,159,Jasper County,Georgia,368.4044938223938,14497.2,39.35131151518753,536.9,"METAM<br>2,4-D<br>CHLOROTHALONIL<br>DICHLOROPROPENE<br>SULFUR",536.9,13159,"Jasper County, Georgia(7)"
13161,13,161,Jeff Davis County,Georgia,330.9173328185328,181944,549.8170750088021,409.6,DICHLOROPROPENE<br>GLYPHOSATE<br>CHLOROTHALONIL<br>METAM<br>ETHEPHON,409.6,13161,"Jeff Davis County, Georgia(7)"
13163,13,163,Jefferson County,Georgia,526.5526447876448,117099.2,222.3883996389864,504.5,GLYPHOSATE<br>DICHLOROPROPENE<br>ATRAZINE<br>PENDIMETHALIN<br>METOLACHLOR & METOLACHLOR-S,504.5,13163,"Jefferson County, Georgia(7)"
13165,13,165,Jenkins County,Georgia,347.37681274131273,80197,230.8645743137776,393.9,DICHLOROPROPENE<br>GLYPHOSATE<br>ETHEPHON<br>PENDIMETHALIN<br>METOLACHLOR & METOLACHLOR-S,393.9,13165,"Jenkins County, Georgia(7)"
13167,13,167,Johnson County,Georgia,303.01746254826253,44042.5,145.34640884924318,466.4,"CHLOROTHALONIL<br>GLYPHOSATE<br>ACETOCHLOR<br>2,4-D<br>METOLACHLOR & METOLACHLOR-S",466.4,13167,"Johnson County, Georgia(7)"
13169,13,169,Jones County,Georgia,393.93982741312743,11970.4,30.386366564167066,530,"METAM<br>CHLOROTHALONIL<br>DICHLOROPROPENE<br>2,4-D<br>SULFUR",530,13169,"Jones County, Georgia(7)"
13171,13,171,Lamar County,Georgia,183.4997691119691,13670.2,74.49709646042457,518,"METAM<br>DICHLOROPROPENE<br>CHLOROTHALONIL<br>2,4-D<br>CHLOROPICRIN",518,13171,"Lamar County, Georgia(7)"
13173,13,173,Lanier County,Georgia,196.53698030888032,124120.9,631.5396715922358,524.6,DICHLOROPROPENE<br>GLYPHOSATE<br>DECAN-1-OL<br>ETHEPHON<br>CHLOROTHALONIL,524.6,13173,"Lanier County, Georgia(7)"
13175,13,175,Laurens County,Georgia,807.3320664092664,86970.7,107.72605674739958,433.5,GLYPHOSATE<br>ACETOCHLOR<br>METAM<br>CHLOROTHALONIL<br>ETHEPHON,433.5,13175,"Laurens County, Georgia(7)"
13177,13,177,Lee County,Georgia,355.84283513513515,212962.3,598.4729183014891,531.1,DICHLOROPROPENE<br>GLYPHOSATE<br>CHLOROTHALONIL<br>ATRAZINE<br>PENDIMETHALIN,531.1,13177,"Lee County, Georgia(7)"
13179,13,179,Liberty County,Georgia,516.4602486486486,10852.7,21.013621141988732,473.1,METAM<br>DICHLOROPROPENE<br>CHLOROPICRIN<br>MANCOZEB<br>CHLOROTHALONIL,473.1,13179,"Liberty County, Georgia(7)"
13181,13,181,Lincoln County,Georgia,210.380222007722,2589.9,12.310567862719234,480.7,"CHLOROPICRIN<br>2,4-D<br>DICHLOROPROPENE<br>CHLOROTHALONIL<br>MANCOZEB",480.7,13181,"Lincoln County, Georgia(7)"
13183,13,183,Long County,Georgia,400.39715405405406,5887.1,14.703151459476246,402.9,"METAM<br>DICHLOROPROPENE<br>MANCOZEB<br>2,4-D<br>ATRAZINE",402.9,13183,"Long County, Georgia(7)"
13185,13,185,Lowndes County,Georgia,497.24806061776064,315366.5,634.2236903009768,472.2,METAM<br>DICHLOROPROPENE<br>CHLOROPICRIN<br>MANCOZEB<br>CHLOROTHALONIL,472.2,13185,"Lowndes County, Georgia(7)"
13187,13,187,Lumpkin County,Georgia,282.94232084942087,3875.7,13.697844805841576,534.6,"GLYPHOSATE<br>ATRAZINE<br>2,4-D<br>AMINOPYRALID<br>CHLORPYRIFOS",534.6,13187,"Lumpkin County, Georgia(7)"
13189,13,189,McDuffie County,Georgia,257.3777752895753,10940.7,42.50833230526854,523.7,"2,4-D<br>SULFUR<br>PETROLEUM OIL<br>CAPTAN<br>GLYPHOSATE",523.7,13189,"McDuffie County, Georgia(7)"
13191,13,191,McIntosh County,Georgia,431.3453277992278,2408.5,5.583693261008382,467.7,"METAM<br>2,4-D<br>DICHLOROPROPENE<br>MANCOZEB<br>METHOMYL",467.7,13191,"McIntosh County, Georgia(7)"
13193,13,193,Macon County,Georgia,400.6602081081081,114226.2,285.0949450143023,462.8,SULFUR<br>GLYPHOSATE<br>CHLOROTHALONIL<br>PENDIMETHALIN<br>DODINE,462.8,13193,"Macon County, Georgia(7)"
13195,13,195,Madison County,Georgia,282.3222204633205,19232.8,68.12357868408994,500.6,"GLYPHOSATE<br>2,4-D<br>SULFUR<br>PETROLEUM OIL<br>METOLACHLOR & METOLACHLOR-S",500.6,13195,"Madison County, Georgia(7)"
13197,13,197,Marion County,Georgia,365.7196351351351,19602.2,53.598981615403005,413.6,"CHLOROTHALONIL<br>2,4-D<br>GLYPHOSATE<br>METAM<br>TRICLOPYR",413.6,13197,"Marion County, Georgia(7)"
13199,13,199,Meriwether County,Georgia,500.9042810810811,17082.5,34.10332202218664,491.4,"METAM<br>2,4-D<br>DICHLOROPROPENE<br>CHLOROPICRIN<br>CHLOROTHALONIL",491.4,13199,"Meriwether County, Georgia(7)"
13201,13,201,Miller County,Georgia,282.4215274131274,354999,1256.9827918277133,426,DICHLOROPROPENE<br>CHLOROTHALONIL<br>GLYPHOSATE<br>ATRAZINE<br>PENDIMETHALIN,426,13201,"Miller County, Georgia(7)"
13205,13,205,Mitchell County,Georgia,512.1556301158301,512610.6,1000.888343029768,504,DICHLOROPROPENE<br>CHLOROTHALONIL<br>GLYPHOSATE<br>PENDIMETHALIN<br>DODINE,504,13205,"Mitchell County, Georgia(7)"
13207,13,207,Monroe County,Georgia,396.0897505791506,10623.8,26.821698830798315,480.4,"METAM<br>DICHLOROPROPENE<br>CHLOROTHALONIL<br>2,4-D<br>CHLOROPICRIN",480.4,13207,"Monroe County, Georgia(7)"
13209,13,209,Montgomery County,Georgia,241.14403822393825,72948.5,302.51007048433195,432,GLYPHOSATE<br>CHLOROTHALONIL<br>ACETOCHLOR<br>SULFUR<br>METAM,432,13209,"Montgomery County, Georgia(7)"
13211,13,211,Morgan County,Georgia,347.40968416988414,26016.2,74.88622564498812,489.1,"2,4-D<br>METAM<br>GLYPHOSATE<br>CHLOROTHALONIL<br>DICHLOROPROPENE",489.1,13211,"Morgan County, Georgia(7)"
13213,13,213,Murray County,Georgia,344.4925057915058,5740,16.66219120445532,492.3,"2,4-D<br>GLYPHOSATE<br>ATRAZINE<br>METOLACHLOR & METOLACHLOR-S<br>DICAMBA",492.3,13213,"Murray County, Georgia(7)"
13215,13,215,Muscogee County,Georgia,216.498716988417,3296,15.224108696109925,475.2,"METAM<br>MANCOZEB<br>2,4-D<br>DICHLOROPROPENE<br>CHLOROTHALONIL",475.2,13215,"Muscogee County, Georgia(7)"
13217,13,217,Newton County,Georgia,273.813077992278,8895.7,32.48822176510822,508.9,"2,4-D<br>CHLOROTHALONIL<br>SULFUR<br>METAM<br>GLYPHOSATE",508.9,13217,"Newton County, Georgia(7)"
13219,13,219,Oconee County,Georgia,184.34818301158305,7573.1,41.08041574526484,422.1,"SULFUR<br>GLYPHOSATE<br>2,4-D<br>ATRAZINE<br>CHLOROTHALONIL",422.1,13219,"Oconee County, Georgia(7)"
13221,13,221,Oglethorpe County,Georgia,439.05997258687256,14483.6,32.987748609067914,532.3,"GLYPHOSATE<br>2,4-D<br>SULFUR<br>PETROLEUM OIL<br>CAPTAN",532.3,13221,"Oglethorpe County, Georgia(7)"
13223,13,223,Paulding County,Georgia,312.38340656370656,5303.5,16.97753430100462,491.4,"SULFUR<br>CAPTAN<br>CHLOROTHALONIL<br>2,4-D<br>DODINE",491.4,13223,"Paulding County, Georgia(7)"
13225,13,225,Peach County,Georgia,150.28331505791505,92353.9,614.53195894973,472,"SULFUR<br>2,4-D<br>DODINE<br>FENTIN<br>CARBARYL",472,13225,"Peach County, Georgia(7)"
13227,13,227,Pickens County,Georgia,232.0537471042471,3799.2,16.372069175393488,572.1,"SULFUR<br>2,4-D<br>CHLOROTHALONIL<br>PHOSMET<br>AMINOPYRALID",572.1,13227,"Pickens County, Georgia(7)"
13229,13,229,Pierce County,Georgia,340.4623833976834,114612.9,336.6389521691278,501.6,DICHLOROPROPENE<br>GLYPHOSATE<br>METAM<br>ACETOCHLOR<br>ETHEPHON,501.6,13229,"Pierce County, Georgia(7)"
13231,13,231,Pike County,Georgia,216.08512972972977,12347.3,57.140905602544166,542,"METAM<br>2,4-D<br>DICHLOROPROPENE<br>CHLOROPICRIN<br>TRICLOPYR",542,13231,"Pike County, Georgia(7)"
13233,13,233,Polk County,Georgia,310.3384038610039,10214.1,32.91278125080114,488.2,"GLYPHOSATE<br>SULFUR<br>2,4-D<br>CHLOROTHALONIL<br>CAPTAN",488.2,13233,"Polk County, Georgia(7)"
13235,13,235,Pulaski County,Georgia,249.26021544401544,104852.5,420.654775625636,451.5,CHLOROTHALONIL<br>GLYPHOSATE<br>ACETOCHLOR<br>SULFUR<br>ETHEPHON,451.5,13235,"Pulaski County, Georgia(7)"
13237,13,237,Putnam County,Georgia,344.6802065637066,8905.5,25.836992755642942,473.9,"2,4-D<br>SULFUR<br>GLYPHOSATE<br>METAM<br>ATRAZINE",473.9,13237,"Putnam County, Georgia(7)"
13239,13,239,Quitman County,Georgia,151.23670926640926,4184,27.665240934525517,410.6,DICHLOROPROPENE<br>CHLOROTHALONIL<br>GLYPHOSATE<br>PENDIMETHALIN<br>ACETOCHLOR,410.6,13239,"Quitman County, Georgia(7)"
13241,13,241,Rabun County,Georgia,370.13499884169886,7171.1,19.37428241706743,473,"SULFUR<br>PETROLEUM OIL<br>CHLOROPICRIN<br>CAPTAN<br>2,4-D",473,13241,"Rabun County, Georgia(7)"
13243,13,243,Randolph County,Georgia,428.2340648648649,207389.9,484.2909918094553,427.5,DICHLOROPROPENE<br>CHLOROTHALONIL<br>GLYPHOSATE<br>ATRAZINE<br>PENDIMETHALIN,427.5,13243,"Randolph County, Georgia(7)"
13245,13,245,Richmond County,Georgia,324.33846177606176,1631.7,5.030855702604279,476.3,"ATRAZINE<br>2,4-D<br>PENDIMETHALIN<br>GLYPHOSATE<br>PARAQUAT",476.3,13245,"Richmond County, Georgia(7)"
13247,13,247,Rockdale County,Georgia,129.81796293436292,3399.5,26.18666880267422,447.5,"SULFUR<br>METAM<br>DICHLOROPROPENE<br>2,4-D<br>CHLOROPICRIN",447.5,13247,"Rockdale County, Georgia(7)"
13249,13,249,Schley County,Georgia,166.9078,12035.8,72.11047057117763,431.7,"CHLOROTHALONIL<br>METAM<br>SULFUR<br>GLYPHOSATE<br>2,4-D",431.7,13249,"Schley County, Georgia(7)"
13251,13,251,Screven County,Georgia,645.8179996138996,169380,262.27203345410527,458.6,DICHLOROPROPENE<br>GLYPHOSATE<br>ETHEPHON<br>PENDIMETHALIN<br>METOLACHLOR & METOLACHLOR-S,458.6,13251,"Screven County, Georgia(7)"
13253,13,253,Seminole County,Georgia,237.54954942084944,331150,1394.024955245549,343.6,DICHLOROPROPENE<br>CHLOROTHALONIL<br>GLYPHOSATE<br>PENDIMETHALIN<br>ATRAZINE,343.6,13253,"Seminole County, Georgia(7)"
13255,13,255,Spalding County,Georgia,195.96957683397684,12956.1,66.11281306677647,506.9,METAM<br>DICHLOROPROPENE<br>CHLOROPICRIN<br>SULFUR<br>CHLOROTHALONIL,506.9,13255,"Spalding County, Georgia(7)"
13257,13,257,Stephens County,Georgia,178.86112007722008,3431.9,19.187512627217917,519,"2,4-D<br>GLYPHOSATE<br>TRICLOPYR<br>CHLOROTHALONIL<br>PICLORAM",519,13257,"Stephens County, Georgia(7)"
13259,13,259,Stewart County,Georgia,458.76382471042473,18374.2,40.05154506591259,489.7,DICHLOROPROPENE<br>CHLOROTHALONIL<br>GLYPHOSATE<br>MANCOZEB<br>METAM,489.7,13259,"Stewart County, Georgia(7)"
13261,13,261,Sumter County,Georgia,482.87501583011584,352597.3,730.2040661471085,530.5,DICHLOROPROPENE<br>CHLOROTHALONIL<br>GLYPHOSATE<br>ATRAZINE<br>PENDIMETHALIN,530.5,13261,"Sumter County, Georgia(7)"
13263,13,263,Talbot County,Georgia,391.37559034749034,4808.3,12.285641002114769,500.2,"SULFUR<br>CHLOROTHALONIL<br>2,4-D<br>ATRAZINE<br>DODINE",500.2,13263,"Talbot County, Georgia(7)"
13265,13,265,Taliaferro County,Georgia,194.60584710424712,12442.4,63.93641396260213,442.4,"METAM<br>CHLOROTHALONIL<br>DICHLOROPROPENE<br>SULFUR<br>2,4-D",442.4,13265,"Taliaferro County, Georgia(7)"
13267,13,267,Tattnall County,Georgia,480.8376478764479,59180.6,123.07813304836432,435.7,"GLYPHOSATE<br>ACETOCHLOR<br>METAM<br>DICHLOROPROPENE<br>2,4-D",435.7,13267,"Tattnall County, Georgia(7)"
13269,13,269,Taylor County,Georgia,376.68458416988415,16379.1,43.48226789289856,403,"CHLOROTHALONIL<br>GLYPHOSATE<br>2,4-D<br>METOLACHLOR & METOLACHLOR-S<br>PENDIMETHALIN",403,13269,"Taylor County, Georgia(7)"
13271,13,271,Telfair County,Georgia,437.3054409266409,48149,110.10382102260904,410,GLYPHOSATE<br>DICHLOROPROPENE<br>CHLOROTHALONIL<br>ETHEPHON<br>DODINE,410,13271,"Telfair County, Georgia(7)"
13273,13,273,Terrell County,Georgia,335.7898803088803,250270,745.31727927532,533.9,DICHLOROPROPENE<br>GLYPHOSATE<br>CHLOROTHALONIL<br>ATRAZINE<br>ACETOCHLOR,533.9,13273,"Terrell County, Georgia(7)"
13275,13,275,Thomas County,Georgia,544.6303501930502,304506.8,559.10729156402,481.4,DICHLOROPROPENE<br>GLYPHOSATE<br>CHLOROTHALONIL<br>ACETOCHLOR<br>PENDIMETHALIN,481.4,13275,"Thomas County, Georgia(7)"
13277,13,277,Tift County,Georgia,260.8889274131274,311217.6,1192.912259964085,483,DICHLOROPROPENE<br>GLYPHOSATE<br>METAM<br>CHLOROTHALONIL<br>ETHEPHON,483,13277,"Tift County, Georgia(7)"
13279,13,279,Toombs County,Georgia,364.01336447876446,41618.9,114.33343954169004,475,"GLYPHOSATE<br>ACETOCHLOR<br>2,4-D<br>ETHEPHON<br>TRIBUFOS",475,13279,"Toombs County, Georgia(7)"
13281,13,281,Towns County,Georgia,166.47802702702705,1927.2,11.576302497188571,515.1,"GLYPHOSATE<br>ATRAZINE<br>2,4-D<br>CHLOROTHALONIL<br>METOLACHLOR & METOLACHLOR-S",515.1,13281,"Towns County, Georgia(7)"
13283,13,283,Treutlen County,Georgia,199.43015212355212,32844,164.68923906577726,478.9,DECAN-1-OL<br>CHLOROTHALONIL<br>GLYPHOSATE<br>ACETOCHLOR<br>METAM,478.9,13283,"Treutlen County, Georgia(7)"
13285,13,285,Troup County,Georgia,414.013211969112,7399.7,17.873101113865093,479.7,"METAM<br>2,4-D<br>CHLOROTHALONIL<br>SULFUR<br>TRICLOPYR",479.7,13285,"Troup County, Georgia(7)"
13287,13,287,Turner County,Georgia,285.4161227799228,182074.1,637.9250696373336,478.8,GLYPHOSATE<br>DICHLOROPROPENE<br>CHLOROTHALONIL<br>ETHEPHON<br>ACETOCHLOR,478.8,13287,"Turner County, Georgia(7)"
13289,13,289,Twiggs County,Georgia,359.2579513513513,53410,148.66755154366913,549.2,GLYPHOSATE<br>ACETOCHLOR<br>CHLOROTHALONIL<br>METAM<br>ETHEPHON,549.2,13289,"Twiggs County, Georgia(7)"
13291,13,291,Union County,Georgia,322.08171544401546,7090.4,22.01428910742516,480.3,SULFUR<br>ATRAZINE<br>GLYPHOSATE<br>CHLOROTHALONIL<br>CHLOROPICRIN,480.3,13291,"Union County, Georgia(7)"
13293,13,293,Upson County,Georgia,323.4652034749035,10747.7,33.22675788474378,449.3,"2,4-D<br>CHLOROTHALONIL<br>SULFUR<br>METAM<br>MANCOZEB",449.3,13293,"Upson County, Georgia(7)"
13295,13,295,Walker County,Georgia,446.283694980695,7524.3,16.859903430542047,437.7,"2,4-D<br>GLYPHOSATE<br>DICAMBA<br>PICLORAM<br>ATRAZINE",437.7,13295,"Walker County, Georgia(7)"
13297,13,297,Walton County,Georgia,326.8188525096525,6735.5999999999995,20.609582183760544,512,"GLYPHOSATE<br>2,4-D<br>SULFUR<br>ATRAZINE<br>AMINOPYRALID",512,13297,"Walton County, Georgia(7)"
13299,13,299,Ware County,Georgia,899.2371745173746,29137.7,32.40268621639042,472.8,"GLYPHOSATE<br>ACETOCHLOR<br>METAM<br>ETHEPHON<br>2,4-D",472.8,13299,"Ware County, Georgia(7)"
13301,13,301,Warren County,Georgia,284.3671552123552,8958.9,31.504693266385893,527.2,"2,4-D<br>DICHLOROPROPENE<br>GLYPHOSATE<br>ETHEPHON<br>METOLACHLOR & METOLACHLOR-S",527.2,13301,"Warren County, Georgia(7)"
13303,13,303,Washington County,Georgia,678.5227806949807,51762.4,76.28690070948255,457.1,CHLOROTHALONIL<br>GLYPHOSATE<br>SULFUR<br>ACETOCHLOR<br>METAM,457.1,13303,"Washington County, Georgia(7)"
13305,13,305,Wayne County,Georgia,641.8096810810811,45171.5,70.38145626583871,518.3,DICHLOROPROPENE<br>GLYPHOSATE<br>ACETOCHLOR<br>CHLOROPICRIN<br>METAM,518.3,13305,"Wayne County, Georgia(7)"
13307,13,307,Webster County,Georgia,209.65640501930503,85207.5,406.41496257724225,443,DICHLOROPROPENE<br>CHLOROTHALONIL<br>GLYPHOSATE<br>PENDIMETHALIN<br>ACETOCHLOR,443,13307,"Webster County, Georgia(7)"
13309,13,309,Wheeler County,Georgia,295.4881783783784,15764.9,53.3520497724032,328.4,GLYPHOSATE<br>METAM<br>ACETOCHLOR<br>ETHEPHON<br>GLUFOSINATE,328.4,13309,"Wheeler County, Georgia(7)"
13311,13,311,White County,Georgia,240.77231003861004,3373.7,14.011993320407136,538.7,"GLYPHOSATE<br>ATRAZINE<br>2,4-D<br>CHLOROPICRIN<br>DICHLOROPROPENE",538.7,13311,"White County, Georgia(7)"
13313,13,313,Whitfield County,Georgia,290.44383397683396,4525.2,15.580292884995222,467.9,"2,4-D<br>GLYPHOSATE<br>ATRAZINE<br>METOLACHLOR & METOLACHLOR-S<br>PICLORAM",467.9,13313,"Whitfield County, Georgia(7)"
13315,13,315,Wilcox County,Georgia,377.809027027027,169171.7,447.7704022352491,393.2,GLYPHOSATE<br>DICHLOROPROPENE<br>ETHEPHON<br>CHLOROTHALONIL<br>ACETOCHLOR,393.2,13315,"Wilcox County, Georgia(7)"
13317,13,317,Wilkes County,Georgia,469.5014961389961,12651.7,26.947091977433143,469.3,"2,4-D<br>SULFUR<br>GLYPHOSATE<br>PETROLEUM OIL<br>CHLOROPICRIN",469.3,13317,"Wilkes County, Georgia(7)"
13319,13,319,Wilkinson County,Georgia,449.22062625482624,12017.8,26.752556088514837,502.3,"METAM<br>DICHLOROPROPENE<br>SULFUR<br>2,4-D<br>CHLOROPICRIN",502.3,13319,"Wilkinson County, Georgia(7)"
13321,13,321,Worth County,Georgia,570.6888135135135,380090.9,666.021290412064,492.9,GLYPHOSATE<br>DICHLOROPROPENE<br>ETHEPHON<br>CHLOROTHALONIL<br>ACETOCHLOR,492.9,13321,"Worth County, Georgia(7)"
15001,15,001,Hawaii County,Hawaii,4028.411951351351,NA,NA,412.1,NA,412.1,15001,"Hawaii County, Hawaii(7)"
15003,15,003,Honolulu County,Hawaii,600.7828861003861,NA,NA,407.8,NA,407.8,15003,"Honolulu County, Hawaii(7)"
15005,15,005,Kalawao County,Hawaii,11.99135250965251,NA,NA,NA,NA,*,15005,"Kalawao County, Hawaii(7)"
15007,15,007,Kauai County,Hawaii,619.8368324324324,NA,NA,372.1,NA,372.1,15007,"Kauai County, Hawaii(7)"
15009,15,009,Maui County,Hawaii,1161.5344749034748,NA,NA,414.5,NA,414.5,15009,"Maui County, Hawaii(7)"
16001,16,001,Ada County,Idaho,1052.2130586872586,27100.1,25.75533517309707,453.1,GLYPHOSATE<br>METAM<br>SULFUR<br>METAM POTASSIUM<br>CHLOROPICRIN,453.1,16001,"Ada County, Idaho(7)"
16003,16,003,Adams County,Idaho,1362.7988173745173,14168.3,10.396472186038258,396.4,"GLYPHOSATE<br>PETROLEUM OIL<br>CHLOROPICRIN<br>2,4-D<br>CALCIUM POLYSULFIDE",396.4,16003,"Adams County, Idaho(7)"
16005,16,005,Bannock County,Idaho,1112.483723166023,155524.4,139.79925886681048,425.6,"METAM POTASSIUM<br>METAM<br>SULFURIC ACID<br>2,4-D<br>GLYPHOSATE",425.6,16005,"Bannock County, Idaho(7)"
16007,16,007,Bear Lake County,Idaho,975.7232262548264,21344.1,21.87515826790991,383.3,"2,4-D<br>GLYPHOSATE<br>METRIBUZIN<br>CHLORPYRIFOS<br>MCPA",383.3,16007,"Bear Lake County, Idaho(7)"
16009,16,009,Benewah County,Idaho,776.927766023166,192913.5,248.30300632381804,421,METAM POTASSIUM<br>METAM<br>DICHLOROPROPENE<br>CHLOROPICRIN<br>GLYPHOSATE,421,16009,"Benewah County, Idaho(7)"
16011,16,011,Bingham County,Idaho,2093.7227667953666,3080847.7,1471.4687870140124,431.7,"METAM POTASSIUM<br>METAM<br>SULFURIC ACID<br>DICHLOROPROPENE<br>2,4-D",431.7,16011,"Bingham County, Idaho(7)"
16013,16,013,Blaine County,Idaho,2637.7256494208495,158923.1,60.25004914172702,423.1,METAM<br>METAM POTASSIUM<br>DICHLOROPROPENE<br>SULFURIC ACID<br>GLYPHOSATE,423.1,16013,"Blaine County, Idaho(7)"
16015,16,015,Boise County,Idaho,1899.3590312741312,5707.5,3.004961097940122,410.5,GLYPHOSATE<br>PETROLEUM OIL<br>CALCIUM POLYSULFIDE<br>PARAQUAT<br>SULFUR,410.5,16015,"Boise County, Idaho(7)"
16017,16,017,Bonner County,Idaho,1733.2205544401545,1914.8,1.1047641888937194,458.2,GLYPHOSATE<br>KAOLIN CLAY<br>BACILLUS AMYLOLIQUEFACIEN<br>CHLOROPICRIN<br>SULFUR,458.2,16017,"Bonner County, Idaho(7)"
16019,16,019,Bonneville County,Idaho,1865.9517208494208,790302.4,423.5385037937839,450.1,"METAM POTASSIUM<br>METAM<br>SULFURIC ACID<br>DICHLOROPROPENE<br>2,4-D",450.1,16019,"Bonneville County, Idaho(7)"
16021,16,021,Boundary County,Idaho,1268.67295984556,176760.1,139.3267655216027,485.3,METAM POTASSIUM<br>METAM<br>DICHLOROPROPENE<br>CHLOROPICRIN<br>SULFURIC ACID,485.3,16021,"Boundary County, Idaho(7)"
16023,16,023,Butte County,Idaho,2236.476451351351,64288.7,28.745529585681396,471.5,"METAM POTASSIUM<br>METAM<br>SULFURIC ACID<br>GLYPHOSATE<br>2,4-D",471.5,16023,"Butte County, Idaho(7)"
16025,16,025,Camas County,Idaho,1074.2293,165704.1,154.25393814895946,342.9,METAM<br>METAM POTASSIUM<br>DICHLOROPROPENE<br>SULFURIC ACID<br>GLYPHOSATE,342.9,16025,"Camas County, Idaho(7)"
16027,16,027,Canyon County,Idaho,587.0463722007722,784288.5,1335.9907106823414,463.7,CHLOROPICRIN<br>METAM<br>METAM POTASSIUM<br>DICHLOROPROPENE<br>GLYPHOSATE,463.7,16027,"Canyon County, Idaho(7)"
16029,16,029,Caribou County,Idaho,1764.185627027027,172751.30000000002,97.92127163575032,465.5,"METAM POTASSIUM<br>METAM<br>SULFURIC ACID<br>2,4-D<br>GLYPHOSATE",465.5,16029,"Caribou County, Idaho(7)"
16031,16,031,Cassia County,Idaho,2565.5976312741313,235139.8,91.65108243541076,409.2,METAM<br>GLYPHOSATE<br>METAM POTASSIUM<br>DICHLOROPROPENE<br>SULFURIC ACID,409.2,16031,"Cassia County, Idaho(7)"
16033,16,033,Clark County,Idaho,1763.1368644787644,20776,11.783543534575236,336.3,"METAM POTASSIUM<br>2,4-D<br>GLYPHOSATE<br>METAM<br>METRIBUZIN",336.3,16033,"Clark County, Idaho(7)"
16035,16,035,Clearwater County,Idaho,2457.3022625482627,171394.6,69.74909135608779,452.5,METAM POTASSIUM<br>METAM<br>DICHLOROPROPENE<br>CHLOROPICRIN<br>SULFURIC ACID,452.5,16035,"Clearwater County, Idaho(7)"
16037,16,037,Custer County,Idaho,4922.153962162162,11341.8,2.3042351147865903,381.8,"2,4-D<br>GLYPHOSATE<br>METRIBUZIN<br>CHLORPYRIFOS<br>MCPA",381.8,16037,"Custer County, Idaho(7)"
16039,16,039,Elmore County,Idaho,3075.0646247104246,590522.2000000001,192.0357039831671,491.9,METAM<br>METAM POTASSIUM<br>DICHLOROPROPENE<br>GLYPHOSATE<br>EPTC,491.9,16039,"Elmore County, Idaho(7)"
16041,16,041,Franklin County,Idaho,663.0158833976834,158293.7,238.7479756726339,411.4,METAM POTASSIUM<br>METAM<br>SULFURIC ACID<br>GLYPHOSATE<br>DICHLOROPROPENE,411.4,16041,"Franklin County, Idaho(7)"
16043,16,043,Fremont County,Idaho,1863.9510073359072,983972.4,527.8960638597277,378.2,"METAM POTASSIUM<br>METAM<br>SULFURIC ACID<br>DICHLOROPROPENE<br>2,4-D",378.2,16043,"Fremont County, Idaho(7)"
16045,16,045,Gem County,Idaho,559.77098996139,127431.5,227.64934640287368,447.5,METAM<br>METAM POTASSIUM<br>DICHLOROPROPENE<br>GLYPHOSATE<br>EPTC,447.5,16045,"Gem County, Idaho(7)"
16047,16,047,Gooding County,Idaho,729.318838996139,239709.1,328.675316175768,416.6,METAM<br>METAM POTASSIUM<br>DICHLOROPROPENE<br>SULFURIC ACID<br>GLYPHOSATE,416.6,16047,"Gooding County, Idaho(7)"
16049,16,049,Idaho County,Idaho,8477.459715444016,70540.9,8.320995011216676,440.1,"GLYPHOSATE<br>MCPA<br>BROMOXYNIL<br>2,4-D<br>FLUROXYPYR",440.1,16049,"Idaho County, Idaho(7)"
16051,16,051,Jefferson County,Idaho,1093.6754698841698,1412323.2,1291.35492098911,433.6,METAM POTASSIUM<br>METAM<br>SULFURIC ACID<br>DICHLOROPROPENE<br>GLYPHOSATE,433.6,16051,"Jefferson County, Idaho(7)"
16053,16,053,Jerome County,Idaho,597.5404370656371,492759.6,824.6464497362086,430.8,METAM<br>METAM POTASSIUM<br>DICHLOROPROPENE<br>SULFURIC ACID<br>GLYPHOSATE,430.8,16053,"Jerome County, Idaho(7)"
16055,16,055,Kootenai County,Idaho,1237.7747011583012,173994.2,140.57016986789066,457.8,METAM POTASSIUM<br>METAM<br>DICHLOROPROPENE<br>CHLOROPICRIN<br>SULFURIC ACID,457.8,16055,"Kootenai County, Idaho(7)"
16057,16,057,Latah County,Idaho,1075.8621749034749,98032.5,91.1199429506808,422.6,GLYPHOSATE<br>MCPA<br>BROMOXYNIL<br>THIOPHANATE-METHYL<br>METRIBUZIN,422.6,16057,"Latah County, Idaho(7)"
16059,16,059,Lemhi County,Idaho,4563.673577992278,15928.8,3.490346039825145,417.1,"2,4-D<br>GLYPHOSATE<br>PETROLEUM OIL<br>CHLOROPICRIN<br>METRIBUZIN",417.1,16059,"Lemhi County, Idaho(7)"
16061,16,061,Lewis County,Idaho,478.8192903474903,69438.5,145.02026422036352,487.7,"GLYPHOSATE<br>MCPA<br>BROMOXYNIL<br>2,4-D<br>PROPICONAZOLE",487.7,16061,"Lewis County, Idaho(7)"
16063,16,063,Lincoln County,Idaho,1201.3581104247105,174131.3,144.94537348105152,405.2,METAM<br>METAM POTASSIUM<br>DICHLOROPROPENE<br>SULFURIC ACID<br>GLYPHOSATE,405.2,16063,"Lincoln County, Idaho(7)"
16065,16,065,Madison County,Idaho,469.2649706563707,1486464.9,3167.6451321752197,413.8,METAM POTASSIUM<br>METAM<br>SULFURIC ACID<br>DICHLOROPROPENE<br>CHLOROTHALONIL,413.8,16065,"Madison County, Idaho(7)"
16067,16,067,Minidoka County,Idaho,757.2232108108108,1613474.3,2130.777658376772,420.4,METAM<br>METAM POTASSIUM<br>DICHLOROPROPENE<br>SULFURIC ACID<br>GLYPHOSATE,420.4,16067,"Minidoka County, Idaho(7)"
16069,16,069,Nez Perce County,Idaho,848.3165378378378,278207.6,327.9525832528111,426,GLYPHOSATE<br>METAM POTASSIUM<br>METAM<br>DICHLOROPROPENE<br>CHLOROPICRIN,426,16069,"Nez Perce County, Idaho(7)"
16071,16,071,Oneida County,Idaho,1198.9456552123552,35284.1,29.429273834559694,428,"2,4-D<br>GLYPHOSATE<br>MCPA<br>PETROLEUM OIL<br>METRIBUZIN",428,16071,"Oneida County, Idaho(7)"
16073,16,073,Owyhee County,Idaho,7668.167977220077,118887.8,15.504068292867538,431.4,GLYPHOSATE<br>METAM<br>METAM POTASSIUM<br>DICHLOROPROPENE<br>METOLACHLOR & METOLACHLOR-S,431.4,16073,"Owyhee County, Idaho(7)"
16075,16,075,Payette County,Idaho,406.8782745173745,196125.8,482.02573664725134,477.4,METAM<br>METAM POTASSIUM<br>CHLOROPICRIN<br>DICHLOROPROPENE<br>GLYPHOSATE,477.4,16075,"Payette County, Idaho(7)"
16077,16,077,Power County,Idaho,1403.8194606177606,2003360.2,1427.0782363413082,384.7,METAM POTASSIUM<br>METAM<br>SULFURIC ACID<br>DICHLOROPROPENE<br>GLYPHOSATE,384.7,16077,"Power County, Idaho(7)"
16079,16,079,Shoshone County,Idaho,2637.4125772200773,1020.5,0.38693225656626,488.1,GLYPHOSATE<br>KAOLIN CLAY<br>DIURON<br>PARAQUAT<br>HEXAZINONE,488.1,16079,"Shoshone County, Idaho(7)"
16081,16,081,Teton County,Idaho,449.0887942084942,209467.7,466.42824915990315,421.1,METAM POTASSIUM<br>METAM<br>SULFURIC ACID<br>DICHLOROPROPENE<br>GLYPHOSATE,421.1,16081,"Teton County, Idaho(7)"
16083,16,083,Twin Falls County,Idaho,1921.70506023166,577455.2000000001,300.4910649141905,427.8,METAM<br>METAM POTASSIUM<br>DICHLOROPROPENE<br>SULFURIC ACID<br>GLYPHOSATE,427.8,16083,"Twin Falls County, Idaho(7)"
16085,16,085,Valley County,Idaho,3665.101656370656,110940,30.269283201780993,429.1,METAM<br>METAM POTASSIUM<br>DICHLOROPROPENE<br>EPTC<br>MANCOZEB,429.1,16085,"Valley County, Idaho(7)"
16087,16,087,Washington County,Idaho,1452.8456992277993,85740,59.01521410399714,486.7,CHLOROPICRIN<br>GLYPHOSATE<br>METAM<br>PETROLEUM OIL<br>SULFUR,486.7,16087,"Washington County, Idaho(7)"
17001,17,001,Adams County,Illinois,855.147218918919,349262.5,408.4238272347296,517.6,GLYPHOSATE<br>ATRAZINE<br>METOLACHLOR & METOLACHLOR-S<br>ACETOCHLOR<br>DICAMBA,517.6,17001,"Adams County, Illinois(7)"
17003,17,003,Alexander County,Illinois,235.39296023166025,63710.1,270.6542283052992,564.2,GLYPHOSATE<br>METOLACHLOR & METOLACHLOR-S<br>ATRAZINE<br>GLUFOSINATE<br>ACETOCHLOR,564.2,17003,"Alexander County, Illinois(7)"
17005,17,005,Bond County,Illinois,380.3346123552123,181861,478.1605304703415,501.2,GLYPHOSATE<br>METOLACHLOR & METOLACHLOR-S<br>ATRAZINE<br>ACETOCHLOR<br>DICAMBA,501.2,17005,"Bond County, Illinois(7)"
17007,17,007,Boone County,Illinois,280.7479108108108,127418.2,453.8527094716798,442.1,GLYPHOSATE<br>ATRAZINE<br>ACETOCHLOR<br>METOLACHLOR & METOLACHLOR-S<br>METAM,442.1,17007,"Boone County, Illinois(7)"
17009,17,009,Brown County,Illinois,305.72533783783786,84544.6,276.5377596699033,499.3,GLYPHOSATE<br>ATRAZINE<br>METOLACHLOR & METOLACHLOR-S<br>ACETOCHLOR<br>DICAMBA,499.3,17009,"Brown County, Illinois(7)"
17011,17,011,Bureau County,Illinois,869.0673976833976,494287.1,568.7557735079937,513.1,GLYPHOSATE<br>METOLACHLOR & METOLACHLOR-S<br>ATRAZINE<br>ACETOCHLOR<br>DIMETHENAMID & DIMETHENAMID-P,513.1,17011,"Bureau County, Illinois(7)"
17013,17,013,Calhoun County,Illinois,253.82825637065636,63404.6,249.79330869851037,478.5,GLYPHOSATE<br>METOLACHLOR & METOLACHLOR-S<br>ATRAZINE<br>ACETOCHLOR<br>DICAMBA,478.5,17013,"Calhoun County, Illinois(7)"
17015,17,015,Carroll County,Illinois,445.40440154440154,218957.2,491.5919089276727,481,GLYPHOSATE<br>ATRAZINE<br>METOLACHLOR & METOLACHLOR-S<br>ACETOCHLOR<br>DIMETHENAMID & DIMETHENAMID-P,481,17015,"Carroll County, Illinois(7)"
17017,17,017,Cass County,Illinois,375.7521988416988,191990.3,510.949238864957,461.3,"GLYPHOSATE<br>METOLACHLOR & METOLACHLOR-S<br>ATRAZINE<br>ACETOCHLOR<br>2,4-D",461.3,17017,"Cass County, Illinois(7)"
17019,17,019,Champaign County,Illinois,996.0996185328186,592902.3,595.2239002694344,458.1,GLYPHOSATE<br>METOLACHLOR & METOLACHLOR-S<br>ATRAZINE<br>ACETOCHLOR<br>DICAMBA,458.1,17019,"Champaign County, Illinois(7)"
17021,17,021,Christian County,Illinois,709.4798818532819,484569,682.9918823550338,543.5,GLYPHOSATE<br>METOLACHLOR & METOLACHLOR-S<br>ATRAZINE<br>ACETOCHLOR<br>DICAMBA,543.5,17021,"Christian County, Illinois(7)"
17023,17,023,Clark County,Illinois,501.38795945945947,276774.4,552.0164471009382,440.9,GLYPHOSATE<br>METOLACHLOR & METOLACHLOR-S<br>ATRAZINE<br>ACETOCHLOR<br>DICAMBA,440.9,17023,"Clark County, Illinois(7)"
17025,17,025,Clay County,Illinois,468.3486644787645,253498.3,541.2597904642769,554.3,GLYPHOSATE<br>METOLACHLOR & METOLACHLOR-S<br>ATRAZINE<br>ACETOCHLOR<br>DICAMBA,554.3,17025,"Clay County, Illinois(7)"
17027,17,027,Clinton County,Illinois,473.9390571428572,345165.1,728.2900507943546,502.1,GLYPHOSATE<br>METOLACHLOR & METOLACHLOR-S<br>ATRAZINE<br>ACETOCHLOR<br>GLUFOSINATE,502.1,17027,"Clinton County, Illinois(7)"
17029,17,029,Coles County,Illinois,508.2695092664093,340131,669.1941849726824,458.8,GLYPHOSATE<br>ATRAZINE<br>METOLACHLOR & METOLACHLOR-S<br>ACETOCHLOR<br>DICAMBA,458.8,17029,"Coles County, Illinois(7)"
17031,17,031,Cook County,Illinois,944.9192652509652,8822.4,9.336670681232032,432.1,GLYPHOSATE<br>ATRAZINE<br>ACETOCHLOR<br>METOLACHLOR & METOLACHLOR-S<br>PHORATE,432.1,17031,"Cook County, Illinois(7)"
17033,17,033,Crawford County,Illinois,443.6414131274131,253560.4,571.5435766299344,449.5,GLYPHOSATE<br>METOLACHLOR & METOLACHLOR-S<br>ATRAZINE<br>ACETOCHLOR<br>DICAMBA,449.5,17033,"Crawford County, Illinois(7)"
17035,17,035,Cumberland County,Illinois,345.94207722007724,197566.3,571.0964725297486,496.8,GLYPHOSATE<br>METOLACHLOR & METOLACHLOR-S<br>ATRAZINE<br>ACETOCHLOR<br>DICAMBA,496.8,17035,"Cumberland County, Illinois(7)"
17037,17,037,DeKalb County,Illinois,631.3341702702703,328891.7,520.9470918692766,556.8,GLYPHOSATE<br>ATRAZINE<br>ACETOCHLOR<br>METOLACHLOR & METOLACHLOR-S<br>DIMETHENAMID & DIMETHENAMID-P,556.8,17037,"DeKalb County, Illinois(7)"
17039,17,039,De Witt County,Illinois,397.5591984555985,300351.4,755.4884937055351,466.2,GLYPHOSATE<br>ATRAZINE<br>METOLACHLOR & METOLACHLOR-S<br>DICAMBA<br>ACETOCHLOR,466.2,17039,"De Witt County, Illinois(7)"
17041,17,041,Douglas County,Illinois,416.6477857142857,322170.1,773.2432789668698,486.1,GLYPHOSATE<br>ATRAZINE<br>METOLACHLOR & METOLACHLOR-S<br>ACETOCHLOR<br>DICAMBA,486.1,17041,"Douglas County, Illinois(7)"
17043,17,043,DuPage County,Illinois,327.8453745173745,2491.7000000000003,7.600229235102263,447.9,GLYPHOSATE<br>ATRAZINE<br>ACETOCHLOR<br>CAPTAN<br>METAM,447.9,17043,"DuPage County, Illinois(7)"
17045,17,045,Edgar County,Illinois,623.3207223938224,466402.5,748.2544430880009,446.1,GLYPHOSATE<br>ATRAZINE<br>METOLACHLOR & METOLACHLOR-S<br>ACETOCHLOR<br>DICAMBA,446.1,17045,"Edgar County, Illinois(7)"
17047,17,047,Edwards County,Illinois,222.39863706563708,91478.4,411.3262617387432,436.6,GLYPHOSATE<br>METOLACHLOR & METOLACHLOR-S<br>ATRAZINE<br>ACETOCHLOR<br>PARAQUAT,436.6,17047,"Edwards County, Illinois(7)"
17049,17,049,Effingham County,Illinois,478.7667613899614,260950,545.0461916829958,494,GLYPHOSATE<br>METOLACHLOR & METOLACHLOR-S<br>ATRAZINE<br>ACETOCHLOR<br>DICAMBA,494,17049,"Effingham County, Illinois(7)"
17051,17,051,Fayette County,Illinois,716.4394077220077,393102.4,548.6889690363478,478.8,GLYPHOSATE<br>METOLACHLOR & METOLACHLOR-S<br>ATRAZINE<br>ACETOCHLOR<br>DICAMBA,478.8,17051,"Fayette County, Illinois(7)"
17053,17,053,Ford County,Illinois,485.5946447876448,307965.3,634.2024223407079,513,GLYPHOSATE<br>METOLACHLOR & METOLACHLOR-S<br>ATRAZINE<br>ACETOCHLOR<br>DICAMBA,513,17053,"Ford County, Illinois(7)"
17055,17,055,Franklin County,Illinois,408.9247,103189.3,252.3430352825349,531.2,GLYPHOSATE<br>METOLACHLOR & METOLACHLOR-S<br>ACETOCHLOR<br>ATRAZINE<br>GLUFOSINATE,531.2,17055,"Franklin County, Illinois(7)"
17057,17,057,Fulton County,Illinois,865.6794752895753,315836.2,364.8419640472021,524.6,GLYPHOSATE<br>ATRAZINE<br>METOLACHLOR & METOLACHLOR-S<br>ACETOCHLOR<br>DICAMBA,524.6,17057,"Fulton County, Illinois(7)"
17059,17,059,Gallatin County,Illinois,322.9396324324324,131160.2,406.1446376589972,453.4,GLYPHOSATE<br>METOLACHLOR & METOLACHLOR-S<br>ATRAZINE<br>ACETOCHLOR<br>PARAQUAT,453.4,17059,"Gallatin County, Illinois(7)"
17061,17,061,Greene County,Illinois,543.1415436293436,282784.4,520.6458672087524,544.6,GLYPHOSATE<br>METOLACHLOR & METOLACHLOR-S<br>ATRAZINE<br>ACETOCHLOR<br>DICAMBA,544.6,17061,"Greene County, Illinois(7)"
17063,17,063,Grundy County,Illinois,418.1259803088803,192949.6,461.4628343770058,541.8,GLYPHOSATE<br>ATRAZINE<br>ACETOCHLOR<br>METOLACHLOR & METOLACHLOR-S<br>PHORATE,541.8,17063,"Grundy County, Illinois(7)"
17065,17,065,Hamilton County,Illinois,434.64539806949807,163930,377.1580252042338,385.7,GLYPHOSATE<br>METOLACHLOR & METOLACHLOR-S<br>ATRAZINE<br>ACETOCHLOR<br>PARAQUAT,385.7,17065,"Hamilton County, Illinois(7)"
17067,17,067,Hancock County,Illinois,793.7446760617761,391011.4,492.6160915371836,464.1,GLYPHOSATE<br>ATRAZINE<br>METOLACHLOR & METOLACHLOR-S<br>ACETOCHLOR<br>DICAMBA,464.1,17067,"Hancock County, Illinois(7)"
17069,17,069,Hardin County,Illinois,177.3880671814672,6419.4,36.188454511052214,477.2,GLYPHOSATE<br>METOLACHLOR & METOLACHLOR-S<br>ACETOCHLOR<br>ATRAZINE<br>GLUFOSINATE,477.2,17069,"Hardin County, Illinois(7)"
17071,17,071,Henderson County,Illinois,378.7910397683398,189781.1,501.0179230112358,421.7,GLYPHOSATE<br>ATRAZINE<br>METOLACHLOR & METOLACHLOR-S<br>ACETOCHLOR<br>DIMETHENAMID & DIMETHENAMID-P,421.7,17071,"Henderson County, Illinois(7)"
17073,17,073,Henry County,Illinois,823.0576498069498,465329.6,565.3669583280639,472,GLYPHOSATE<br>METOLACHLOR & METOLACHLOR-S<br>ATRAZINE<br>ACETOCHLOR<br>DICAMBA,472,17073,"Henry County, Illinois(7)"
17075,17,075,Iroquois County,Illinois,1117.389840926641,683092.8,611.3289874136653,507.3,GLYPHOSATE<br>METOLACHLOR & METOLACHLOR-S<br>ATRAZINE<br>ACETOCHLOR<br>DICAMBA,507.3,17075,"Iroquois County, Illinois(7)"
17077,17,077,Jackson County,Illinois,583.5674115830116,213483.7,365.8252598802499,513.9,GLYPHOSATE<br>METOLACHLOR & METOLACHLOR-S<br>ATRAZINE<br>GLUFOSINATE<br>PARAQUAT,513.9,17077,"Jackson County, Illinois(7)"
17079,17,079,Jasper County,Illinois,494.61143513513514,308474.60000000003,623.6705787356498,524.7,GLYPHOSATE<br>METOLACHLOR & METOLACHLOR-S<br>ATRAZINE<br>ACETOCHLOR<br>DICAMBA,524.7,17079,"Jasper County, Illinois(7)"
17081,17,081,Jefferson County,Illinois,571.2318536679537,137645.6,240.96275289299743,491.3,GLYPHOSATE<br>METOLACHLOR & METOLACHLOR-S<br>ACETOCHLOR<br>ATRAZINE<br>GLUFOSINATE,491.3,17081,"Jefferson County, Illinois(7)"
17083,17,083,Jersey County,Illinois,369.55401853281853,184382.8,498.9332837781758,515.1,GLYPHOSATE<br>METOLACHLOR & METOLACHLOR-S<br>ATRAZINE<br>ACETOCHLOR<br>DICAMBA,515.1,17083,"Jersey County, Illinois(7)"
17085,17,085,Jo Daviess County,Illinois,600.9209876447876,169494,282.0570482390776,429.8,GLYPHOSATE<br>METOLACHLOR & METOLACHLOR-S<br>ATRAZINE<br>ACETOCHLOR<br>DIMETHENAMID & DIMETHENAMID-P,429.8,17085,"Jo Daviess County, Illinois(7)"
17087,17,087,Johnson County,Illinois,343.7352138996139,47772.9,138.98168726452283,469.3,"GLYPHOSATE<br>METOLACHLOR & METOLACHLOR-S<br>ATRAZINE<br>GLUFOSINATE<br>2,4-D",469.3,17087,"Johnson County, Illinois(7)"
17089,17,089,Kane County,Illinois,519.2694764478764,134733.3,259.46701300769473,445.9,GLYPHOSATE<br>ATRAZINE<br>ACETOCHLOR<br>METOLACHLOR & METOLACHLOR-S<br>PHORATE,445.9,17089,"Kane County, Illinois(7)"
17091,17,091,Kankakee County,Illinois,676.4870003861004,363282,537.0125365197842,495.9,GLYPHOSATE<br>ATRAZINE<br>METOLACHLOR & METOLACHLOR-S<br>ACETOCHLOR<br>DICAMBA,495.9,17091,"Kankakee County, Illinois(7)"
17093,17,093,Kendall County,Illinois,320.2361374517375,135080,421.8137311887788,479.4,GLYPHOSATE<br>ATRAZINE<br>ACETOCHLOR<br>METOLACHLOR & METOLACHLOR-S<br>PHORATE,479.4,17093,"Kendall County, Illinois(7)"
17095,17,095,Knox County,Illinois,716.3520262548262,356005.39999999997,496.96990718549176,471.5,GLYPHOSATE<br>ATRAZINE<br>METOLACHLOR & METOLACHLOR-S<br>ACETOCHLOR<br>DICAMBA,471.5,17095,"Knox County, Illinois(7)"
17097,17,097,Lake County,Illinois,443.6773768339768,19444.4,43.82553859011851,458.8,GLYPHOSATE<br>ATRAZINE<br>ACETOCHLOR<br>METOLACHLOR & METOLACHLOR-S<br>PHORATE,458.8,17097,"Lake County, Illinois(7)"
17099,17,099,LaSalle County,Illinois,1135.1324328185328,540522.2999999999,476.1755407321801,498.8,GLYPHOSATE<br>ATRAZINE<br>ACETOCHLOR<br>METOLACHLOR & METOLACHLOR-S<br>PHORATE,498.8,17099,"La Salle County, Illinois(7)"
17101,17,101,Lawrence County,Illinois,372.1768826254826,230097.1,618.2466207379787,465.8,GLYPHOSATE<br>METOLACHLOR & METOLACHLOR-S<br>ATRAZINE<br>ACETOCHLOR<br>DICAMBA,465.8,17101,"Lawrence County, Illinois(7)"
17103,17,103,Lee County,Illinois,724.7652806949807,440728.9,608.0988034876382,472.6,GLYPHOSATE<br>METOLACHLOR & METOLACHLOR-S<br>ATRAZINE<br>ACETOCHLOR<br>DIMETHENAMID & DIMETHENAMID-P,472.6,17103,"Lee County, Illinois(7)"
17105,17,105,Livingston County,Illinois,1043.623118146718,645633.1,618.6458394545007,478.4,GLYPHOSATE<br>METOLACHLOR & METOLACHLOR-S<br>ATRAZINE<br>ACETOCHLOR<br>DICAMBA,478.4,17105,"Livingston County, Illinois(7)"
17107,17,107,Logan County,Illinois,618.0495204633205,488144.9,789.8151909155474,540.8,GLYPHOSATE<br>ATRAZINE<br>METOLACHLOR & METOLACHLOR-S<br>ACETOCHLOR<br>DICAMBA,540.8,17107,"Logan County, Illinois(7)"
17109,17,109,McDonough County,Illinois,589.3018768339768,316787.2,537.5635348421739,453.3,GLYPHOSATE<br>ATRAZINE<br>METOLACHLOR & METOLACHLOR-S<br>ACETOCHLOR<br>DICAMBA,453.3,17109,"McDonough County, Illinois(7)"
17111,17,111,McHenry County,Illinois,603.3939250965251,157532.9,261.07803451087017,479.4,GLYPHOSATE<br>ATRAZINE<br>ACETOCHLOR<br>METOLACHLOR & METOLACHLOR-S<br>PHORATE,479.4,17111,"McHenry County, Illinois(7)"
17113,17,113,McLean County,Illinois,1183.2421965250965,923921.3,780.8387012509689,431.8,GLYPHOSATE<br>ATRAZINE<br>METOLACHLOR & METOLACHLOR-S<br>DICAMBA<br>ACETOCHLOR,431.8,17113,"McLean County, Illinois(7)"
17115,17,115,Macon County,Illinois,580.5455830115831,418395.3,720.6932792935437,553.7,GLYPHOSATE<br>ATRAZINE<br>METOLACHLOR & METOLACHLOR-S<br>ACETOCHLOR<br>DICAMBA,553.7,17115,"Macon County, Illinois(7)"
17117,17,117,Macoupin County,Illinois,862.9695366795366,455964.4,528.3667390559607,544.4,GLYPHOSATE<br>METOLACHLOR & METOLACHLOR-S<br>ATRAZINE<br>ACETOCHLOR<br>DICAMBA,544.4,17117,"Macoupin County, Illinois(7)"
17119,17,119,Madison County,Illinois,715.516045945946,292613.2,408.95407120206727,501.1,GLYPHOSATE<br>METOLACHLOR & METOLACHLOR-S<br>ATRAZINE<br>ACETOCHLOR<br>DICAMBA,501.1,17119,"Madison County, Illinois(7)"
17121,17,121,Marion County,Illinois,572.534986100386,254409,444.35537770855615,565.2,GLYPHOSATE<br>METOLACHLOR & METOLACHLOR-S<br>ATRAZINE<br>ACETOCHLOR<br>DICAMBA,565.2,17121,"Marion County, Illinois(7)"
17123,17,123,Marshall County,Illinois,386.8205552123552,271742,702.5014476048724,489.6,GLYPHOSATE<br>ATRAZINE<br>METOLACHLOR & METOLACHLOR-S<br>ACETOCHLOR<br>DICAMBA,489.6,17123,"Marshall County, Illinois(7)"
17125,17,125,Mason County,Illinois,539.3493617760618,367878.8,682.0788640383031,549.5,GLYPHOSATE<br>ATRAZINE<br>METOLACHLOR & METOLACHLOR-S<br>ACETOCHLOR<br>DICAMBA,549.5,17125,"Mason County, Illinois(7)"
17127,17,127,Massac County,Illinois,237.14993436293437,71339.7,300.8210826270847,456.8,GLYPHOSATE<br>METOLACHLOR & METOLACHLOR-S<br>ATRAZINE<br>ACETOCHLOR<br>GLUFOSINATE,456.8,17127,"Massac County, Illinois(7)"
17129,17,129,Menard County,Illinois,314.3897096525097,207494.4,659.991067230987,591,GLYPHOSATE<br>ATRAZINE<br>METOLACHLOR & METOLACHLOR-S<br>DICAMBA<br>ACETOCHLOR,591,17129,"Menard County, Illinois(7)"
17131,17,131,Mercer County,Illinois,561.2372154440154,281379.4,501.3555627764107,532.6,GLYPHOSATE<br>METOLACHLOR & METOLACHLOR-S<br>ATRAZINE<br>ACETOCHLOR<br>DICAMBA,532.6,17131,"Mercer County, Illinois(7)"
17133,17,133,Monroe County,Illinois,385.29885212355214,239337.2,621.1728861399586,457.6,GLYPHOSATE<br>METOLACHLOR & METOLACHLOR-S<br>ATRAZINE<br>GLUFOSINATE<br>ACETOCHLOR,457.6,17133,"Monroe County, Illinois(7)"
17135,17,135,Montgomery County,Illinois,703.7626698841699,414909.5,589.5588353219824,489.1,GLYPHOSATE<br>METOLACHLOR & METOLACHLOR-S<br>ATRAZINE<br>ACETOCHLOR<br>DICAMBA,489.1,17135,"Montgomery County, Illinois(7)"
17137,17,137,Morgan County,Illinois,568.9559104247104,337287.1,592.8176398558268,560.2,GLYPHOSATE<br>METOLACHLOR & METOLACHLOR-S<br>ATRAZINE<br>ACETOCHLOR<br>DICAMBA,560.2,17137,"Morgan County, Illinois(7)"
17139,17,139,Moultrie County,Illinois,335.95651235521234,249966.5,744.0442164600944,487.3,GLYPHOSATE<br>ATRAZINE<br>METOLACHLOR & METOLACHLOR-S<br>ACETOCHLOR<br>DICAMBA,487.3,17139,"Moultrie County, Illinois(7)"
17141,17,141,Ogle County,Illinois,758.6500961389961,384563,506.90430536707174,480.6,GLYPHOSATE<br>METOLACHLOR & METOLACHLOR-S<br>ATRAZINE<br>ACETOCHLOR<br>DIMETHENAMID & DIMETHENAMID-P,480.6,17141,"Ogle County, Illinois(7)"
17143,17,143,Peoria County,Illinois,618.6922505791506,294200.8,475.5204218649935,500.8,GLYPHOSATE<br>ATRAZINE<br>METOLACHLOR & METOLACHLOR-S<br>ACETOCHLOR<br>DICAMBA,500.8,17143,"Peoria County, Illinois(7)"
17145,17,145,Perry County,Illinois,441.9255918918919,252810.2,572.0650820825169,503.5,GLYPHOSATE<br>METOLACHLOR & METOLACHLOR-S<br>ATRAZINE<br>GLUFOSINATE<br>ACETOCHLOR,503.5,17145,"Perry County, Illinois(7)"
17147,17,147,Piatt County,Illinois,439.1861347490347,276002,628.4396937023446,478.1,GLYPHOSATE<br>METOLACHLOR & METOLACHLOR-S<br>ATRAZINE<br>ACETOCHLOR<br>DICAMBA,478.1,17147,"Piatt County, Illinois(7)"
17149,17,149,Pike County,Illinois,831.3477640926641,369009.6,443.8691194445424,557.7,GLYPHOSATE<br>METOLACHLOR & METOLACHLOR-S<br>ATRAZINE<br>ACETOCHLOR<br>DICAMBA,557.7,17149,"Pike County, Illinois(7)"
17151,17,151,Pope County,Illinois,368.86565212355214,14451.5,39.17822089642396,422.3,GLYPHOSATE<br>METOLACHLOR & METOLACHLOR-S<br>ATRAZINE<br>ACETOCHLOR<br>PARAQUAT,422.3,17151,"Pope County, Illinois(7)"
17153,17,153,Pulaski County,Illinois,199.26664671814672,119950.7,601.9607494558013,546.9,GLYPHOSATE<br>METOLACHLOR & METOLACHLOR-S<br>ATRAZINE<br>GLUFOSINATE<br>METAM,546.9,17153,"Pulaski County, Illinois(7)"
17155,17,155,Putnam County,Illinois,160.09651544401544,69133.4,431.8232649115679,467.9,GLYPHOSATE<br>METOLACHLOR & METOLACHLOR-S<br>ATRAZINE<br>METAM<br>ACETOCHLOR,467.9,17155,"Putnam County, Illinois(7)"
17157,17,157,Randolph County,Illinois,575.3645166023166,310129.6,539.0141224408472,479.1,GLYPHOSATE<br>METOLACHLOR & METOLACHLOR-S<br>ATRAZINE<br>GLUFOSINATE<br>ACETOCHLOR,479.1,17157,"Randolph County, Illinois(7)"
17159,17,159,Richland County,Illinois,360.03269922779924,225764.8,627.0674871594218,454.3,GLYPHOSATE<br>METOLACHLOR & METOLACHLOR-S<br>ATRAZINE<br>ACETOCHLOR<br>DICAMBA,454.3,17159,"Richland County, Illinois(7)"
17161,17,161,Rock Island County,Illinois,427.49412702702705,149449,349.5931067856554,437.2,GLYPHOSATE<br>METOLACHLOR & METOLACHLOR-S<br>ATRAZINE<br>ACETOCHLOR<br>METAM,437.2,17161,"Rock Island County, Illinois(7)"
17163,17,163,St. Clair County,Illinois,657.7452868725869,359162.3,546.0507390447847,480.8,GLYPHOSATE<br>METOLACHLOR & METOLACHLOR-S<br>ATRAZINE<br>ACETOCHLOR<br>GLUFOSINATE,480.8,17163,"St. Clair County, Illinois(7)"
17165,17,165,Saline County,Illinois,379.9939003861004,99167.1,260.9702416255611,471.5,GLYPHOSATE<br>METOLACHLOR & METOLACHLOR-S<br>ATRAZINE<br>ACETOCHLOR<br>PARAQUAT,471.5,17165,"Saline County, Illinois(7)"
17167,17,167,Sangamon County,Illinois,868.2258007722007,501557.6999999999,577.6811741299489,545.7,GLYPHOSATE<br>METOLACHLOR & METOLACHLOR-S<br>ATRAZINE<br>ACETOCHLOR<br>DICAMBA,545.7,17167,"Sangamon County, Illinois(7)"
17169,17,169,Schuyler County,Illinois,437.2983637065637,148120.6,338.7174805423969,483,GLYPHOSATE<br>ATRAZINE<br>METOLACHLOR & METOLACHLOR-S<br>ACETOCHLOR<br>DICAMBA,483,17169,"Schuyler County, Illinois(7)"
17171,17,171,Scott County,Illinois,250.78843166023165,156792,625.1963017673077,554.9,GLYPHOSATE<br>METOLACHLOR & METOLACHLOR-S<br>ATRAZINE<br>ACETOCHLOR<br>DICAMBA,554.9,17171,"Scott County, Illinois(7)"
17173,17,173,Shelby County,Illinois,758.5043015444015,500952,660.4471444393979,567.9,GLYPHOSATE<br>ATRAZINE<br>METOLACHLOR & METOLACHLOR-S<br>ACETOCHLOR<br>DICAMBA,567.9,17173,"Shelby County, Illinois(7)"
17175,17,175,Stark County,Illinois,288.10421003861006,241177.1,837.1175831400689,508.6,GLYPHOSATE<br>ATRAZINE<br>METOLACHLOR & METOLACHLOR-S<br>ACETOCHLOR<br>DICAMBA,508.6,17175,"Stark County, Illinois(7)"
17177,17,177,Stephenson County,Illinois,564.2440351351352,289823.2,513.6486731855092,433.7,GLYPHOSATE<br>METOLACHLOR & METOLACHLOR-S<br>ATRAZINE<br>ACETOCHLOR<br>DIMETHENAMID & DIMETHENAMID-P,433.7,17177,"Stephenson County, Illinois(7)"
17179,17,179,Tazewell County,Illinois,646.4658590733591,414335.8,640.9244884082616,504.4,GLYPHOSATE<br>ATRAZINE<br>METOLACHLOR & METOLACHLOR-S<br>ACETOCHLOR<br>DICAMBA,504.4,17179,"Tazewell County, Illinois(7)"
17181,17,181,Union County,Illinois,413.4097555984556,121701.1,294.38371579747655,460.5,GLYPHOSATE<br>METOLACHLOR & METOLACHLOR-S<br>ATRAZINE<br>GLUFOSINATE<br>ACETOCHLOR,460.5,17181,"Union County, Illinois(7)"
17183,17,183,Vermilion County,Illinois,898.3162247104248,479036,533.2598775608432,536.1,GLYPHOSATE<br>METOLACHLOR & METOLACHLOR-S<br>ATRAZINE<br>ACETOCHLOR<br>DICAMBA,536.1,17183,"Vermilion County, Illinois(7)"
17185,17,185,Wabash County,Illinois,223.3220057915058,103914.2,465.3110634203002,462,GLYPHOSATE<br>METOLACHLOR & METOLACHLOR-S<br>ATRAZINE<br>ACETOCHLOR<br>PARAQUAT,462,17185,"Wabash County, Illinois(7)"
17187,17,187,Warren County,Illinois,542.3192880308881,334188.6,616.2211217185513,503.1,GLYPHOSATE<br>ATRAZINE<br>METOLACHLOR & METOLACHLOR-S<br>ACETOCHLOR<br>DICAMBA,503.1,17187,"Warren County, Illinois(7)"
17189,17,189,Washington County,Illinois,562.5946637065637,459440.6,816.6458547136764,522.2,GLYPHOSATE<br>METOLACHLOR & METOLACHLOR-S<br>ATRAZINE<br>GLUFOSINATE<br>ACETOCHLOR,522.2,17189,"Washington County, Illinois(7)"
17191,17,191,Wayne County,Illinois,713.8292467181467,272088.8,381.16790710234574,424.7,GLYPHOSATE<br>METOLACHLOR & METOLACHLOR-S<br>ATRAZINE<br>ACETOCHLOR<br>PARAQUAT,424.7,17191,"Wayne County, Illinois(7)"
17193,17,193,White County,Illinois,494.9803926640927,209692.3,423.6375886959687,421.6,GLYPHOSATE<br>METOLACHLOR & METOLACHLOR-S<br>ATRAZINE<br>ACETOCHLOR<br>PARAQUAT,421.6,17193,"White County, Illinois(7)"
17195,17,195,Whiteside County,Illinois,684.0961081081081,377682.7,552.0901164669608,460.1,GLYPHOSATE<br>ATRAZINE<br>METOLACHLOR & METOLACHLOR-S<br>ACETOCHLOR<br>DIMETHENAMID & DIMETHENAMID-P,460.1,17195,"Whiteside County, Illinois(7)"
17197,17,197,Will County,Illinois,835.8731725868726,201988.7,241.64993760343145,470.5,GLYPHOSATE<br>ATRAZINE<br>ACETOCHLOR<br>METOLACHLOR & METOLACHLOR-S<br>PHORATE,470.5,17197,"Will County, Illinois(7)"
17199,17,199,Williamson County,Illinois,420.20849305019306,101997.8,242.7314099713272,497.8,GLYPHOSATE<br>METOLACHLOR & METOLACHLOR-S<br>ATRAZINE<br>METAM<br>GLUFOSINATE,497.8,17199,"Williamson County, Illinois(7)"
17201,17,201,Winnebago County,Illinois,513.0473216216217,180274.3,351.37947788168043,457.1,GLYPHOSATE<br>METOLACHLOR & METOLACHLOR-S<br>ATRAZINE<br>ACETOCHLOR<br>METAM,457.1,17201,"Winnebago County, Illinois(7)"
17203,17,203,Woodford County,Illinois,527.5547791505792,363814.9,689.6248776018706,501.6,GLYPHOSATE<br>ATRAZINE<br>METOLACHLOR & METOLACHLOR-S<br>ACETOCHLOR<br>DICAMBA,501.6,17203,"Woodford County, Illinois(7)"
18001,18,001,Adams County,Indiana,338.9239088803089,195376.7,576.4618396071827,NA,"GLYPHOSATE<br>ATRAZINE<br>METOLACHLOR & METOLACHLOR-S<br>2,4-D<br>ACETOCHLOR",data not available,18001,"Adams County, Indiana(6)"
18003,18,003,Allen County,Indiana,657.1430691119691,252790,384.6803106994768,NA,"GLYPHOSATE<br>ATRAZINE<br>METOLACHLOR & METOLACHLOR-S<br>2,4-D<br>ACETOCHLOR",data not available,18003,"Allen County, Indiana(6)"
18005,18,005,Bartholomew County,Indiana,406.9377857142857,123159.4,302.64921155901504,NA,"GLYPHOSATE<br>METOLACHLOR & METOLACHLOR-S<br>ATRAZINE<br>2,4-D<br>GLUFOSINATE",data not available,18005,"Bartholomew County, Indiana(6)"
18007,18,007,Benton County,Indiana,406.41562123552126,259866.6,639.4109537669693,NA,GLYPHOSATE<br>METOLACHLOR & METOLACHLOR-S<br>ATRAZINE<br>ACETOCHLOR<br>DICAMBA,data not available,18007,"Benton County, Indiana(6)"
18009,18,009,Blackford County,Indiana,165.08085173745172,66537.3,403.0588605504799,NA,GLYPHOSATE<br>METOLACHLOR & METOLACHLOR-S<br>ATRAZINE<br>GLUFOSINATE<br>ACETOCHLOR,data not available,18009,"Blackford County, Indiana(6)"
18011,18,011,Boone County,Indiana,422.8803158301158,182977.5,432.6933488044114,NA,"GLYPHOSATE<br>METOLACHLOR & METOLACHLOR-S<br>ATRAZINE<br>2,4-D<br>GLUFOSINATE",data not available,18011,"Boone County, Indiana(6)"
18013,18,013,Brown County,Indiana,311.9860413127413,3149.5,10.095002926245908,NA,GLYPHOSATE<br>ATRAZINE<br>METOLACHLOR & METOLACHLOR-S<br>CAPTAN<br>MANCOZEB,data not available,18013,"Brown County, Indiana(6)"
18015,18,015,Carroll County,Indiana,372.2229386100386,165809.3,445.4569635583663,NA,"GLYPHOSATE<br>ATRAZINE<br>METOLACHLOR & METOLACHLOR-S<br>ACETOCHLOR<br>2,4-D",data not available,18015,"Carroll County, Indiana(6)"
18017,18,017,Cass County,Indiana,412.142238996139,166200.6,403.26029286592245,NA,"GLYPHOSATE<br>ATRAZINE<br>METOLACHLOR & METOLACHLOR-S<br>ACETOCHLOR<br>2,4-D",data not available,18017,"Cass County, Indiana(6)"
18019,18,019,Clark County,Indiana,372.48560965250965,61248.2,164.43105025490303,NA,"GLYPHOSATE<br>METOLACHLOR & METOLACHLOR-S<br>ATRAZINE<br>2,4-D<br>ACETOCHLOR",data not available,18019,"Clark County, Indiana(6)"
18021,18,021,Clay County,Indiana,357.59870694980697,156985.7,438.9996298896985,NA,"GLYPHOSATE<br>ACETOCHLOR<br>ATRAZINE<br>2,4-D<br>DICAMBA",data not available,18021,"Clay County, Indiana(6)"
18023,18,023,Clinton County,Indiana,405.0653231660232,202498.2,499.9149233937326,NA,"GLYPHOSATE<br>METOLACHLOR & METOLACHLOR-S<br>ATRAZINE<br>2,4-D<br>GLUFOSINATE",data not available,18023,"Clinton County, Indiana(6)"
18025,18,025,Crawford County,Indiana,305.61188996139,10139.7,33.178355728505906,NA,"GLYPHOSATE<br>ATRAZINE<br>METOLACHLOR & METOLACHLOR-S<br>2,4-D<br>FOMESAFEN",data not available,18025,"Crawford County, Indiana(6)"
18027,18,027,Daviess County,Indiana,429.5122891891892,218494.1,508.7027903496352,NA,GLYPHOSATE<br>ATRAZINE<br>METOLACHLOR & METOLACHLOR-S<br>ACETOCHLOR<br>DICAMBA,data not available,18027,"Daviess County, Indiana(6)"
18029,18,029,Dearborn County,Indiana,305.08542664092664,24085.2,78.94575714475971,NA,"GLYPHOSATE<br>METOLACHLOR & METOLACHLOR-S<br>ATRAZINE<br>2,4-D<br>ACETOCHLOR",data not available,18029,"Dearborn County, Indiana(6)"
18031,18,031,Decatur County,Indiana,372.56607374517375,147257.1,395.25096453285846,NA,"GLYPHOSATE<br>METOLACHLOR & METOLACHLOR-S<br>ATRAZINE<br>2,4-D<br>GLUFOSINATE",data not available,18031,"Decatur County, Indiana(6)"
18033,18,033,DeKalb County,Indiana,362.8323567567568,164481.4,453.3261627222197,NA,"GLYPHOSATE<br>ATRAZINE<br>2,4-D<br>METOLACHLOR & METOLACHLOR-S<br>ACETOCHLOR",data not available,18033,"DeKalb County, Indiana(6)"
18035,18,035,Delaware County,Indiana,392.10765173745176,137988.8,351.915601209422,NA,GLYPHOSATE<br>METOLACHLOR & METOLACHLOR-S<br>ATRAZINE<br>GLUFOSINATE<br>ACETOCHLOR,data not available,18035,"Delaware County, Indiana(6)"
18037,18,037,Dubois County,Indiana,427.265005019305,147254.4,344.6441863249405,NA,GLYPHOSATE<br>ATRAZINE<br>METOLACHLOR & METOLACHLOR-S<br>ACETOCHLOR<br>DICAMBA,data not available,18037,"Dubois County, Indiana(6)"
18039,18,039,Elkhart County,Indiana,463.1558525096525,80376.8,173.54158338812073,NA,"GLYPHOSATE<br>ATRAZINE<br>METOLACHLOR & METOLACHLOR-S<br>ACETOCHLOR<br>2,4-D",data not available,18039,"Elkhart County, Indiana(6)"
18041,18,041,Fayette County,Indiana,215.01991312741313,70908.6,329.77689818887654,NA,GLYPHOSATE<br>ATRAZINE<br>METOLACHLOR & METOLACHLOR-S<br>ACETOCHLOR<br>GLUFOSINATE,data not available,18041,"Fayette County, Indiana(6)"
18043,18,043,Floyd County,Indiana,148.48570772200773,12664.4,85.29036359317531,NA,GLYPHOSATE<br>ATRAZINE<br>METOLACHLOR & METOLACHLOR-S<br>ACETOCHLOR<br>SIMAZINE,data not available,18043,"Floyd County, Indiana(6)"
18045,18,045,Fountain County,Indiana,395.665767953668,221808.9,560.5966398032532,NA,"GLYPHOSATE<br>ATRAZINE<br>ACETOCHLOR<br>2,4-D<br>DICAMBA",data not available,18045,"Fountain County, Indiana(6)"
18047,18,047,Franklin County,Indiana,384.4245154440154,93433,243.04641417596287,NA,"GLYPHOSATE<br>ATRAZINE<br>METOLACHLOR & METOLACHLOR-S<br>2,4-D<br>ACETOCHLOR",data not available,18047,"Franklin County, Indiana(6)"
18049,18,049,Fulton County,Indiana,368.3912478764479,151125.1,410.2298870321826,NA,"GLYPHOSATE<br>ATRAZINE<br>METOLACHLOR & METOLACHLOR-S<br>ACETOCHLOR<br>2,4-D",data not available,18049,"Fulton County, Indiana(6)"
18051,18,051,Gibson County,Indiana,487.3756571428571,283333.9,581.3460230266498,NA,GLYPHOSATE<br>ATRAZINE<br>METOLACHLOR & METOLACHLOR-S<br>ACETOCHLOR<br>DICAMBA,data not available,18051,"Gibson County, Indiana(6)"
18053,18,053,Grant County,Indiana,414.08665405405407,166904.7,403.0670835824924,NA,"GLYPHOSATE<br>METOLACHLOR & METOLACHLOR-S<br>ATRAZINE<br>2,4-D<br>GLUFOSINATE",data not available,18053,"Grant County, Indiana(6)"
18055,18,055,Greene County,Indiana,542.4648386100386,144042,265.53241749102085,NA,GLYPHOSATE<br>ATRAZINE<br>METOLACHLOR & METOLACHLOR-S<br>ACETOCHLOR<br>DICAMBA,data not available,18055,"Greene County, Indiana(6)"
18057,18,057,Hamilton County,Indiana,394.38606525096526,103736.2,263.0321127953344,NA,"GLYPHOSATE<br>METOLACHLOR & METOLACHLOR-S<br>ATRAZINE<br>2,4-D<br>GLUFOSINATE",data not available,18057,"Hamilton County, Indiana(6)"
18059,18,059,Hancock County,Indiana,305.9557030888031,123922.2,405.0331428665404,NA,"GLYPHOSATE<br>METOLACHLOR & METOLACHLOR-S<br>ATRAZINE<br>2,4-D<br>GLUFOSINATE",data not available,18059,"Hancock County, Indiana(6)"
18061,18,061,Harrison County,Indiana,484.07840424710423,64633.2,133.51804053420884,NA,"GLYPHOSATE<br>ATRAZINE<br>METOLACHLOR & METOLACHLOR-S<br>ACETOCHLOR<br>2,4-D",data not available,18061,"Harrison County, Indiana(6)"
18063,18,063,Hendricks County,Indiana,406.891688030888,128112.6,314.8567635283685,NA,"GLYPHOSATE<br>METOLACHLOR & METOLACHLOR-S<br>ATRAZINE<br>2,4-D<br>GLUFOSINATE",data not available,18063,"Hendricks County, Indiana(6)"
18065,18,065,Henry County,Indiana,391.8756486486486,145112.2,370.3016518132925,NA,GLYPHOSATE<br>ATRAZINE<br>METOLACHLOR & METOLACHLOR-S<br>GLUFOSINATE<br>ACETOCHLOR,data not available,18065,"Henry County, Indiana(6)"
18067,18,067,Howard County,Indiana,293.0728274131274,125777.8,429.1690946247244,NA,"GLYPHOSATE<br>METOLACHLOR & METOLACHLOR-S<br>ATRAZINE<br>2,4-D<br>GLUFOSINATE",data not available,18067,"Howard County, Indiana(6)"
18069,18,069,Huntington County,Indiana,382.63750926640927,214121.2,559.5928125564901,NA,"GLYPHOSATE<br>ATRAZINE<br>METOLACHLOR & METOLACHLOR-S<br>2,4-D<br>ACETOCHLOR",data not available,18069,"Huntington County, Indiana(6)"
18071,18,071,Jackson County,Indiana,509.9760563706563,166546.6,326.57729303069885,NA,GLYPHOSATE<br>ATRAZINE<br>METOLACHLOR & METOLACHLOR-S<br>ACETOCHLOR<br>SIMAZINE,data not available,18071,"Jackson County, Indiana(6)"
18073,18,073,Jasper County,Indiana,559.6771247104247,281618.5,503.1802937197203,NA,GLYPHOSATE<br>METOLACHLOR & METOLACHLOR-S<br>ATRAZINE<br>ACETOCHLOR<br>DICAMBA,data not available,18073,"Jasper County, Indiana(6)"
18075,18,075,Jay County,Indiana,383.9035227799227,153107.6,398.8179084456351,NA,GLYPHOSATE<br>METOLACHLOR & METOLACHLOR-S<br>ATRAZINE<br>GLUFOSINATE<br>ACETOCHLOR,data not available,18075,"Jay County, Indiana(6)"
18077,18,077,Jefferson County,Indiana,360.6970953667954,72961,202.2777586434553,NA,"GLYPHOSATE<br>METOLACHLOR & METOLACHLOR-S<br>2,4-D<br>ATRAZINE<br>METRIBUZIN",data not available,18077,"Jefferson County, Indiana(6)"
18079,18,079,Jennings County,Indiana,376.59549305019306,110093.3,292.3383365751715,NA,"GLYPHOSATE<br>METOLACHLOR & METOLACHLOR-S<br>ATRAZINE<br>2,4-D<br>ACETOCHLOR",data not available,18079,"Jennings County, Indiana(6)"
18081,18,081,Johnson County,Indiana,320.4135498069498,106932.9,333.7340136346525,NA,"GLYPHOSATE<br>METOLACHLOR & METOLACHLOR-S<br>ATRAZINE<br>2,4-D<br>GLUFOSINATE",data not available,18081,"Johnson County, Indiana(6)"
18083,18,083,Knox County,Indiana,515.8282702702703,344339.5,667.5467783485033,NA,GLYPHOSATE<br>ATRAZINE<br>METOLACHLOR & METOLACHLOR-S<br>ACETOCHLOR<br>DICAMBA,data not available,18083,"Knox County, Indiana(6)"
18085,18,085,Kosciusko County,Indiana,531.443761003861,176145.2,331.4465479231024,NA,"GLYPHOSATE<br>ATRAZINE<br>METOLACHLOR & METOLACHLOR-S<br>ACETOCHLOR<br>2,4-D",data not available,18085,"Kosciusko County, Indiana(6)"
18087,18,087,LaGrange County,Indiana,379.6304451737451,236263.2,622.3505069301532,NA,METAM<br>GLYPHOSATE<br>ATRAZINE<br>METOLACHLOR & METOLACHLOR-S<br>MANCOZEB,data not available,18087,"LaGrange County, Indiana(6)"
18089,18,089,Lake County,Indiana,498.8872189189189,112751.4,226.00578993450785,NA,GLYPHOSATE<br>METOLACHLOR & METOLACHLOR-S<br>ATRAZINE<br>ACETOCHLOR<br>DICAMBA,data not available,18089,"Lake County, Indiana(6)"
18091,18,091,LaPorte County,Indiana,598.2854687258688,235611.8,393.8116707092481,NA,GLYPHOSATE<br>METOLACHLOR & METOLACHLOR-S<br>ATRAZINE<br>ACETOCHLOR<br>DICAMBA,data not available,18091,"LaPorte County, Indiana(6)"
18093,18,093,Lawrence County,Indiana,449.14382857142857,54194.9,120.66268431734944,NA,GLYPHOSATE<br>ATRAZINE<br>METOLACHLOR & METOLACHLOR-S<br>ACETOCHLOR<br>SIMAZINE,data not available,18093,"Lawrence County, Indiana(6)"
18095,18,095,Madison County,Indiana,451.9189552123552,173248.1,383.36099427073447,NA,"GLYPHOSATE<br>METOLACHLOR & METOLACHLOR-S<br>ATRAZINE<br>2,4-D<br>GLUFOSINATE",data not available,18095,"Madison County, Indiana(6)"
18097,18,097,Marion County,Indiana,395.99408996139,13170.3,33.258829699413255,NA,"GLYPHOSATE<br>METOLACHLOR & METOLACHLOR-S<br>ATRAZINE<br>2,4-D<br>GLUFOSINATE",data not available,18097,"Marion County, Indiana(6)"
18099,18,099,Marshall County,Indiana,443.61572664092665,157742.4,355.5834262108578,NA,"GLYPHOSATE<br>ATRAZINE<br>METOLACHLOR & METOLACHLOR-S<br>ACETOCHLOR<br>2,4-D",data not available,18099,"Marshall County, Indiana(6)"
18101,18,101,Martin County,Indiana,335.7589648648649,50335.399999999994,149.91528229263756,NA,GLYPHOSATE<br>ATRAZINE<br>METOLACHLOR & METOLACHLOR-S<br>ACETOCHLOR<br>DICAMBA,data not available,18101,"Martin County, Indiana(6)"
18103,18,103,Miami County,Indiana,373.8405231660232,143926.1,384.99330886096095,NA,"GLYPHOSATE<br>ATRAZINE<br>METOLACHLOR & METOLACHLOR-S<br>ACETOCHLOR<br>2,4-D",data not available,18103,"Miami County, Indiana(6)"
18105,18,105,Monroe County,Indiana,394.521144015444,17495.899999999998,44.34717952484468,NA,GLYPHOSATE<br>ATRAZINE<br>METOLACHLOR & METOLACHLOR-S<br>ACETOCHLOR<br>SIMAZINE,data not available,18105,"Monroe County, Indiana(6)"
18107,18,107,Montgomery County,Indiana,504.64954054054056,292814.5,580.2333629123299,NA,"GLYPHOSATE<br>ATRAZINE<br>ACETOCHLOR<br>2,4-D<br>DICAMBA",data not available,18107,"Montgomery County, Indiana(6)"
18109,18,109,Morgan County,Indiana,403.82907335907333,81285.1,201.28590377078572,NA,"GLYPHOSATE<br>METOLACHLOR & METOLACHLOR-S<br>ATRAZINE<br>2,4-D<br>GLUFOSINATE",data not available,18109,"Morgan County, Indiana(6)"
18111,18,111,Newton County,Indiana,401.75282857142855,196036.2,487.9522583501767,NA,GLYPHOSATE<br>METOLACHLOR & METOLACHLOR-S<br>ATRAZINE<br>ACETOCHLOR<br>DICAMBA,data not available,18111,"Newton County, Indiana(6)"
18113,18,113,Noble County,Indiana,410.8406864864865,169875.9,413.4836338941509,NA,"GLYPHOSATE<br>ATRAZINE<br>METOLACHLOR & METOLACHLOR-S<br>2,4-D<br>ACETOCHLOR",data not available,18113,"Noble County, Indiana(6)"
18115,18,115,Ohio County,Indiana,86.1493528957529,8568.4,99.45983007403896,NA,"GLYPHOSATE<br>ATRAZINE<br>METOLACHLOR & METOLACHLOR-S<br>2,4-D<br>MANCOZEB",data not available,18115,"Ohio County, Indiana(6)"
18117,18,117,Orange County,Indiana,398.37674092664093,59152.8,148.48457232319367,NA,GLYPHOSATE<br>ATRAZINE<br>METOLACHLOR & METOLACHLOR-S<br>ACETOCHLOR<br>SIMAZINE,data not available,18117,"Orange County, Indiana(6)"
18119,18,119,Owen County,Indiana,385.2930749034749,65849.9,170.9085999443332,NA,"GLYPHOSATE<br>ACETOCHLOR<br>ATRAZINE<br>2,4-D<br>DICAMBA",data not available,18119,"Owen County, Indiana(6)"
18121,18,121,Parke County,Indiana,444.7229575289575,154447.1,347.28834521645626,NA,"GLYPHOSATE<br>ACETOCHLOR<br>ATRAZINE<br>2,4-D<br>DICAMBA",data not available,18121,"Parke County, Indiana(6)"
18123,18,123,Perry County,Indiana,381.7383675675676,29571.3,77.46483589906872,NA,GLYPHOSATE<br>ATRAZINE<br>METOLACHLOR & METOLACHLOR-S<br>ACETOCHLOR<br>SIMAZINE,data not available,18123,"Perry County, Indiana(6)"
18125,18,125,Pike County,Indiana,334.349066023166,74437.1,222.63289347679077,NA,GLYPHOSATE<br>ATRAZINE<br>METOLACHLOR & METOLACHLOR-S<br>ACETOCHLOR<br>DICAMBA,data not available,18125,"Pike County, Indiana(6)"
18127,18,127,Porter County,Indiana,418.111083011583,136491.1,326.44697915414685,NA,GLYPHOSATE<br>METOLACHLOR & METOLACHLOR-S<br>ATRAZINE<br>ACETOCHLOR<br>DICAMBA,data not available,18127,"Porter County, Indiana(6)"
18129,18,129,Posey County,Indiana,409.3830764478764,244464.2,597.1526769527459,NA,GLYPHOSATE<br>ATRAZINE<br>METOLACHLOR & METOLACHLOR-S<br>ACETOCHLOR<br>DICAMBA,data not available,18129,"Posey County, Indiana(6)"
18131,18,131,Pulaski County,Indiana,433.6759328185328,209299.2,482.6165903183267,NA,GLYPHOSATE<br>METOLACHLOR & METOLACHLOR-S<br>ATRAZINE<br>ACETOCHLOR<br>DICAMBA,data not available,18131,"Pulaski County, Indiana(6)"
18133,18,133,Putnam County,Indiana,480.5339822393822,172849,359.7019282475922,NA,"GLYPHOSATE<br>ACETOCHLOR<br>ATRAZINE<br>2,4-D<br>DICAMBA",data not available,18133,"Putnam County, Indiana(6)"
18135,18,135,Randolph County,Indiana,452.3771312741313,200015.3,442.1428188393433,NA,GLYPHOSATE<br>ATRAZINE<br>METOLACHLOR & METOLACHLOR-S<br>GLUFOSINATE<br>ACETOCHLOR,data not available,18135,"Randolph County, Indiana(6)"
18137,18,137,Ripley County,Indiana,446.4292980694981,128830.2,288.579178286691,NA,"GLYPHOSATE<br>ATRAZINE<br>METOLACHLOR & METOLACHLOR-S<br>2,4-D<br>ACETOCHLOR",data not available,18137,"Ripley County, Indiana(6)"
18139,18,139,Rush County,Indiana,408.1348467181467,199312.3,488.3491365726064,NA,"GLYPHOSATE<br>METOLACHLOR & METOLACHLOR-S<br>ATRAZINE<br>2,4-D<br>GLUFOSINATE",data not available,18139,"Rush County, Indiana(6)"
18141,18,141,St. Joseph County,Indiana,457.77864903474904,115296.5,251.86080705840888,NA,"GLYPHOSATE<br>ATRAZINE<br>METOLACHLOR & METOLACHLOR-S<br>ACETOCHLOR<br>2,4-D",data not available,18141,"St. Joseph County, Indiana(6)"
18143,18,143,Scott County,Indiana,190.4016467181467,41846.1,219.77803617394736,NA,"GLYPHOSATE<br>METOLACHLOR & METOLACHLOR-S<br>ATRAZINE<br>2,4-D<br>ACETOCHLOR",data not available,18143,"Scott County, Indiana(6)"
18145,18,145,Shelby County,Indiana,411.1345104247104,177322.1,431.2994786470798,NA,"GLYPHOSATE<br>METOLACHLOR & METOLACHLOR-S<br>ATRAZINE<br>2,4-D<br>GLUFOSINATE",data not available,18145,"Shelby County, Indiana(6)"
18147,18,147,Spencer County,Indiana,396.8860181467182,168798.3,425.30674370493887,NA,GLYPHOSATE<br>ATRAZINE<br>METOLACHLOR & METOLACHLOR-S<br>ACETOCHLOR<br>DICAMBA,data not available,18147,"Spencer County, Indiana(6)"
18149,18,149,Starke County,Indiana,309.14278725868724,120752.2,390.6033230494099,NA,GLYPHOSATE<br>METOLACHLOR & METOLACHLOR-S<br>ATRAZINE<br>ACETOCHLOR<br>DICAMBA,data not available,18149,"Starke County, Indiana(6)"
18151,18,151,Steuben County,Indiana,308.7809691119691,107947.1,349.59116913988504,NA,"GLYPHOSATE<br>ATRAZINE<br>METOLACHLOR & METOLACHLOR-S<br>ACETOCHLOR<br>2,4-D",data not available,18151,"Steuben County, Indiana(6)"
18153,18,153,Sullivan County,Indiana,447.1937872586873,200495.9,448.34231984537735,NA,GLYPHOSATE<br>ATRAZINE<br>METOLACHLOR & METOLACHLOR-S<br>ACETOCHLOR<br>DICAMBA,data not available,18153,"Sullivan County, Indiana(6)"
18155,18,155,Switzerland County,Indiana,220.66650386100383,19790.3,89.68420514092053,NA,"GLYPHOSATE<br>ATRAZINE<br>METOLACHLOR & METOLACHLOR-S<br>2,4-D<br>ACETOCHLOR",data not available,18155,"Switzerland County, Indiana(6)"
18157,18,157,Tippecanoe County,Indiana,498.8953193050193,236418.9,473.884782742281,NA,"GLYPHOSATE<br>ATRAZINE<br>ACETOCHLOR<br>2,4-D<br>DICAMBA",data not available,18157,"Tippecanoe County, Indiana(6)"
18159,18,159,Tipton County,Indiana,260.5396138996139,134939.2,517.9220080213681,NA,"GLYPHOSATE<br>METOLACHLOR & METOLACHLOR-S<br>ATRAZINE<br>2,4-D<br>GLUFOSINATE",data not available,18159,"Tipton County, Indiana(6)"
18161,18,161,Union County,Indiana,161.19051428571427,60819.3,377.31314568670115,NA,GLYPHOSATE<br>ATRAZINE<br>METOLACHLOR & METOLACHLOR-S<br>ACETOCHLOR<br>GLUFOSINATE,data not available,18161,"Union County, Indiana(6)"
18163,18,163,Vanderburgh County,Indiana,233.40050694980695,88986.1,381.2592404485932,NA,GLYPHOSATE<br>ATRAZINE<br>METOLACHLOR & METOLACHLOR-S<br>ACETOCHLOR<br>DICAMBA,data not available,18163,"Vanderburgh County, Indiana(6)"
18165,18,165,Vermillion County,Indiana,256.89305405405406,112079.2,436.2873897572057,NA,"GLYPHOSATE<br>ATRAZINE<br>ACETOCHLOR<br>2,4-D<br>DICAMBA",data not available,18165,"Vermillion County, Indiana(6)"
18167,18,167,Vigo County,Indiana,403.6294478764479,131779.2,326.48559388644503,NA,"GLYPHOSATE<br>ACETOCHLOR<br>ATRAZINE<br>2,4-D<br>DICAMBA",data not available,18167,"Vigo County, Indiana(6)"
18169,18,169,Wabash County,Indiana,412.5370980694981,153451.9,371.9711529413742,NA,"GLYPHOSATE<br>ATRAZINE<br>METOLACHLOR & METOLACHLOR-S<br>ACETOCHLOR<br>2,4-D",data not available,18169,"Wabash County, Indiana(6)"
18171,18,171,Warren County,Indiana,364.68877915057914,200482.6,549.7361351971326,NA,"GLYPHOSATE<br>ATRAZINE<br>ACETOCHLOR<br>2,4-D<br>DICAMBA",data not available,18171,"Warren County, Indiana(6)"
18173,18,173,Warrick County,Indiana,384.6278027027027,106544.4,277.00649628376783,NA,GLYPHOSATE<br>ATRAZINE<br>METOLACHLOR & METOLACHLOR-S<br>ACETOCHLOR<br>DICAMBA,data not available,18173,"Warrick County, Indiana(6)"
18175,18,175,Washington County,Indiana,513.6861525096525,117626.4,228.98495399443289,NA,GLYPHOSATE<br>ATRAZINE<br>METOLACHLOR & METOLACHLOR-S<br>ACETOCHLOR<br>SIMAZINE,data not available,18175,"Washington County, Indiana(6)"
18177,18,177,Wayne County,Indiana,401.75265212355214,123391.5,307.13300670894654,NA,GLYPHOSATE<br>ATRAZINE<br>METOLACHLOR & METOLACHLOR-S<br>GLUFOSINATE<br>ACETOCHLOR,data not available,18177,"Wayne County, Indiana(6)"
18179,18,179,Wells County,Indiana,368.0854355212355,244077.6,663.100401281481,NA,"GLYPHOSATE<br>ATRAZINE<br>METOLACHLOR & METOLACHLOR-S<br>2,4-D<br>ACETOCHLOR",data not available,18179,"Wells County, Indiana(6)"
18181,18,181,White County,Indiana,505.138023938224,280129.5,554.5603116867292,NA,GLYPHOSATE<br>METOLACHLOR & METOLACHLOR-S<br>ATRAZINE<br>ACETOCHLOR<br>DICAMBA,data not available,18181,"White County, Indiana(6)"
18183,18,183,Whitley County,Indiana,335.6200857142857,171999.9,512.4839284691202,NA,"GLYPHOSATE<br>ATRAZINE<br>METOLACHLOR & METOLACHLOR-S<br>2,4-D<br>ACETOCHLOR",data not available,18183,"Whitley County, Indiana(6)"
19001,19,001,Adair County,Iowa,569.2680277992278,247897.4,435.4669292747101,396.9,"GLYPHOSATE<br>ACETOCHLOR<br>ATRAZINE<br>METOLACHLOR & METOLACHLOR-S<br>2,4-D",396.9,19001,"Adair County, Iowa(7)"
19003,19,003,Adams County,Iowa,423.4309857142857,163718,386.6462434812703,451.4,"GLYPHOSATE<br>ACETOCHLOR<br>ATRAZINE<br>METOLACHLOR & METOLACHLOR-S<br>2,4-D",451.4,19003,"Adams County, Iowa(7)"
19005,19,005,Allamakee County,Iowa,639.0681718146718,128502.9,201.07854790375245,421.2,GLYPHOSATE<br>ACETOCHLOR<br>ATRAZINE<br>METOLACHLOR & METOLACHLOR-S<br>DICAMBA,421.2,19005,"Allamakee County, Iowa(7)"
19007,19,007,Appanoose County,Iowa,497.2964891891892,77175.1,155.18931196524065,551.7,"GLYPHOSATE<br>METOLACHLOR & METOLACHLOR-S<br>ATRAZINE<br>2,4-D<br>ACETOCHLOR",551.7,19007,"Appanoose County, Iowa(7)"
19009,19,009,Audubon County,Iowa,442.9584235521236,229728.7,518.6236174442397,438.8,GLYPHOSATE<br>ACETOCHLOR<br>METOLACHLOR & METOLACHLOR-S<br>ATRAZINE<br>GLUFOSINATE,438.8,19009,"Audubon County, Iowa(7)"
19011,19,011,Benton County,Iowa,716.0989505791506,449964,628.3545027346962,513.6,"GLYPHOSATE<br>ATRAZINE<br>ACETOCHLOR<br>METOLACHLOR & METOLACHLOR-S<br>2,4-D",513.6,19011,"Benton County, Iowa(7)"
19013,19,013,Black Hawk County,Iowa,565.7708324324325,279351.7,493.7541562525879,516.6,GLYPHOSATE<br>ACETOCHLOR<br>ATRAZINE<br>METOLACHLOR & METOLACHLOR-S<br>DICAMBA,516.6,19013,"Black Hawk County, Iowa(7)"
19015,19,015,Boone County,Iowa,570.4582918918919,321022.9,562.7456109636801,511.7,GLYPHOSATE<br>ACETOCHLOR<br>ATRAZINE<br>METOLACHLOR & METOLACHLOR-S<br>TRIFLURALIN,511.7,19015,"Boone County, Iowa(7)"
19017,19,017,Bremer County,Iowa,435.4773204633205,223238.4,512.6292220281148,487.8,GLYPHOSATE<br>ACETOCHLOR<br>ATRAZINE<br>METOLACHLOR & METOLACHLOR-S<br>DICAMBA,487.8,19017,"Bremer County, Iowa(7)"
19019,19,019,Buchanan County,Iowa,571.0816111969112,318625.7,557.933741435314,512.6,GLYPHOSATE<br>ACETOCHLOR<br>ATRAZINE<br>METOLACHLOR & METOLACHLOR-S<br>DICAMBA,512.6,19019,"Buchanan County, Iowa(7)"
19021,19,021,Buena Vista County,Iowa,574.8964776061777,308863,537.249769360356,405.4,GLYPHOSATE<br>ACETOCHLOR<br>METOLACHLOR & METOLACHLOR-S<br>ATRAZINE<br>DIMETHENAMID & DIMETHENAMID-P,405.4,19021,"Buena Vista County, Iowa(7)"
19023,19,023,Butler County,Iowa,580.1354544401545,317227.4,546.8160885049381,514.1,GLYPHOSATE<br>ACETOCHLOR<br>METOLACHLOR & METOLACHLOR-S<br>ATRAZINE<br>DICAMBA,514.1,19023,"Butler County, Iowa(7)"
19025,19,025,Calhoun County,Iowa,569.843472972973,354822.60000000003,622.6667792627834,496.5,GLYPHOSATE<br>ACETOCHLOR<br>METOLACHLOR & METOLACHLOR-S<br>ATRAZINE<br>GLUFOSINATE,496.5,19025,"Calhoun County, Iowa(7)"
19027,19,027,Carroll County,Iowa,569.4506571428572,343251.5,602.776545596099,454.7,GLYPHOSATE<br>ACETOCHLOR<br>METOLACHLOR & METOLACHLOR-S<br>ATRAZINE<br>GLUFOSINATE,454.7,19027,"Carroll County, Iowa(7)"
19029,19,029,Cass County,Iowa,564.2557756756756,290106.3,514.1397084551032,568.8,"GLYPHOSATE<br>ACETOCHLOR<br>ATRAZINE<br>METOLACHLOR & METOLACHLOR-S<br>2,4-D",568.8,19029,"Cass County, Iowa(7)"
19031,19,031,Cedar County,Iowa,579.4589671814672,361599.5,624.029518015482,492.3,"GLYPHOSATE<br>ATRAZINE<br>ACETOCHLOR<br>METOLACHLOR & METOLACHLOR-S<br>2,4-D",492.3,19031,"Cedar County, Iowa(7)"
19033,19,033,Cerro Gordo County,Iowa,568.2996185328185,323995.7,570.1142310045202,516,GLYPHOSATE<br>ACETOCHLOR<br>METOLACHLOR & METOLACHLOR-S<br>ATRAZINE<br>DICAMBA,516,19033,"Cerro Gordo County, Iowa(7)"
19035,19,035,Cherokee County,Iowa,576.9039166023166,284189.7,492.6118402415069,554.9,"GLYPHOSATE<br>ACETOCHLOR<br>METOLACHLOR & METOLACHLOR-S<br>ATRAZINE<br>2,4-D",554.9,19035,"Cherokee County, Iowa(7)"
19037,19,037,Chickasaw County,Iowa,504.32147374517376,275343.8,545.9688201560244,520.4,GLYPHOSATE<br>ACETOCHLOR<br>ATRAZINE<br>METOLACHLOR & METOLACHLOR-S<br>DICAMBA,520.4,19037,"Chickasaw County, Iowa(7)"
19039,19,039,Clarke County,Iowa,431.1095011583011,78025.3,180.98719650196145,470.1,"GLYPHOSATE<br>ATRAZINE<br>METOLACHLOR & METOLACHLOR-S<br>ACETOCHLOR<br>2,4-D",470.1,19039,"Clarke County, Iowa(7)"
19041,19,041,Clay County,Iowa,567.2353092664092,274055.4,483.14234943242303,523.8,GLYPHOSATE<br>ACETOCHLOR<br>METOLACHLOR & METOLACHLOR-S<br>ATRAZINE<br>DIMETHENAMID & DIMETHENAMID-P,523.8,19041,"Clay County, Iowa(7)"
19043,19,043,Clayton County,Iowa,778.4599714285714,238327.9,306.15305699359016,478.1,GLYPHOSATE<br>ACETOCHLOR<br>ATRAZINE<br>METOLACHLOR & METOLACHLOR-S<br>DICAMBA,478.1,19043,"Clayton County, Iowa(7)"
19045,19,045,Clinton County,Iowa,694.955483011583,416253.5,598.9642648708509,531.5,"GLYPHOSATE<br>ATRAZINE<br>ACETOCHLOR<br>METOLACHLOR & METOLACHLOR-S<br>2,4-D",531.5,19045,"Clinton County, Iowa(7)"
19047,19,047,Crawford County,Iowa,714.1951382239382,398221.6,557.5809448805521,455.5,GLYPHOSATE<br>ACETOCHLOR<br>METOLACHLOR & METOLACHLOR-S<br>ATRAZINE<br>GLUFOSINATE,455.5,19047,"Crawford County, Iowa(7)"
19049,19,049,Dallas County,Iowa,588.2274193050193,280870.4,477.4860721926965,443.4,GLYPHOSATE<br>ACETOCHLOR<br>ATRAZINE<br>METOLACHLOR & METOLACHLOR-S<br>TRIFLURALIN,443.4,19049,"Dallas County, Iowa(7)"
19051,19,051,Davis County,Iowa,502.1860698841699,113517.8,226.0472896553723,458.6,GLYPHOSATE<br>ACETOCHLOR<br>ATRAZINE<br>METOLACHLOR & METOLACHLOR-S<br>GLUFOSINATE,458.6,19051,"Davis County, Iowa(7)"
19053,19,053,Decatur County,Iowa,531.8800806949807,87167.8,163.88619007145795,533.4,"GLYPHOSATE<br>METOLACHLOR & METOLACHLOR-S<br>ATRAZINE<br>ACETOCHLOR<br>2,4-D",533.4,19053,"Decatur County, Iowa(7)"
19055,19,055,Delaware County,Iowa,577.6808444015444,291036.9,503.8022340891419,471.3,GLYPHOSATE<br>ACETOCHLOR<br>ATRAZINE<br>METOLACHLOR & METOLACHLOR-S<br>DICAMBA,471.3,19055,"Delaware County, Iowa(7)"
19057,19,057,Des Moines County,Iowa,416.12711505791503,190182.7,457.03029943994653,509.7,GLYPHOSATE<br>ACETOCHLOR<br>ATRAZINE<br>METOLACHLOR & METOLACHLOR-S<br>GLUFOSINATE,509.7,19057,"Des Moines County, Iowa(7)"
19059,19,059,Dickinson County,Iowa,380.5307115830116,174583,458.7881994431749,512.5,GLYPHOSATE<br>ACETOCHLOR<br>METOLACHLOR & METOLACHLOR-S<br>ATRAZINE<br>DIMETHENAMID & DIMETHENAMID-P,512.5,19059,"Dickinson County, Iowa(7)"
19061,19,061,Dubuque County,Iowa,608.2957598455598,219945.4,361.576414827948,475.6,GLYPHOSATE<br>ACETOCHLOR<br>ATRAZINE<br>METOLACHLOR & METOLACHLOR-S<br>DICAMBA,475.6,19061,"Dubuque County, Iowa(7)"
19063,19,063,Emmet County,Iowa,395.8877698841698,201975.6,510.1839848679708,514.6,GLYPHOSATE<br>ACETOCHLOR<br>METOLACHLOR & METOLACHLOR-S<br>ATRAZINE<br>DIMETHENAMID & DIMETHENAMID-P,514.6,19063,"Emmet County, Iowa(7)"
19065,19,065,Fayette County,Iowa,730.8134204633204,350146.3,479.11859606794656,463.8,GLYPHOSATE<br>ACETOCHLOR<br>ATRAZINE<br>METOLACHLOR & METOLACHLOR-S<br>DICAMBA,463.8,19065,"Fayette County, Iowa(7)"
19067,19,067,Floyd County,Iowa,500.5683108108108,274138.9,547.6553231185474,499.4,GLYPHOSATE<br>ACETOCHLOR<br>METOLACHLOR & METOLACHLOR-S<br>ATRAZINE<br>DICAMBA,499.4,19067,"Floyd County, Iowa(7)"
19069,19,069,Franklin County,Iowa,581.9692725868725,361491.7,621.1525539710327,525.7,GLYPHOSATE<br>ACETOCHLOR<br>METOLACHLOR & METOLACHLOR-S<br>ATRAZINE<br>DICAMBA,525.7,19069,"Franklin County, Iowa(7)"
19071,19,071,Fremont County,Iowa,511.1653332046332,264274.8,517.0045439959515,491.9,"GLYPHOSATE<br>ACETOCHLOR<br>ATRAZINE<br>METOLACHLOR & METOLACHLOR-S<br>2,4-D",491.9,19071,"Fremont County, Iowa(7)"
19073,19,073,Greene County,Iowa,569.555222007722,336520.7,590.8482391114613,514.7,GLYPHOSATE<br>ACETOCHLOR<br>METOLACHLOR & METOLACHLOR-S<br>ATRAZINE<br>GLUFOSINATE,514.7,19073,"Greene County, Iowa(7)"
19075,19,075,Grundy County,Iowa,501.8531648648649,338794.1,675.0861082867293,501.3,GLYPHOSATE<br>ACETOCHLOR<br>ATRAZINE<br>METOLACHLOR & METOLACHLOR-S<br>TRIFLURALIN,501.3,19075,"Grundy County, Iowa(7)"
19077,19,077,Guthrie County,Iowa,590.6113625482626,226751.6,383.9269177308973,460,GLYPHOSATE<br>ACETOCHLOR<br>METOLACHLOR & METOLACHLOR-S<br>ATRAZINE<br>GLUFOSINATE,460,19077,"Guthrie County, Iowa(7)"
19079,19,079,Hamilton County,Iowa,576.7280046332046,378496.9,656.2831992885825,421.8,GLYPHOSATE<br>ACETOCHLOR<br>ATRAZINE<br>METOLACHLOR & METOLACHLOR-S<br>TRIFLURALIN,421.8,19079,"Hamilton County, Iowa(7)"
19081,19,081,Hancock County,Iowa,571.0019498069498,357884.3,626.7654604699636,459.5,GLYPHOSATE<br>ACETOCHLOR<br>METOLACHLOR & METOLACHLOR-S<br>ATRAZINE<br>DICAMBA,459.5,19081,"Hancock County, Iowa(7)"
19083,19,083,Hardin County,Iowa,569.3042613899614,351473.9,617.3744407636672,476.9,GLYPHOSATE<br>ACETOCHLOR<br>ATRAZINE<br>METOLACHLOR & METOLACHLOR-S<br>TRIFLURALIN,476.9,19083,"Hardin County, Iowa(7)"
19085,19,085,Harrison County,Iowa,696.871145945946,351791.3,504.8154196748552,546.2,GLYPHOSATE<br>ACETOCHLOR<br>METOLACHLOR & METOLACHLOR-S<br>ATRAZINE<br>GLUFOSINATE,546.2,19085,"Harrison County, Iowa(7)"
19087,19,087,Henry County,Iowa,434.2857888030888,207182.7,477.0653457738161,466.9,GLYPHOSATE<br>ACETOCHLOR<br>ATRAZINE<br>METOLACHLOR & METOLACHLOR-S<br>GLUFOSINATE,466.9,19087,"Henry County, Iowa(7)"
19089,19,089,Howard County,Iowa,473.244332046332,253386.7,535.4246904645289,539.3,GLYPHOSATE<br>ACETOCHLOR<br>ATRAZINE<br>METOLACHLOR & METOLACHLOR-S<br>DICAMBA,539.3,19089,"Howard County, Iowa(7)"
19091,19,091,Humboldt County,Iowa,434.3698826254826,272887.3,628.2371566614478,501.9,GLYPHOSATE<br>ACETOCHLOR<br>METOLACHLOR & METOLACHLOR-S<br>ATRAZINE<br>DICAMBA,501.9,19091,"Humboldt County, Iowa(7)"
19093,19,093,Ida County,Iowa,431.5113285714286,248457,575.7832611777483,501.4,GLYPHOSATE<br>ACETOCHLOR<br>METOLACHLOR & METOLACHLOR-S<br>ATRAZINE<br>GLUFOSINATE,501.4,19093,"Ida County, Iowa(7)"
19095,19,095,Iowa County,Iowa,586.4523884169885,294343.9,501.9058764421146,504.9,"GLYPHOSATE<br>ATRAZINE<br>ACETOCHLOR<br>METOLACHLOR & METOLACHLOR-S<br>2,4-D",504.9,19095,"Iowa County, Iowa(7)"
19097,19,097,Jackson County,Iowa,636.0441007722007,236817.1,372.3281132746738,513.6,"GLYPHOSATE<br>ATRAZINE<br>ACETOCHLOR<br>METOLACHLOR & METOLACHLOR-S<br>2,4-D",513.6,19097,"Jackson County, Iowa(7)"
19099,19,099,Jasper County,Iowa,730.4250521235522,377978.4,517.4773221442911,473.5,GLYPHOSATE<br>ACETOCHLOR<br>ATRAZINE<br>METOLACHLOR & METOLACHLOR-S<br>GLUFOSINATE,473.5,19099,"Jasper County, Iowa(7)"
19101,19,101,Jefferson County,Iowa,435.522177992278,190354.4,437.07165701071386,453,GLYPHOSATE<br>ACETOCHLOR<br>ATRAZINE<br>METOLACHLOR & METOLACHLOR-S<br>GLUFOSINATE,453,19101,"Jefferson County, Iowa(7)"
19103,19,103,Johnson County,Iowa,612.9945138996139,260992.2,425.76596377621246,475.4,"GLYPHOSATE<br>ATRAZINE<br>ACETOCHLOR<br>METOLACHLOR & METOLACHLOR-S<br>2,4-D",475.4,19103,"Johnson County, Iowa(7)"
19105,19,105,Jones County,Iowa,575.6157386100386,309386.7,537.4882569178666,491.5,"GLYPHOSATE<br>ATRAZINE<br>ACETOCHLOR<br>METOLACHLOR & METOLACHLOR-S<br>2,4-D",491.5,19105,"Jones County, Iowa(7)"
19107,19,107,Keokuk County,Iowa,579.1725135135135,307650.7,531.1900907272972,518.5,GLYPHOSATE<br>ACETOCHLOR<br>ATRAZINE<br>METOLACHLOR & METOLACHLOR-S<br>GLUFOSINATE,518.5,19107,"Keokuk County, Iowa(7)"
19109,19,109,Kossuth County,Iowa,972.7302111969112,606309.1,623.306537641056,441.8,GLYPHOSATE<br>ACETOCHLOR<br>METOLACHLOR & METOLACHLOR-S<br>ATRAZINE<br>DICAMBA,441.8,19109,"Kossuth County, Iowa(7)"
19111,19,111,Lee County,Iowa,517.5477046332046,195743.6,378.2136375983486,508.8,GLYPHOSATE<br>ACETOCHLOR<br>ATRAZINE<br>METOLACHLOR & METOLACHLOR-S<br>GLUFOSINATE,508.8,19111,"Lee County, Iowa(7)"
19113,19,113,Linn County,Iowa,717.0095633204634,341594.5,476.4155423786534,505.9,"GLYPHOSATE<br>ATRAZINE<br>ACETOCHLOR<br>METOLACHLOR & METOLACHLOR-S<br>2,4-D",505.9,19113,"Linn County, Iowa(7)"
19115,19,115,Louisa County,Iowa,401.77483088803086,209070.8,520.3680866168173,477,GLYPHOSATE<br>ACETOCHLOR<br>ATRAZINE<br>METOLACHLOR & METOLACHLOR-S<br>GLUFOSINATE,477,19115,"Louisa County, Iowa(7)"
19117,19,117,Lucas County,Iowa,430.6788687258687,71166.6,165.24284140185722,456.1,"GLYPHOSATE<br>METOLACHLOR & METOLACHLOR-S<br>ATRAZINE<br>ACETOCHLOR<br>2,4-D",456.1,19117,"Lucas County, Iowa(7)"
19119,19,119,Lyon County,Iowa,587.6066640926641,295937.8,503.63247744469305,482.7,GLYPHOSATE<br>ACETOCHLOR<br>METOLACHLOR & METOLACHLOR-S<br>ATRAZINE<br>DIMETHENAMID & DIMETHENAMID-P,482.7,19119,"Lyon County, Iowa(7)"
19121,19,121,Madison County,Iowa,561.0034938223938,153578.4,273.7565838558233,528.9,"GLYPHOSATE<br>ATRAZINE<br>METOLACHLOR & METOLACHLOR-S<br>ACETOCHLOR<br>2,4-D",528.9,19121,"Madison County, Iowa(7)"
19123,19,123,Mahaska County,Iowa,570.848261003861,324030,567.6289517466155,490.2,GLYPHOSATE<br>ACETOCHLOR<br>ATRAZINE<br>METOLACHLOR & METOLACHLOR-S<br>GLUFOSINATE,490.2,19123,"Mahaska County, Iowa(7)"
19125,19,125,Marion County,Iowa,554.4876791505792,164147.8,296.0350719631108,508.4,"GLYPHOSATE<br>ATRAZINE<br>METOLACHLOR & METOLACHLOR-S<br>ACETOCHLOR<br>2,4-D",508.4,19125,"Marion County, Iowa(7)"
19127,19,127,Marshall County,Iowa,572.5004131274131,325757.5,569.0083230167047,499,GLYPHOSATE<br>ACETOCHLOR<br>ATRAZINE<br>METOLACHLOR & METOLACHLOR-S<br>TRIFLURALIN,499,19127,"Marshall County, Iowa(7)"
19129,19,129,Mills County,Iowa,437.4287648648649,206351.3,471.7369239852076,493.8,"GLYPHOSATE<br>ACETOCHLOR<br>ATRAZINE<br>METOLACHLOR & METOLACHLOR-S<br>2,4-D",493.8,19129,"Mills County, Iowa(7)"
19131,19,131,Mitchell County,Iowa,469.2541416988417,271518.9,578.618014999334,505.9,GLYPHOSATE<br>ACETOCHLOR<br>METOLACHLOR & METOLACHLOR-S<br>ATRAZINE<br>DICAMBA,505.9,19131,"Mitchell County, Iowa(7)"
19133,19,133,Monona County,Iowa,694.0691420849421,347046,500.0164665979741,520.4,GLYPHOSATE<br>ACETOCHLOR<br>METOLACHLOR & METOLACHLOR-S<br>ATRAZINE<br>GLUFOSINATE,520.4,19133,"Monona County, Iowa(7)"
19135,19,135,Monroe County,Iowa,433.7062154440154,66201.1,152.64042257781642,540.9,"GLYPHOSATE<br>ATRAZINE<br>METOLACHLOR & METOLACHLOR-S<br>ACETOCHLOR<br>2,4-D",540.9,19135,"Monroe County, Iowa(7)"
19137,19,137,Montgomery County,Iowa,424.0948903474903,212030.6,499.9602797059607,526.5,"GLYPHOSATE<br>ACETOCHLOR<br>ATRAZINE<br>METOLACHLOR & METOLACHLOR-S<br>2,4-D",526.5,19137,"Montgomery County, Iowa(7)"
19139,19,139,Muscatine County,Iowa,437.43801814671815,219050.4,500.75757230257426,496.2,"GLYPHOSATE<br>ATRAZINE<br>ACETOCHLOR<br>METOLACHLOR & METOLACHLOR-S<br>2,4-D",496.2,19139,"Muscatine County, Iowa(7)"
19141,19,141,O'Brien County,Iowa,573.032411969112,304105.9,530.6958099542757,479.3,GLYPHOSATE<br>ACETOCHLOR<br>METOLACHLOR & METOLACHLOR-S<br>ATRAZINE<br>DIMETHENAMID & DIMETHENAMID-P,479.3,19141,"O'Brien County, Iowa(7)"
19143,19,143,Osceola County,Iowa,398.68486795366795,217367.4,545.2110613469803,465.3,GLYPHOSATE<br>ACETOCHLOR<br>METOLACHLOR & METOLACHLOR-S<br>ATRAZINE<br>DIMETHENAMID & DIMETHENAMID-P,465.3,19143,"Osceola County, Iowa(7)"
19145,19,145,Page County,Iowa,534.9411745173745,262803.3,491.2751392470432,511.8,"GLYPHOSATE<br>ACETOCHLOR<br>ATRAZINE<br>METOLACHLOR & METOLACHLOR-S<br>2,4-D",511.8,19145,"Page County, Iowa(7)"
19147,19,147,Palo Alto County,Iowa,563.861216988417,279172.7,495.1088877704012,580,GLYPHOSATE<br>ACETOCHLOR<br>METOLACHLOR & METOLACHLOR-S<br>ATRAZINE<br>DIMETHENAMID & DIMETHENAMID-P,580,19147,"Palo Alto County, Iowa(7)"
19149,19,149,Plymouth County,Iowa,862.8244250965251,425819.7,493.5183655149344,509.3,"GLYPHOSATE<br>ACETOCHLOR<br>METOLACHLOR & METOLACHLOR-S<br>ATRAZINE<br>2,4-D",509.3,19149,"Plymouth County, Iowa(7)"
19151,19,151,Pocahontas County,Iowa,577.238301930502,324379.6,561.9509289580276,511.4,GLYPHOSATE<br>ACETOCHLOR<br>METOLACHLOR & METOLACHLOR-S<br>ATRAZINE<br>DIMETHENAMID & DIMETHENAMID-P,511.4,19151,"Pocahontas County, Iowa(7)"
19153,19,153,Polk County,Iowa,572.7173718146718,170807.8,298.24099705373084,490.6,GLYPHOSATE<br>ACETOCHLOR<br>ATRAZINE<br>METOLACHLOR & METOLACHLOR-S<br>GLUFOSINATE,490.6,19153,"Polk County, Iowa(7)"
19155,19,155,Pottawattamie County,Iowa,951.2694613899614,518579.8,545.1450099557169,485.6,"GLYPHOSATE<br>ACETOCHLOR<br>ATRAZINE<br>METOLACHLOR & METOLACHLOR-S<br>2,4-D",485.6,19155,"Pottawattamie County, Iowa(7)"
19157,19,157,Poweshiek County,Iowa,584.9289671814672,309480.1,529.0900559964703,452.7,GLYPHOSATE<br>ACETOCHLOR<br>ATRAZINE<br>METOLACHLOR & METOLACHLOR-S<br>GLUFOSINATE,452.7,19157,"Poweshiek County, Iowa(7)"
19159,19,159,Ringgold County,Iowa,535.4914355212355,120182.9,224.434775288267,511.7,"GLYPHOSATE<br>ATRAZINE<br>METOLACHLOR & METOLACHLOR-S<br>ACETOCHLOR<br>2,4-D",511.7,19159,"Ringgold County, Iowa(7)"
19161,19,161,Sac County,Iowa,575.0193814671815,343156.60000000003,596.7739715562706,479.9,GLYPHOSATE<br>ACETOCHLOR<br>METOLACHLOR & METOLACHLOR-S<br>ATRAZINE<br>GLUFOSINATE,479.9,19161,"Sac County, Iowa(7)"
19163,19,163,Scott County,Iowa,458.09866061776063,240107.9,524.1401484916084,507.2,"GLYPHOSATE<br>ATRAZINE<br>ACETOCHLOR<br>METOLACHLOR & METOLACHLOR-S<br>2,4-D",507.2,19163,"Scott County, Iowa(7)"
19165,19,165,Shelby County,Iowa,590.7735694980695,348845.4,590.4891789529186,456.9,GLYPHOSATE<br>ACETOCHLOR<br>METOLACHLOR & METOLACHLOR-S<br>ATRAZINE<br>GLUFOSINATE,456.9,19165,"Shelby County, Iowa(7)"
19167,19,167,Sioux County,Iowa,767.9079034749035,376534.1,490.33757602457825,481.9,GLYPHOSATE<br>ACETOCHLOR<br>METOLACHLOR & METOLACHLOR-S<br>ATRAZINE<br>DIMETHENAMID & DIMETHENAMID-P,481.9,19167,"Sioux County, Iowa(7)"
19169,19,169,Story County,Iowa,572.5415243243243,333798.5,583.0118617054491,453.1,GLYPHOSATE<br>ACETOCHLOR<br>ATRAZINE<br>METOLACHLOR & METOLACHLOR-S<br>TRIFLURALIN,453.1,19169,"Story County, Iowa(7)"
19171,19,171,Tama County,Iowa,721.0079166023166,375502,520.8014937887486,530.8,GLYPHOSATE<br>ACETOCHLOR<br>ATRAZINE<br>METOLACHLOR & METOLACHLOR-S<br>GLUFOSINATE,530.8,19171,"Tama County, Iowa(7)"
19173,19,173,Taylor County,Iowa,531.8991806949807,193172.1,363.1742762746897,481.1,"GLYPHOSATE<br>ACETOCHLOR<br>ATRAZINE<br>METOLACHLOR & METOLACHLOR-S<br>2,4-D",481.1,19173,"Taylor County, Iowa(7)"
19175,19,175,Union County,Iowa,423.6431640926641,123854.8,292.356422805182,485.5,"GLYPHOSATE<br>ATRAZINE<br>METOLACHLOR & METOLACHLOR-S<br>ACETOCHLOR<br>2,4-D",485.5,19175,"Union County, Iowa(7)"
19177,19,177,Van Buren County,Iowa,484.7898359073359,134486,277.41093158088825,459.2,GLYPHOSATE<br>ACETOCHLOR<br>ATRAZINE<br>METOLACHLOR & METOLACHLOR-S<br>GLUFOSINATE,459.2,19177,"Van Buren County, Iowa(7)"
19179,19,179,Wapello County,Iowa,431.8405030888031,158596.1,367.2561949738802,522.2,GLYPHOSATE<br>ACETOCHLOR<br>ATRAZINE<br>METOLACHLOR & METOLACHLOR-S<br>GLUFOSINATE,522.2,19179,"Wapello County, Iowa(7)"
19181,19,181,Warren County,Iowa,569.655472972973,145363.6,255.1780978094749,467.8,"GLYPHOSATE<br>ATRAZINE<br>METOLACHLOR & METOLACHLOR-S<br>ACETOCHLOR<br>2,4-D",467.8,19181,"Warren County, Iowa(7)"
19183,19,183,Washington County,Iowa,568.825688030888,297539.2,523.0762362895313,480.5,GLYPHOSATE<br>ACETOCHLOR<br>ATRAZINE<br>METOLACHLOR & METOLACHLOR-S<br>GLUFOSINATE,480.5,19183,"Washington County, Iowa(7)"
19185,19,185,Wayne County,Iowa,525.4662343629344,139432.9,265.3508272877816,468.7,"GLYPHOSATE<br>METOLACHLOR & METOLACHLOR-S<br>ATRAZINE<br>ACETOCHLOR<br>2,4-D",468.7,19185,"Wayne County, Iowa(7)"
19187,19,187,Webster County,Iowa,715.70112007722,422289.7,590.036382721376,484,GLYPHOSATE<br>ACETOCHLOR<br>ATRAZINE<br>METOLACHLOR & METOLACHLOR-S<br>TRIFLURALIN,484,19187,"Webster County, Iowa(7)"
19189,19,189,Winnebago County,Iowa,400.48724092664094,238221.9,594.8301859724819,454.4,GLYPHOSATE<br>ACETOCHLOR<br>METOLACHLOR & METOLACHLOR-S<br>ATRAZINE<br>DICAMBA,454.4,19189,"Winnebago County, Iowa(7)"
19191,19,191,Winneshiek County,Iowa,689.8404393822394,257768,373.6632201945633,465.4,GLYPHOSATE<br>ACETOCHLOR<br>ATRAZINE<br>METOLACHLOR & METOLACHLOR-S<br>DICAMBA,465.4,19191,"Winneshiek County, Iowa(7)"
19193,19,193,Woodbury County,Iowa,872.8922548262548,402057.1,460.60335370947655,519.5,GLYPHOSATE<br>ACETOCHLOR<br>METOLACHLOR & METOLACHLOR-S<br>ATRAZINE<br>GLUFOSINATE,519.5,19193,"Woodbury County, Iowa(7)"
19195,19,195,Worth County,Iowa,400.12159613899615,231446.8,578.4411594709296,504.1,GLYPHOSATE<br>ACETOCHLOR<br>METOLACHLOR & METOLACHLOR-S<br>ATRAZINE<br>DICAMBA,504.1,19195,"Worth County, Iowa(7)"
19197,19,197,Wright County,Iowa,580.4093683397683,364008.8,627.158725988915,425.4,GLYPHOSATE<br>ACETOCHLOR<br>METOLACHLOR & METOLACHLOR-S<br>ATRAZINE<br>DICAMBA,425.4,19197,"Wright County, Iowa(7)"
20001,20,001,Allen County,Kansas,500.2950714285714,104038,207.9532778584524,NA,GLYPHOSATE<br>ATRAZINE<br>METOLACHLOR & METOLACHLOR-S<br>ACETOCHLOR<br>PARAQUAT,data not available,20001,"Allen County, Kansas(6)"
20003,20,003,Anderson County,Kansas,579.6386038610038,224056.2,386.54464783323544,NA,"GLYPHOSATE<br>METOLACHLOR & METOLACHLOR-S<br>ATRAZINE<br>2,4-D<br>ACETOCHLOR",data not available,20003,"Anderson County, Kansas(6)"
20005,20,005,Atchison County,Kansas,431.1724154440154,272454.5,631.8922320655187,NA,"GLYPHOSATE<br>ATRAZINE<br>METOLACHLOR & METOLACHLOR-S<br>ACETOCHLOR<br>2,4-D",data not available,20005,"Atchison County, Kansas(6)"
20007,20,007,Barber County,Kansas,1134.069797297297,90502.2,79.80302466010812,NA,"GLYPHOSATE<br>ATRAZINE<br>2,4-D<br>METOLACHLOR & METOLACHLOR-S<br>DICAMBA",data not available,20007,"Barber County, Kansas(6)"
20009,20,009,Barton County,Kansas,895.2530617760618,347536.5,388.1991750025789,NA,"GLYPHOSATE<br>ATRAZINE<br>ACETOCHLOR<br>METOLACHLOR & METOLACHLOR-S<br>2,4-D",data not available,20009,"Barton County, Kansas(6)"
20011,20,011,Bourbon County,Kansas,635.4581652509653,66087.1,103.99913576356332,NA,GLYPHOSATE<br>ATRAZINE<br>METOLACHLOR & METOLACHLOR-S<br>PARAQUAT<br>ACETOCHLOR,data not available,20011,"Bourbon County, Kansas(6)"
20013,20,013,Brown County,Kansas,570.8687544401545,495814.3,868.5259022211512,NA,"GLYPHOSATE<br>ATRAZINE<br>METOLACHLOR & METOLACHLOR-S<br>ACETOCHLOR<br>2,4-D",data not available,20013,"Brown County, Kansas(6)"
20015,20,015,Butler County,Kansas,1429.7092084942085,243860,170.56615327870557,NA,ATRAZINE<br>GLYPHOSATE<br>METOLACHLOR & METOLACHLOR-S<br>ACETOCHLOR<br>PARAQUAT,data not available,20015,"Butler County, Kansas(6)"
20017,20,017,Chase County,Kansas,773.0497181467182,73143.9,94.61732962706792,NA,"GLYPHOSATE<br>METOLACHLOR & METOLACHLOR-S<br>ATRAZINE<br>2,4-D<br>ACETOCHLOR",data not available,20017,"Chase County, Kansas(6)"
20019,20,019,Chautauqua County,Kansas,638.8780440154441,15442.2,24.17081028946223,NA,"GLYPHOSATE<br>METOLACHLOR & METOLACHLOR-S<br>TRICLOPYR<br>ATRAZINE<br>2,4-D",data not available,20019,"Chautauqua County, Kansas(6)"
20021,20,021,Cherokee County,Kansas,587.5641054054054,218041,371.0931249783491,NA,GLYPHOSATE<br>ATRAZINE<br>METOLACHLOR & METOLACHLOR-S<br>ACETOCHLOR<br>PARAQUAT,data not available,20021,"Cherokee County, Kansas(6)"
20023,20,023,Cheyenne County,Kansas,1019.8849123552124,355747.3,348.811219472279,NA,"GLYPHOSATE<br>ATRAZINE<br>2,4-D<br>METOLACHLOR & METOLACHLOR-S<br>DICAMBA",data not available,20023,"Cheyenne County, Kansas(6)"
20025,20,025,Clark County,Kansas,974.6333231660232,97848.6,100.39529500401872,NA,"GLYPHOSATE<br>ATRAZINE<br>2,4-D<br>DICAMBA<br>ACETOCHLOR",data not available,20025,"Clark County, Kansas(6)"
20027,20,027,Clay County,Kansas,645.2951405405405,310584.9,481.3067393314542,NA,"GLYPHOSATE<br>DICAMBA<br>ATRAZINE<br>METOLACHLOR & METOLACHLOR-S<br>2,4-D",data not available,20027,"Clay County, Kansas(6)"
20029,20,029,Cloud County,Kansas,715.3384760617761,232222.4,324.6328944564495,NA,"GLYPHOSATE<br>DICAMBA<br>ATRAZINE<br>METOLACHLOR & METOLACHLOR-S<br>2,4-D",data not available,20029,"Cloud County, Kansas(6)"
20031,20,031,Coffey County,Kansas,626.8818181467182,188221.1,300.2497353591262,NA,"GLYPHOSATE<br>METOLACHLOR & METOLACHLOR-S<br>ATRAZINE<br>2,4-D<br>ACETOCHLOR",data not available,20031,"Coffey County, Kansas(6)"
20033,20,033,Comanche County,Kansas,788.293855984556,56654.1,71.86926495734346,NA,"GLYPHOSATE<br>ATRAZINE<br>METOLACHLOR & METOLACHLOR-S<br>2,4-D<br>DICAMBA",data not available,20033,"Comanche County, Kansas(6)"
20035,20,035,Cowley County,Kansas,1125.7328849420849,154508.2,137.25120947137378,NA,GLYPHOSATE<br>METOLACHLOR & METOLACHLOR-S<br>ATRAZINE<br>PARAQUAT<br>GLUFOSINATE,data not available,20035,"Cowley County, Kansas(6)"
20037,20,037,Crawford County,Kansas,589.768054054054,143122.7,242.67625046181695,NA,GLYPHOSATE<br>ATRAZINE<br>METOLACHLOR & METOLACHLOR-S<br>ACETOCHLOR<br>PARAQUAT,data not available,20037,"Crawford County, Kansas(6)"
20039,20,039,Decatur County,Kansas,893.5132498069498,253685.5,283.9191249316232,NA,"GLYPHOSATE<br>ATRAZINE<br>2,4-D<br>METOLACHLOR & METOLACHLOR-S<br>DICAMBA",data not available,20039,"Decatur County, Kansas(6)"
20041,20,041,Dickinson County,Kansas,847.0638447876448,264452.5,312.199017379023,NA,GLYPHOSATE<br>ATRAZINE<br>METOLACHLOR & METOLACHLOR-S<br>ACETOCHLOR<br>DICAMBA,data not available,20041,"Dickinson County, Kansas(6)"
20043,20,043,Doniphan County,Kansas,393.4734756756757,330785.6,840.6808093785036,NA,"GLYPHOSATE<br>ATRAZINE<br>METOLACHLOR & METOLACHLOR-S<br>ACETOCHLOR<br>2,4-D",data not available,20043,"Doniphan County, Kansas(6)"
20045,20,045,Douglas County,Kansas,455.7620204633205,111764.1,245.22468960090703,NA,"GLYPHOSATE<br>METOLACHLOR & METOLACHLOR-S<br>ATRAZINE<br>2,4-D<br>ACETOCHLOR",data not available,20045,"Douglas County, Kansas(6)"
20047,20,047,Edwards County,Kansas,621.8915988416989,252209.5,405.5521902366129,NA,"GLYPHOSATE<br>ATRAZINE<br>METOLACHLOR & METOLACHLOR-S<br>DICAMBA<br>2,4-D",data not available,20047,"Edwards County, Kansas(6)"
20049,20,049,Elk County,Kansas,644.2614003861004,26789.7,41.58203484477754,NA,GLYPHOSATE<br>ATRAZINE<br>METOLACHLOR & METOLACHLOR-S<br>PARAQUAT<br>TRICLOPYR,data not available,20049,"Elk County, Kansas(6)"
20051,20,051,Ellis County,Kansas,899.9300166023166,222488.8,247.2290021395285,NA,"GLYPHOSATE<br>ATRAZINE<br>ACETOCHLOR<br>2,4-D<br>METOLACHLOR & METOLACHLOR-S",data not available,20051,"Ellis County, Kansas(6)"
20053,20,053,Ellsworth County,Kansas,715.5718397683397,130989.6,183.05583411779696,NA,"GLYPHOSATE<br>ATRAZINE<br>ACETOCHLOR<br>2,4-D<br>METOLACHLOR & METOLACHLOR-S",data not available,20053,"Ellsworth County, Kansas(6)"
20055,20,055,Finney County,Kansas,1301.991447876448,878365.3,674.632157862954,NA,"GLYPHOSATE<br>ATRAZINE<br>ACETOCHLOR<br>2,4-D<br>PROPARGITE",data not available,20055,"Finney County, Kansas(6)"
20057,20,057,Ford County,Kansas,1098.265733976834,569719.5,518.7446738750908,NA,"GLYPHOSATE<br>ATRAZINE<br>2,4-D<br>ACETOCHLOR<br>DICAMBA",data not available,20057,"Ford County, Kansas(6)"
20059,20,059,Franklin County,Kansas,571.7691895752896,186154.1,325.57560532122295,NA,"GLYPHOSATE<br>METOLACHLOR & METOLACHLOR-S<br>ATRAZINE<br>2,4-D<br>ACETOCHLOR",data not available,20059,"Franklin County, Kansas(6)"
20061,20,061,Geary County,Kansas,384.6498111969112,61849.6,160.7945674210607,NA,"GLYPHOSATE<br>ATRAZINE<br>METOLACHLOR & METOLACHLOR-S<br>2,4-D<br>ACETOCHLOR",data not available,20061,"Geary County, Kansas(6)"
20063,20,063,Gove County,Kansas,1071.660981081081,180794.1,168.70456533522076,NA,"GLYPHOSATE<br>ATRAZINE<br>2,4-D<br>DICAMBA<br>METOLACHLOR & METOLACHLOR-S",data not available,20063,"Gove County, Kansas(6)"
20065,20,065,Graham County,Kansas,898.5227231660232,316206.9,351.91864584772816,NA,"GLYPHOSATE<br>ATRAZINE<br>METOLACHLOR & METOLACHLOR-S<br>2,4-D<br>ACETOCHLOR",data not available,20065,"Graham County, Kansas(6)"
20067,20,067,Grant County,Kansas,574.8053872586872,419403.8,729.6448664132826,NA,"GLYPHOSATE<br>ATRAZINE<br>ACETOCHLOR<br>PROPARGITE<br>2,4-D",data not available,20067,"Grant County, Kansas(6)"
20069,20,069,Gray County,Kansas,868.8633864864864,531153.1,611.3194643266984,NA,"GLYPHOSATE<br>ATRAZINE<br>ACETOCHLOR<br>2,4-D<br>PROPARGITE",data not available,20069,"Gray County, Kansas(6)"
20071,20,071,Greeley County,Kansas,778.400737065637,271726.8,349.0834310156713,NA,"GLYPHOSATE<br>ATRAZINE<br>2,4-D<br>METOLACHLOR & METOLACHLOR-S<br>DICAMBA",data not available,20071,"Greeley County, Kansas(6)"
20073,20,073,Greenwood County,Kansas,1143.2987015444016,48449.1,42.376589717589574,NA,"GLYPHOSATE<br>METOLACHLOR & METOLACHLOR-S<br>ATRAZINE<br>TRICLOPYR<br>2,4-D",data not available,20073,"Greenwood County, Kansas(6)"
20075,20,075,Hamilton County,Kansas,996.50901003861,305718.7,306.78969976212744,NA,"GLYPHOSATE<br>ATRAZINE<br>2,4-D<br>ACETOCHLOR<br>DICAMBA",data not available,20075,"Hamilton County, Kansas(6)"
20077,20,077,Harper County,Kansas,801.270405019305,106003.9,132.29479004337625,NA,"GLYPHOSATE<br>ATRAZINE<br>2,4-D<br>METOLACHLOR & METOLACHLOR-S<br>DICAMBA",data not available,20077,"Harper County, Kansas(6)"
20079,20,079,Harvey County,Kansas,539.7533532818533,276448.9,512.1763455828711,NA,"GLYPHOSATE<br>METOLACHLOR & METOLACHLOR-S<br>ATRAZINE<br>DICAMBA<br>2,4-D",data not available,20079,"Harvey County, Kansas(6)"
20081,20,081,Haskell County,Kansas,577.5183864864865,462724.8,801.2295553309234,NA,"GLYPHOSATE<br>ATRAZINE<br>ACETOCHLOR<br>PROPARGITE<br>2,4-D",data not available,20081,"Haskell County, Kansas(6)"
20083,20,083,Hodgeman County,Kansas,859.9880895752896,258168.2,300.19973896091744,NA,"GLYPHOSATE<br>ATRAZINE<br>2,4-D<br>ACETOCHLOR<br>DICAMBA",data not available,20083,"Hodgeman County, Kansas(6)"
20085,20,085,Jackson County,Kansas,656.2163505791506,176295.3,268.65423247136215,NA,"GLYPHOSATE<br>ATRAZINE<br>METOLACHLOR & METOLACHLOR-S<br>2,4-D<br>ACETOCHLOR",data not available,20085,"Jackson County, Kansas(6)"
20087,20,087,Jefferson County,Kansas,532.623322007722,185392.2,348.07375557864174,NA,"GLYPHOSATE<br>ATRAZINE<br>METOLACHLOR & METOLACHLOR-S<br>ACETOCHLOR<br>2,4-D",data not available,20087,"Jefferson County, Kansas(6)"
20089,20,089,Jewell County,Kansas,909.9666277992278,369930.4,406.5318317163828,NA,"GLYPHOSATE<br>DICAMBA<br>ATRAZINE<br>METOLACHLOR & METOLACHLOR-S<br>2,4-D",data not available,20089,"Jewell County, Kansas(6)"
20091,20,091,Johnson County,Kansas,473.6178922779922,65602.2,138.5129258619615,NA,"GLYPHOSATE<br>METOLACHLOR & METOLACHLOR-S<br>ATRAZINE<br>2,4-D<br>ACETOCHLOR",data not available,20091,"Johnson County, Kansas(6)"
20093,20,093,Kearny County,Kansas,870.5392505791506,408347.2,469.0738524751591,NA,"GLYPHOSATE<br>ATRAZINE<br>ACETOCHLOR<br>2,4-D<br>PROPARGITE",data not available,20093,"Kearny County, Kansas(6)"
20095,20,095,Kingman County,Kansas,863.4151054054054,117397.5,135.96878171928384,NA,"GLYPHOSATE<br>ATRAZINE<br>METOLACHLOR & METOLACHLOR-S<br>2,4-D<br>DICAMBA",data not available,20095,"Kingman County, Kansas(6)"
20097,20,097,Kiowa County,Kansas,722.6362193050193,180011.19999999998,249.10348414742083,NA,"GLYPHOSATE<br>ATRAZINE<br>METOLACHLOR & METOLACHLOR-S<br>2,4-D<br>DICAMBA",data not available,20097,"Kiowa County, Kansas(6)"
20099,20,099,Labette County,Kansas,645.3898308880309,143727.9,222.6993564528838,NA,GLYPHOSATE<br>ATRAZINE<br>METOLACHLOR & METOLACHLOR-S<br>ACETOCHLOR<br>PARAQUAT,data not available,20099,"Labette County, Kansas(6)"
20101,20,101,Lane County,Kansas,717.4054915057915,224954,313.56604133017566,NA,"GLYPHOSATE<br>ATRAZINE<br>2,4-D<br>METOLACHLOR & METOLACHLOR-S<br>DICAMBA",data not available,20101,"Lane County, Kansas(6)"
20103,20,103,Leavenworth County,Kansas,463.4063451737452,107804.1,232.63406106271796,NA,"GLYPHOSATE<br>METOLACHLOR & METOLACHLOR-S<br>ATRAZINE<br>ACETOCHLOR<br>2,4-D",data not available,20103,"Leavenworth County, Kansas(6)"
20105,20,105,Lincoln County,Kansas,719.3964544401545,144428.1,200.76287436306063,NA,"GLYPHOSATE<br>ATRAZINE<br>ACETOCHLOR<br>METOLACHLOR & METOLACHLOR-S<br>2,4-D",data not available,20105,"Lincoln County, Kansas(6)"
20107,20,107,Linn County,Kansas,594.0782637065637,155761.5,262.1902020588589,NA,"GLYPHOSATE<br>METOLACHLOR & METOLACHLOR-S<br>ATRAZINE<br>2,4-D<br>DICAMBA",data not available,20107,"Linn County, Kansas(6)"
20109,20,109,Logan County,Kansas,1072.9883111969111,188639.1,175.80722737750455,NA,"GLYPHOSATE<br>ATRAZINE<br>2,4-D<br>DICAMBA<br>METOLACHLOR & METOLACHLOR-S",data not available,20109,"Logan County, Kansas(6)"
20111,20,111,Lyon County,Kansas,847.4742177606178,199303.6,235.1736440155592,NA,"GLYPHOSATE<br>METOLACHLOR & METOLACHLOR-S<br>ATRAZINE<br>2,4-D<br>DICAMBA",data not available,20111,"Lyon County, Kansas(6)"
20113,20,113,McPherson County,Kansas,898.2808617760618,299409.2,333.31356899668833,NA,GLYPHOSATE<br>ATRAZINE<br>METOLACHLOR & METOLACHLOR-S<br>ACETOCHLOR<br>DICAMBA,data not available,20113,"McPherson County, Kansas(6)"
20115,20,115,Marion County,Kansas,944.2944884169884,270299.7,286.2451314876669,NA,GLYPHOSATE<br>ATRAZINE<br>METOLACHLOR & METOLACHLOR-S<br>DICAMBA<br>ACETOCHLOR,data not available,20115,"Marion County, Kansas(6)"
20117,20,117,Marshall County,Kansas,900.1739540540541,595247.1,661.2578572388423,NA,"GLYPHOSATE<br>ATRAZINE<br>METOLACHLOR & METOLACHLOR-S<br>ACETOCHLOR<br>2,4-D",data not available,20117,"Marshall County, Kansas(6)"
20119,20,119,Meade County,Kansas,978.078149034749,441153.1,451.04074805818686,NA,"GLYPHOSATE<br>ATRAZINE<br>ACETOCHLOR<br>PROPARGITE<br>2,4-D",data not available,20119,"Meade County, Kansas(6)"
20121,20,121,Miami County,Kansas,575.877611969112,124605,216.37410000005937,NA,"GLYPHOSATE<br>METOLACHLOR & METOLACHLOR-S<br>ATRAZINE<br>2,4-D<br>ACETOCHLOR",data not available,20121,"Miami County, Kansas(6)"
20123,20,123,Mitchell County,Kansas,701.7887764478764,299216.9,426.3631879587684,NA,"GLYPHOSATE<br>ATRAZINE<br>DICAMBA<br>2,4-D<br>METOLACHLOR & METOLACHLOR-S",data not available,20123,"Mitchell County, Kansas(6)"
20125,20,125,Montgomery County,Kansas,643.5907706563706,112451.5,174.72515941351293,NA,GLYPHOSATE<br>ATRAZINE<br>METOLACHLOR & METOLACHLOR-S<br>ACETOCHLOR<br>PARAQUAT,data not available,20125,"Montgomery County, Kansas(6)"
20127,20,127,Morris County,Kansas,695.3394795366795,93294.6,134.17129725204776,NA,"GLYPHOSATE<br>METOLACHLOR & METOLACHLOR-S<br>2,4-D<br>ATRAZINE<br>DICAMBA",data not available,20127,"Morris County, Kansas(6)"
20129,20,129,Morton County,Kansas,729.727271042471,248611.3,340.69070715260483,NA,"GLYPHOSATE<br>ATRAZINE<br>2,4-D<br>ACETOCHLOR<br>DICAMBA",data not available,20129,"Morton County, Kansas(6)"
20131,20,131,Nemaha County,Kansas,717.4241142857143,438382,611.0499929828318,NA,"GLYPHOSATE<br>ATRAZINE<br>METOLACHLOR & METOLACHLOR-S<br>ACETOCHLOR<br>2,4-D",data not available,20131,"Nemaha County, Kansas(6)"
20133,20,133,Neosho County,Kansas,571.4786447876448,116307.1,203.5195909082805,NA,GLYPHOSATE<br>ATRAZINE<br>METOLACHLOR & METOLACHLOR-S<br>ACETOCHLOR<br>PARAQUAT,data not available,20133,"Neosho County, Kansas(6)"
20135,20,135,Ness County,Kansas,1074.7344552123552,252626,235.05899413086556,NA,"GLYPHOSATE<br>ATRAZINE<br>2,4-D<br>METOLACHLOR & METOLACHLOR-S<br>DICAMBA",data not available,20135,"Ness County, Kansas(6)"
20137,20,137,Norton County,Kansas,878.0396594594595,314532.39999999997,358.2211766990491,NA,"GLYPHOSATE<br>ATRAZINE<br>METOLACHLOR & METOLACHLOR-S<br>2,4-D<br>DICAMBA",data not available,20137,"Norton County, Kansas(6)"
20139,20,139,Osage County,Kansas,705.5032173745174,193504.3,274.2784089916885,NA,"GLYPHOSATE<br>METOLACHLOR & METOLACHLOR-S<br>ATRAZINE<br>2,4-D<br>ACETOCHLOR",data not available,20139,"Osage County, Kansas(6)"
20141,20,141,Osborne County,Kansas,892.5115544401544,268566.1,300.9105021261751,NA,"GLYPHOSATE<br>ATRAZINE<br>2,4-D<br>METOLACHLOR & METOLACHLOR-S<br>DICAMBA",data not available,20141,"Osborne County, Kansas(6)"
20143,20,143,Ottawa County,Kansas,720.727094980695,208016.9,288.62089610433173,NA,"GLYPHOSATE<br>DICAMBA<br>ATRAZINE<br>2,4-D<br>ACETOCHLOR",data not available,20143,"Ottawa County, Kansas(6)"
20145,20,145,Pawnee County,Kansas,754.2593196911197,306788.2,406.74101332368593,NA,"GLYPHOSATE<br>ATRAZINE<br>METOLACHLOR & METOLACHLOR-S<br>2,4-D<br>DICAMBA",data not available,20145,"Pawnee County, Kansas(6)"
20147,20,147,Phillips County,Kansas,885.8670447876448,261949.8,295.69877504901785,NA,"GLYPHOSATE<br>ATRAZINE<br>2,4-D<br>METOLACHLOR & METOLACHLOR-S<br>DICAMBA",data not available,20147,"Phillips County, Kansas(6)"
20149,20,149,Pottawatomie County,Kansas,840.7309046332047,165150,196.43621887796772,NA,"GLYPHOSATE<br>ATRAZINE<br>METOLACHLOR & METOLACHLOR-S<br>2,4-D<br>ACETOCHLOR",data not available,20149,"Pottawatomie County, Kansas(6)"
20151,20,151,Pratt County,Kansas,735.0351111969112,278975.1,379.53982843856875,NA,"GLYPHOSATE<br>METOLACHLOR & METOLACHLOR-S<br>ATRAZINE<br>DICAMBA<br>2,4-D",data not available,20151,"Pratt County, Kansas(6)"
20153,20,153,Rawlins County,Kansas,1069.4114687258686,422332.4,394.9203953303217,NA,"GLYPHOSATE<br>ATRAZINE<br>2,4-D<br>METOLACHLOR & METOLACHLOR-S<br>DICAMBA",data not available,20153,"Rawlins County, Kansas(6)"
20155,20,155,Reno County,Kansas,1255.301925096525,371112,295.63564954420326,NA,"GLYPHOSATE<br>METOLACHLOR & METOLACHLOR-S<br>ATRAZINE<br>DICAMBA<br>2,4-D",data not available,20155,"Reno County, Kansas(6)"
20157,20,157,Republic County,Kansas,717.3739158301158,377832.8,526.688790409653,NA,"GLYPHOSATE<br>ATRAZINE<br>DICAMBA<br>METOLACHLOR & METOLACHLOR-S<br>2,4-D",data not available,20157,"Republic County, Kansas(6)"
20159,20,159,Rice County,Kansas,726.2319756756757,323218.4,445.06219889214094,NA,GLYPHOSATE<br>ATRAZINE<br>METOLACHLOR & METOLACHLOR-S<br>ACETOCHLOR<br>DICAMBA,data not available,20159,"Rice County, Kansas(6)"
20161,20,161,Riley County,Kansas,609.6566822393822,116835,191.640645306869,NA,"GLYPHOSATE<br>METOLACHLOR & METOLACHLOR-S<br>ATRAZINE<br>2,4-D<br>ACETOCHLOR",data not available,20161,"Riley County, Kansas(6)"
20163,20,163,Rooks County,Kansas,890.5228552123552,279072.3,313.3802780765824,NA,"GLYPHOSATE<br>ATRAZINE<br>2,4-D<br>DICAMBA<br>METOLACHLOR & METOLACHLOR-S",data not available,20163,"Rooks County, Kansas(6)"
20165,20,165,Rush County,Kansas,717.7596702702702,246996.4,344.1213127884355,NA,"GLYPHOSATE<br>ATRAZINE<br>ACETOCHLOR<br>2,4-D<br>METOLACHLOR & METOLACHLOR-S",data not available,20165,"Rush County, Kansas(6)"
20167,20,167,Russell County,Kansas,886.2559301158301,170211.9,192.0572762517414,NA,"GLYPHOSATE<br>ATRAZINE<br>ACETOCHLOR<br>2,4-D<br>METOLACHLOR & METOLACHLOR-S",data not available,20167,"Russell County, Kansas(6)"
20169,20,169,Saline County,Kansas,720.2390853281853,153259.5,212.78975707096697,NA,GLYPHOSATE<br>ATRAZINE<br>DICAMBA<br>ACETOCHLOR<br>METOLACHLOR & METOLACHLOR-S,data not available,20169,"Saline County, Kansas(6)"
20171,20,171,Scott County,Kansas,717.5817903474904,250024.2,348.4260656599512,NA,"GLYPHOSATE<br>ATRAZINE<br>2,4-D<br>METOLACHLOR & METOLACHLOR-S<br>DICAMBA",data not available,20171,"Scott County, Kansas(6)"
20173,20,173,Sedgwick County,Kansas,996.9965903474904,282312.8,283.1632552540661,NA,"GLYPHOSATE<br>METOLACHLOR & METOLACHLOR-S<br>ATRAZINE<br>DICAMBA<br>2,4-D",data not available,20173,"Sedgwick County, Kansas(6)"
20175,20,175,Seward County,Kansas,639.6499104247105,332504.10000000003,519.8220066649055,NA,"GLYPHOSATE<br>ATRAZINE<br>ACETOCHLOR<br>PROPARGITE<br>2,4-D",data not available,20175,"Seward County, Kansas(6)"
20177,20,177,Shawnee County,Kansas,544.0090803088804,140454.5,258.18410957451664,NA,"GLYPHOSATE<br>ATRAZINE<br>METOLACHLOR & METOLACHLOR-S<br>ACETOCHLOR<br>2,4-D",data not available,20177,"Shawnee County, Kansas(6)"
20179,20,179,Sheridan County,Kansas,895.9530131274131,433142.2,483.44298602007495,NA,"GLYPHOSATE<br>ATRAZINE<br>METOLACHLOR & METOLACHLOR-S<br>2,4-D<br>DICAMBA",data not available,20179,"Sheridan County, Kansas(6)"
20181,20,181,Sherman County,Kansas,1056.0590239382238,548471,519.3563878225842,NA,"GLYPHOSATE<br>ATRAZINE<br>METOLACHLOR & METOLACHLOR-S<br>2,4-D<br>DICAMBA",data not available,20181,"Sherman County, Kansas(6)"
20183,20,183,Smith County,Kansas,895.4601447876448,388032.5,433.3330771432832,NA,"GLYPHOSATE<br>ATRAZINE<br>DICAMBA<br>METOLACHLOR & METOLACHLOR-S<br>2,4-D",data not available,20183,"Smith County, Kansas(6)"
20185,20,185,Stafford County,Kansas,792.0423768339768,279515,352.9040972748233,NA,"GLYPHOSATE<br>ATRAZINE<br>METOLACHLOR & METOLACHLOR-S<br>DICAMBA<br>2,4-D",data not available,20185,"Stafford County, Kansas(6)"
20187,20,187,Stanton County,Kansas,680.3487976833977,428162.7,629.3282231965475,NA,"GLYPHOSATE<br>ATRAZINE<br>ACETOCHLOR<br>2,4-D<br>PROPARGITE",data not available,20187,"Stanton County, Kansas(6)"
20189,20,189,Stevens County,Kansas,727.2563413127413,606382,833.7940359591009,NA,"GLYPHOSATE<br>ATRAZINE<br>ACETOCHLOR<br>PROPARGITE<br>2,4-D",data not available,20189,"Stevens County, Kansas(6)"
20191,20,191,Sumner County,Kansas,1181.662425096525,427924.3,362.1375199139844,NA,"GLYPHOSATE<br>DICAMBA<br>METOLACHLOR & METOLACHLOR-S<br>ATRAZINE<br>2,4-D",data not available,20191,"Sumner County, Kansas(6)"
20193,20,193,Thomas County,Kansas,1074.6816613899614,675316.7,628.3876651682745,NA,"GLYPHOSATE<br>ATRAZINE<br>METOLACHLOR & METOLACHLOR-S<br>2,4-D<br>DICAMBA",data not available,20193,"Thomas County, Kansas(6)"
20195,20,195,Trego County,Kansas,889.470022007722,186740.6,209.9459176583455,NA,"GLYPHOSATE<br>ATRAZINE<br>2,4-D<br>METOLACHLOR & METOLACHLOR-S<br>DICAMBA",data not available,20195,"Trego County, Kansas(6)"
20197,20,197,Wabaunsee County,Kansas,794.3323803088803,92780.8,116.80349725126617,NA,"GLYPHOSATE<br>METOLACHLOR & METOLACHLOR-S<br>ATRAZINE<br>2,4-D<br>ACETOCHLOR",data not available,20197,"Wabaunsee County, Kansas(6)"
20199,20,199,Wallace County,Kansas,913.6479864864864,152259.9,166.65050681666668,NA,"GLYPHOSATE<br>ATRAZINE<br>2,4-D<br>METOLACHLOR & METOLACHLOR-S<br>DICAMBA",data not available,20199,"Wallace County, Kansas(6)"
20201,20,201,Washington County,Kansas,894.7545691119691,441201.5,493.0977893053802,NA,"GLYPHOSATE<br>DICAMBA<br>ATRAZINE<br>METOLACHLOR & METOLACHLOR-S<br>2,4-D",data not available,20201,"Washington County, Kansas(6)"
20203,20,203,Wichita County,Kansas,718.5630104247105,213267.2,296.7967970880484,NA,"GLYPHOSATE<br>ATRAZINE<br>2,4-D<br>DICAMBA<br>METOLACHLOR & METOLACHLOR-S",data not available,20203,"Wichita County, Kansas(6)"
20205,20,205,Wilson County,Kansas,570.4200891891892,156615.3,274.56133289873657,NA,GLYPHOSATE<br>ATRAZINE<br>METOLACHLOR & METOLACHLOR-S<br>ACETOCHLOR<br>PARAQUAT,data not available,20205,"Wilson County, Kansas(6)"
20207,20,207,Woodson County,Kansas,497.8163467181467,89916.9,180.62263441684263,NA,GLYPHOSATE<br>ATRAZINE<br>METOLACHLOR & METOLACHLOR-S<br>ACETOCHLOR<br>PARAQUAT,data not available,20207,"Woodson County, Kansas(6)"
20209,20,209,Wyandotte County,Kansas,151.63682702702704,13568.2,89.47826373062837,NA,"GLYPHOSATE<br>ATRAZINE<br>METOLACHLOR & METOLACHLOR-S<br>ACETOCHLOR<br>2,4-D",data not available,20209,"Wyandotte County, Kansas(6)"
21001,21,001,Adair County,Kentucky,405.2905586872587,26676.6,65.82092631618622,583.1,"GLYPHOSATE<br>2,4-D<br>METOLACHLOR & METOLACHLOR-S<br>ACETOCHLOR<br>ATRAZINE",583.1,21001,"Adair County, Kentucky(7)"
21003,21,003,Allen County,Kentucky,343.7223903474904,24454,71.14462335513822,479.6,"GLYPHOSATE<br>2,4-D<br>METOLACHLOR & METOLACHLOR-S<br>MALEIC HYDRAZIDE<br>ACETOCHLOR",479.6,21003,"Allen County, Kentucky(7)"
21005,21,005,Anderson County,Kentucky,202.25870347490348,5239.2,25.90345883755794,478.1,"2,4-D<br>GLYPHOSATE<br>MALEIC HYDRAZIDE<br>ACEPHATE<br>ACETOCHLOR",478.1,21005,"Anderson County, Kentucky(7)"
21007,21,007,Ballard County,Kentucky,247.0936891891892,105807.1,428.2064036001663,458.7,GLYPHOSATE<br>ATRAZINE<br>DIMETHENAMID & DIMETHENAMID-P<br>GLUFOSINATE<br>DICAMBA,458.7,21007,"Ballard County, Kentucky(7)"
21009,21,009,Barren County,Kentucky,487.3629335907336,70859.1,145.39287893302208,531.5,"GLYPHOSATE<br>METOLACHLOR & METOLACHLOR-S<br>2,4-D<br>ACETOCHLOR<br>MALEIC HYDRAZIDE",531.5,21009,"Barren County, Kentucky(7)"
21011,21,011,Bath County,Kentucky,277.9911505791506,10662.2,38.35445832641432,583.7,"GLYPHOSATE<br>2,4-D<br>ACETOCHLOR<br>METOLACHLOR & METOLACHLOR-S<br>ATRAZINE",583.7,21011,"Bath County, Kentucky(7)"
21013,21,013,Bell County,Kentucky,358.99746332046334,221.2,0.616160342622096,489.9,MANCOZEB<br>PETROLEUM OIL<br>ZIRAM<br>GLYPHOSATE<br>CAPTAN,489.9,21013,"Bell County, Kentucky(7)"
21015,21,015,Boone County,Kentucky,246.2665250965251,6909.5,28.05700042785675,495.7,"GLYPHOSATE<br>ATRAZINE<br>SIMAZINE<br>2,4-D<br>GLUFOSINATE",495.7,21015,"Boone County, Kentucky(7)"
21017,21,017,Bourbon County,Kentucky,289.7485150579151,29124,100.51475153955036,528.9,"GLYPHOSATE<br>2,4-D<br>ACETOCHLOR<br>METOLACHLOR & METOLACHLOR-S<br>MALEIC HYDRAZIDE",528.9,21017,"Bourbon County, Kentucky(7)"
21019,21,019,Boyd County,Kentucky,159.86554942084942,441.6,2.762321223051495,537.6,GLYPHOSATE<br>METOLACHLOR & METOLACHLOR-S<br>ATRAZINE<br>ACETOCHLOR<br>PETROLEUM OIL,537.6,21019,"Boyd County, Kentucky(7)"
21021,21,021,Boyle County,Kentucky,180.3350903474903,15183.4,84.19548281337195,503.8,"GLYPHOSATE<br>2,4-D<br>ACETOCHLOR<br>ATRAZINE<br>METOLACHLOR & METOLACHLOR-S",503.8,21021,"Boyle County, Kentucky(7)"
21023,21,023,Bracken County,Kentucky,202.6642691119691,4662.5,23.006028741179016,605.3,GLYPHOSATE<br>MALEIC HYDRAZIDE<br>ATRAZINE<br>SIMAZINE<br>ACEPHATE,605.3,21023,"Bracken County, Kentucky(7)"
21025,21,025,Breathitt County,Kentucky,492.4195003861004,295.2,0.5994888499917999,492.9,GLYPHOSATE<br>METOLACHLOR & METOLACHLOR-S<br>ATRAZINE<br>SULFUR<br>CHLOROTHALONIL,492.9,21025,"Breathitt County, Kentucky(7)"
21027,21,027,Breckinridge County,Kentucky,569.7221104247104,82988.3,145.6645239520979,541.5,"GLYPHOSATE<br>METOLACHLOR & METOLACHLOR-S<br>ACETOCHLOR<br>2,4-D<br>ATRAZINE",541.5,21027,"Breckinridge County, Kentucky(7)"
21029,21,029,Bullitt County,Kentucky,297.08328494208496,9757.1,32.842978701753964,534,"GLYPHOSATE<br>METOLACHLOR & METOLACHLOR-S<br>2,4-D<br>ACETOCHLOR<br>ATRAZINE",534,21029,"Bullitt County, Kentucky(7)"
21031,21,031,Butler County,Kentucky,426.1096652509653,57800.2,135.64630120736052,563.2,"GLYPHOSATE<br>METOLACHLOR & METOLACHLOR-S<br>ACETOCHLOR<br>2,4-D<br>ATRAZINE",563.2,21031,"Butler County, Kentucky(7)"
21033,21,033,Caldwell County,Kentucky,344.83315675675675,114466.5,331.94748752291235,467.7,GLYPHOSATE<br>ATRAZINE<br>DICAMBA<br>ACETOCHLOR<br>METOLACHLOR & METOLACHLOR-S,467.7,21033,"Caldwell County, Kentucky(7)"
21035,21,035,Calloway County,Kentucky,384.8606772200772,139901.80000000002,363.5128457667789,529.4,"GLYPHOSATE<br>ATRAZINE<br>DIMETHENAMID & DIMETHENAMID-P<br>GLUFOSINATE<br>2,4-D",529.4,21035,"Calloway County, Kentucky(7)"
21037,21,037,Campbell County,Kentucky,151.31922972972973,1681.9,11.114912513128903,512.4,"GLYPHOSATE<br>ATRAZINE<br>SIMAZINE<br>MALEIC HYDRAZIDE<br>2,4-D",512.4,21037,"Campbell County, Kentucky(7)"
21039,21,039,Carlisle County,Kentucky,189.46199266409263,102310.3,540.0043489534677,545.2,"GLYPHOSATE<br>ATRAZINE<br>DIMETHENAMID & DIMETHENAMID-P<br>GLUFOSINATE<br>2,4-D",545.2,21039,"Carlisle County, Kentucky(7)"
21041,21,041,Carroll County,Kentucky,128.6993640926641,4010.6,31.16254713669254,510.7,GLYPHOSATE<br>GLUFOSINATE<br>SULFENTRAZONE<br>ATRAZINE<br>SIMAZINE,510.7,21041,"Carroll County, Kentucky(7)"
21043,21,043,Carter County,Kentucky,409.49558030888033,895.5,2.1868367891163296,555.8,GLYPHOSATE<br>METOLACHLOR & METOLACHLOR-S<br>ATRAZINE<br>MALEIC HYDRAZIDE<br>ACETOCHLOR,555.8,21043,"Carter County, Kentucky(7)"
21045,21,045,Casey County,Kentucky,444.25559227799226,21862.4,49.21131074095661,498.9,"GLYPHOSATE<br>2,4-D<br>METOLACHLOR & METOLACHLOR-S<br>ACETOCHLOR<br>ATRAZINE",498.9,21045,"Casey County, Kentucky(7)"
21047,21,047,Christian County,Kentucky,717.6567567567567,291808.6,406.61304621271177,503.9,GLYPHOSATE<br>ATRAZINE<br>DICAMBA<br>FATTY ALCOHOLS<br>METOLACHLOR & METOLACHLOR-S,503.9,21047,"Christian County, Kentucky(7)"
21049,21,049,Clark County,Kentucky,252.4806281853282,18340.4,72.64082053272463,518.3,"GLYPHOSATE<br>2,4-D<br>ACETOCHLOR<br>METOLACHLOR & METOLACHLOR-S<br>MALEIC HYDRAZIDE",518.3,21049,"Clark County, Kentucky(7)"
21051,21,051,Clay County,Kentucky,469.2935428571429,2257.1,4.809569691196628,547.7,MALEIC HYDRAZIDE<br>GLYPHOSATE<br>FLUMETRALIN<br>METOLACHLOR & METOLACHLOR-S<br>ATRAZINE,547.7,21051,"Clay County, Kentucky(7)"
21053,21,053,Clinton County,Kentucky,197.0624474903475,4920.9000000000005,24.97127211535844,565.1,"GLYPHOSATE<br>2,4-D<br>METOLACHLOR & METOLACHLOR-S<br>ACETOCHLOR<br>ATRAZINE",565.1,21053,"Clinton County, Kentucky(7)"
21055,21,055,Crittenden County,Kentucky,359.56462972972975,67739.8,188.3939475663034,435.7,GLYPHOSATE<br>ATRAZINE<br>DICAMBA<br>METOLACHLOR & METOLACHLOR-S<br>ACETOCHLOR,435.7,21055,"Crittenden County, Kentucky(7)"
21057,21,057,Cumberland County,Kentucky,305.14531196911196,8543.2,27.9971530444642,579.6,"GLYPHOSATE<br>2,4-D<br>METOLACHLOR & METOLACHLOR-S<br>ACETOCHLOR<br>ATRAZINE",579.6,21057,"Cumberland County, Kentucky(7)"
21059,21,059,Daviess County,Kentucky,458.3954853281853,236100.6,515.0587376116179,502.5,GLYPHOSATE<br>ATRAZINE<br>DICAMBA<br>METOLACHLOR & METOLACHLOR-S<br>ACETOCHLOR,502.5,21059,"Daviess County, Kentucky(7)"
21061,21,061,Edmonson County,Kentucky,302.80454054054053,21690.4,71.63168676823726,471.2,"GLYPHOSATE<br>METOLACHLOR & METOLACHLOR-S<br>ACETOCHLOR<br>2,4-D<br>GLUFOSINATE",471.2,21061,"Edmonson County, Kentucky(7)"
21063,21,063,Elliott County,Kentucky,234.31980617760615,496.3,2.1180454529047457,398,"GLYPHOSATE<br>METOLACHLOR & METOLACHLOR-S<br>ATRAZINE<br>ACETOCHLOR<br>2,4-D",398,21063,"Elliott County, Kentucky(7)"
21065,21,065,Estill County,Kentucky,253.0799258687259,1882.3,7.437571326681835,586.6,"GLYPHOSATE<br>METOLACHLOR & METOLACHLOR-S<br>ATRAZINE<br>ACETOCHLOR<br>2,4-D",586.6,21065,"Estill County, Kentucky(7)"
21067,21,067,Fayette County,Kentucky,283.85314903474904,18875.6,66.49776500344291,478.4,"GLYPHOSATE<br>2,4-D<br>ACETOCHLOR<br>MALEIC HYDRAZIDE<br>METOLACHLOR & METOLACHLOR-S",478.4,21067,"Fayette County, Kentucky(7)"
21069,21,069,Fleming County,Kentucky,348.6707521235521,42786.9,122.71433648910816,548.5,"GLYPHOSATE<br>ACETOCHLOR<br>2,4-D<br>METOLACHLOR & METOLACHLOR-S<br>MALEIC HYDRAZIDE",548.5,21069,"Fleming County, Kentucky(7)"
21071,21,071,Floyd County,Kentucky,393.29848571428573,424.5,1.079332912327511,606.6,"GLYPHOSATE<br>METOLACHLOR & METOLACHLOR-S<br>ATRAZINE<br>ACETOCHLOR<br>2,4-D",606.6,21071,"Floyd County, Kentucky(7)"
21073,21,073,Franklin County,Kentucky,207.90866447876448,5267.2,25.33420150240051,493.1,"GLYPHOSATE<br>2,4-D<br>MALEIC HYDRAZIDE<br>ACETOCHLOR<br>ATRAZINE",493.1,21073,"Franklin County, Kentucky(7)"
21075,21,075,Fulton County,Kentucky,205.9308772200772,122196.6,593.3864879787268,502.6,GLYPHOSATE<br>ATRAZINE<br>DIMETHENAMID & DIMETHENAMID-P<br>GLUFOSINATE<br>DICAMBA,502.6,21075,"Fulton County, Kentucky(7)"
21077,21,077,Gallatin County,Kentucky,98.2811247104247,7140.8,72.65688117672278,532,GLYPHOSATE<br>ATRAZINE<br>SIMAZINE<br>MALEIC HYDRAZIDE<br>GLUFOSINATE,532,21077,"Gallatin County, Kentucky(7)"
21079,21,079,Garrard County,Kentucky,229.92343706563707,11392.9,49.55084242563592,508.4,"2,4-D<br>GLYPHOSATE<br>MALEIC HYDRAZIDE<br>ACETOCHLOR<br>ATRAZINE",508.4,21079,"Garrard County, Kentucky(7)"
21081,21,081,Grant County,Kentucky,257.97478996138994,2753.4,10.67313593088724,575.8,GLYPHOSATE<br>MALEIC HYDRAZIDE<br>ATRAZINE<br>ACEPHATE<br>SIMAZINE,575.8,21081,"Grant County, Kentucky(7)"
21083,21,083,Graves County,Kentucky,551.7542347490347,278818.4,505.3307839618494,504.5,"GLYPHOSATE<br>ATRAZINE<br>DIMETHENAMID & DIMETHENAMID-P<br>GLUFOSINATE<br>2,4-D",504.5,21083,"Graves County, Kentucky(7)"
21085,21,085,Grayson County,Kentucky,499.5339895752896,51136.1,102.3676087456563,567,"GLYPHOSATE<br>METOLACHLOR & METOLACHLOR-S<br>2,4-D<br>ACETOCHLOR<br>ATRAZINE",567,21085,"Grayson County, Kentucky(7)"
21087,21,087,Green County,Kentucky,285.96150540540543,34342.5,120.09483567137087,544.7,"GLYPHOSATE<br>METOLACHLOR & METOLACHLOR-S<br>2,4-D<br>ACETOCHLOR<br>MALEIC HYDRAZIDE",544.7,21087,"Green County, Kentucky(7)"
21089,21,089,Greenup County,Kentucky,344.45294710424713,1922.6,5.581604152796329,505.9,GLYPHOSATE<br>METOLACHLOR & METOLACHLOR-S<br>ATRAZINE<br>MALEIC HYDRAZIDE<br>ACETOCHLOR,505.9,21089,"Greenup County, Kentucky(7)"
21091,21,091,Hancock County,Kentucky,187.67423552123552,23345.2,124.3921411757048,478.6,GLYPHOSATE<br>ATRAZINE<br>DICAMBA<br>METOLACHLOR & METOLACHLOR-S<br>ACETOCHLOR,478.6,21091,"Hancock County, Kentucky(7)"
21093,21,093,Hardin County,Kentucky,623.9009841698842,94821.2,151.98116753439967,538.2,"GLYPHOSATE<br>METOLACHLOR & METOLACHLOR-S<br>ACETOCHLOR<br>2,4-D<br>ATRAZINE",538.2,21093,"Hardin County, Kentucky(7)"
21095,21,095,Harlan County,Kentucky,465.8275976833977,703.8,1.5108593898258933,531.4,PETROLEUM OIL<br>ZIRAM<br>CAPTAN<br>MANCOZEB<br>COPPER SULFATE,531.4,21095,"Harlan County, Kentucky(7)"
21097,21,097,Harrison County,Kentucky,306.4566038610039,23973,78.22641019305026,555.1,"GLYPHOSATE<br>2,4-D<br>ACETOCHLOR<br>MALEIC HYDRAZIDE<br>ATRAZINE",555.1,21097,"Harrison County, Kentucky(7)"
21099,21,099,Hart County,Kentucky,412.66763976833977,30892.4,74.86024350574748,537.5,"GLYPHOSATE<br>2,4-D<br>METOLACHLOR & METOLACHLOR-S<br>ACETOCHLOR<br>MALEIC HYDRAZIDE",537.5,21099,"Hart County, Kentucky(7)"
21101,21,101,Henderson County,Kentucky,436.3586173745174,254594.6,583.4526691184532,453.4,GLYPHOSATE<br>ATRAZINE<br>DICAMBA<br>ACETOCHLOR<br>METOLACHLOR & METOLACHLOR-S,453.4,21101,"Henderson County, Kentucky(7)"
21103,21,103,Henry County,Kentucky,286.24976486486486,24441.3,85.38452428611933,551.1,GLYPHOSATE<br>ATRAZINE<br>SIMAZINE<br>MALEIC HYDRAZIDE<br>GLUFOSINATE,551.1,21103,"Henry County, Kentucky(7)"
21105,21,105,Hickman County,Kentucky,242.329783011583,155661.6,642.3543902259823,447.7,"GLYPHOSATE<br>ATRAZINE<br>DIMETHENAMID & DIMETHENAMID-P<br>GLUFOSINATE<br>2,4-D",447.7,21105,"Hickman County, Kentucky(7)"
21107,21,107,Hopkins County,Kentucky,542.1846003861004,109472.2,201.90946021344513,500.3,GLYPHOSATE<br>ATRAZINE<br>DICAMBA<br>METOLACHLOR & METOLACHLOR-S<br>ACETOCHLOR,500.3,21107,"Hopkins County, Kentucky(7)"
21109,21,109,Jackson County,Kentucky,345.2258027027027,581.5,1.68440480244395,511.1,GLYPHOSATE<br>METOLACHLOR & METOLACHLOR-S<br>MALEIC HYDRAZIDE<br>ATRAZINE<br>SULFUR,511.1,21109,"Jackson County, Kentucky(7)"
21111,21,111,Jefferson County,Kentucky,380.8282745173745,2957.3,7.765442321077133,512.7,"GLYPHOSATE<br>2,4-D<br>METOLACHLOR & METOLACHLOR-S<br>ACETOCHLOR<br>MALEIC HYDRAZIDE",512.7,21111,"Jefferson County, Kentucky(7)"
21113,21,113,Jessamine County,Kentucky,172.11186216216217,6995.2,40.64333458555686,505.2,"GLYPHOSATE<br>2,4-D<br>ACETOCHLOR<br>METOLACHLOR & METOLACHLOR-S<br>MALEIC HYDRAZIDE",505.2,21113,"Jessamine County, Kentucky(7)"
21115,21,115,Johnson County,Kentucky,261.9647030888031,736,2.809538809320064,516.3,GLYPHOSATE<br>METOLACHLOR & METOLACHLOR-S<br>ATRAZINE<br>ACETOCHLOR<br>MANCOZEB,516.3,21115,"Johnson County, Kentucky(7)"
21117,21,117,Kenton County,Kentucky,160.37353204633206,1382.9,8.622993971352322,522,GLYPHOSATE<br>MALEIC HYDRAZIDE<br>ATRAZINE<br>SIMAZINE<br>ACEPHATE,522,21117,"Kenton County, Kentucky(7)"
21119,21,119,Knott County,Kentucky,351.52232857142855,191.1,0.5436354520539907,482.6,SULFUR<br>CAPTAN<br>PETROLEUM OIL<br>ZIRAM<br>MANCOZEB,482.6,21119,"Knott County, Kentucky(7)"
21121,21,121,Knox County,Kentucky,386.3286694980695,1596.1,4.131456259960474,595.8,"GLYPHOSATE<br>METOLACHLOR & METOLACHLOR-S<br>ATRAZINE<br>ACETOCHLOR<br>2,4-D",595.8,21121,"Knox County, Kentucky(7)"
21123,21,123,Larue County,Kentucky,261.03898996139,61221.3,234.52933222372332,498.7,"GLYPHOSATE<br>METOLACHLOR & METOLACHLOR-S<br>ACETOCHLOR<br>2,4-D<br>ATRAZINE",498.7,21123,"Larue County, Kentucky(7)"
21125,21,125,Laurel County,Kentucky,433.70122972972973,1321,3.045875615393596,490.4,GLYPHOSATE<br>MALEIC HYDRAZIDE<br>METOLACHLOR & METOLACHLOR-S<br>ATRAZINE<br>ACETOCHLOR,490.4,21125,"Laurel County, Kentucky(7)"
21127,21,127,Lawrence County,Kentucky,415.59600115830114,275.6,0.6631440130123475,552.4,SULFUR<br>GLYPHOSATE<br>CAPTAN<br>PETROLEUM OIL<br>ZIRAM,552.4,21127,"Lawrence County, Kentucky(7)"
21129,21,129,Lee County,Kentucky,208.819716988417,420,2.0113043253635716,509.9,GLYPHOSATE<br>METOLACHLOR & METOLACHLOR-S<br>ATRAZINE<br>PETROLEUM OIL<br>ZIRAM,509.9,21129,"Lee County, Kentucky(7)"
21131,21,131,Leslie County,Kentucky,400.8765189189189,0.8,0.00199562698797483,492.2,BENTAZONE<br>METOLACHLOR & METOLACHLOR-S<br>ATRAZINE<br>SETHOXYDIM<br>AZOXYSTROBIN,492.2,21131,"Leslie County, Kentucky(7)"
21133,21,133,Letcher County,Kentucky,337.93249343629344,213.5,0.6317829866817727,500.4,MANCOZEB<br>GLYPHOSATE<br>PETROLEUM OIL<br>ZIRAM<br>CAPTAN,500.4,21133,"Letcher County, Kentucky(7)"
21135,21,135,Lewis County,Kentucky,482.855388030888,4343.5,8.995446892936295,504.1,GLYPHOSATE<br>MALEIC HYDRAZIDE<br>METOLACHLOR & METOLACHLOR-S<br>ATRAZINE<br>ACETOCHLOR,504.1,21135,"Lewis County, Kentucky(7)"
21137,21,137,Lincoln County,Kentucky,332.9022552123552,33347.6,100.1723463204774,608.6,"GLYPHOSATE<br>2,4-D<br>ACETOCHLOR<br>METOLACHLOR & METOLACHLOR-S<br>ATRAZINE",608.6,21137,"Lincoln County, Kentucky(7)"
21139,21,139,Livingston County,Kentucky,312.95820888030886,47882.9,153.0009395545616,588.6,"GLYPHOSATE<br>ATRAZINE<br>DIMETHENAMID & DIMETHENAMID-P<br>GLUFOSINATE<br>2,4-D",588.6,21139,"Livingston County, Kentucky(7)"
21141,21,141,Logan County,Kentucky,552.2135277992278,235921.3,427.22839648683066,525.1,GLYPHOSATE<br>ATRAZINE<br>DICAMBA<br>METOLACHLOR & METOLACHLOR-S<br>ACETOCHLOR,525.1,21141,"Logan County, Kentucky(7)"
21143,21,143,Lyon County,Kentucky,213.78400733590735,22668,106.03225321893694,491,GLYPHOSATE<br>DIMETHENAMID & DIMETHENAMID-P<br>GLUFOSINATE<br>ATRAZINE<br>DICAMBA,491,21143,"Lyon County, Kentucky(7)"
21145,21,145,McCracken County,Kentucky,248.78488185328183,61777.7,248.3177415757631,522.2,GLYPHOSATE<br>ATRAZINE<br>DIMETHENAMID & DIMETHENAMID-P<br>GLUFOSINATE<br>DICAMBA,522.2,21145,"McCracken County, Kentucky(7)"
21147,21,147,McCreary County,Kentucky,426.706861003861,723.8,1.696246454292308,523.3,"GLYPHOSATE<br>METOLACHLOR & METOLACHLOR-S<br>ATRAZINE<br>ACETOCHLOR<br>2,4-D",523.3,21147,"McCreary County, Kentucky(7)"
21149,21,149,McLean County,Kentucky,252.5239640926641,151107.8,598.3899411009987,548.5,GLYPHOSATE<br>ATRAZINE<br>DICAMBA<br>METOLACHLOR & METOLACHLOR-S<br>ACETOCHLOR,548.5,21149,"McLean County, Kentucky(7)"
21151,21,151,Madison County,Kentucky,437.9321528957529,10881.2,24.84677119058258,508.6,"2,4-D<br>GLYPHOSATE<br>ACETOCHLOR<br>PICLORAM<br>ATRAZINE",508.6,21151,"Madison County, Kentucky(7)"
21153,21,153,Magoffin County,Kentucky,308.44202625482626,368.2,1.193741347347405,520.5,MALEIC HYDRAZIDE<br>GLYPHOSATE<br>PETROLEUM OIL<br>ZIRAM<br>MANCOZEB,520.5,21153,"Magoffin County, Kentucky(7)"
21155,21,155,Marion County,Kentucky,343.54943706563705,43232.6,125.84098629083232,535.4,"GLYPHOSATE<br>METOLACHLOR & METOLACHLOR-S<br>2,4-D<br>ACETOCHLOR<br>ATRAZINE",535.4,21155,"Marion County, Kentucky(7)"
21157,21,157,Marshall County,Kentucky,302.12460154440157,53239.5,176.2170300857664,518.1,GLYPHOSATE<br>ATRAZINE<br>DIMETHENAMID & DIMETHENAMID-P<br>GLUFOSINATE<br>DICAMBA,518.1,21157,"Marshall County, Kentucky(7)"
21159,21,159,Martin County,Kentucky,229.64312934362937,0.5,0.00217729135388944,519.6,"METOLACHLOR & METOLACHLOR-S<br>ATRAZINE<br>2,4-D<br>AMINOPYRALID<br>CHLORSULFURON",519.6,21159,"Martin County, Kentucky(7)"
21161,21,161,Mason County,Kentucky,240.1260223938224,32880.2,136.9289328670689,503.4,"GLYPHOSATE<br>2,4-D<br>ACETOCHLOR<br>METOLACHLOR & METOLACHLOR-S<br>ATRAZINE",503.4,21161,"Mason County, Kentucky(7)"
21163,21,163,Meade County,Kentucky,305.46185945945945,53429.8,174.91479982001204,505.4,"GLYPHOSATE<br>METOLACHLOR & METOLACHLOR-S<br>ACETOCHLOR<br>2,4-D<br>ATRAZINE",505.4,21163,"Meade County, Kentucky(7)"
21165,21,165,Menifee County,Kentucky,203.5375335907336,322.1,1.5825091044272346,452.1,MALEIC HYDRAZIDE<br>GLYPHOSATE<br>METOLACHLOR & METOLACHLOR-S<br>ATRAZINE<br>FLUMETRALIN,452.1,21165,"Menifee County, Kentucky(7)"
21167,21,167,Mercer County,Kentucky,249.38154015444016,23633,94.76643694382614,545,"GLYPHOSATE<br>2,4-D<br>ACETOCHLOR<br>ATRAZINE<br>METOLACHLOR & METOLACHLOR-S",545,21167,"Mercer County, Kentucky(7)"
21169,21,169,Metcalfe County,Kentucky,289.6498891891892,20137.2,69.52255378508737,527.6,"GLYPHOSATE<br>2,4-D<br>METOLACHLOR & METOLACHLOR-S<br>MALEIC HYDRAZIDE<br>ACETOCHLOR",527.6,21169,"Metcalfe County, Kentucky(7)"
21171,21,171,Monroe County,Kentucky,329.47325173745173,31022.1,94.15665713804488,551.7,"GLYPHOSATE<br>2,4-D<br>METOLACHLOR & METOLACHLOR-S<br>MALEIC HYDRAZIDE<br>ATRAZINE",551.7,21171,"Monroe County, Kentucky(7)"
21173,21,173,Montgomery County,Kentucky,197.3753084942085,10477.3,53.083134257938006,543.9,"GLYPHOSATE<br>2,4-D<br>ACETOCHLOR<br>MALEIC HYDRAZIDE<br>ATRAZINE",543.9,21173,"Montgomery County, Kentucky(7)"
21175,21,175,Morgan County,Kentucky,381.1018262548263,1936.9,5.082368717658358,480.4,GLYPHOSATE<br>METOLACHLOR & METOLACHLOR-S<br>ATRAZINE<br>ACETOCHLOR<br>MALEIC HYDRAZIDE,480.4,21175,"Morgan County, Kentucky(7)"
21177,21,177,Muhlenberg County,Kentucky,467.2782640926641,61749.4,132.1469555616966,483.5,GLYPHOSATE<br>DICAMBA<br>ATRAZINE<br>ACETOCHLOR<br>METOLACHLOR & METOLACHLOR-S,483.5,21177,"Muhlenberg County, Kentucky(7)"
21179,21,179,Nelson County,Kentucky,418.6839957528957,76971.1,183.84055942140145,531.5,"GLYPHOSATE<br>METOLACHLOR & METOLACHLOR-S<br>2,4-D<br>ACETOCHLOR<br>ATRAZINE",531.5,21179,"Nelson County, Kentucky(7)"
21181,21,181,Nicholas County,Kentucky,195.30496486486487,7809.9,39.98823074161896,505.9,"GLYPHOSATE<br>2,4-D<br>MALEIC HYDRAZIDE<br>ACETOCHLOR<br>ACEPHATE",505.9,21181,"Nicholas County, Kentucky(7)"
21183,21,183,Ohio County,Kentucky,587.0923231660232,110771.4,188.6779908867503,497.5,GLYPHOSATE<br>ATRAZINE<br>DICAMBA<br>METOLACHLOR & METOLACHLOR-S<br>ACETOCHLOR,497.5,21183,"Ohio County, Kentucky(7)"
21185,21,185,Oldham County,Kentucky,187.29312857142855,8849.2,47.247862575081896,535.1,"GLYPHOSATE<br>ATRAZINE<br>SIMAZINE<br>GLUFOSINATE<br>2,4-D",535.1,21185,"Oldham County, Kentucky(7)"
21187,21,187,Owen County,Kentucky,350.48560656370654,8604.5,24.55022357226527,543.9,GLYPHOSATE<br>MALEIC HYDRAZIDE<br>ACEPHATE<br>ATRAZINE<br>SIMAZINE,543.9,21187,"Owen County, Kentucky(7)"
21189,21,189,Owsley County,Kentucky,197.4010810810811,493.6,2.5004928914105458,592.1,GLYPHOSATE<br>METOLACHLOR & METOLACHLOR-S<br>ATRAZINE<br>MANCOZEB<br>ACETOCHLOR,592.1,21189,"Owsley County, Kentucky(7)"
21191,21,191,Pendleton County,Kentucky,277.1468108108108,4736.3,17.089498472465372,532.7,GLYPHOSATE<br>MALEIC HYDRAZIDE<br>ACEPHATE<br>GLUFOSINATE<br>PENDIMETHALIN,532.7,21191,"Pendleton County, Kentucky(7)"
21193,21,193,Perry County,Kentucky,339.72213513513515,771,2.2695018082743137,538.1,"GLYPHOSATE<br>METOLACHLOR & METOLACHLOR-S<br>ATRAZINE<br>ACETOCHLOR<br>2,4-D",538.1,21193,"Perry County, Kentucky(7)"
21195,21,195,Pike County,Kentucky,786.2183915057915,403.4,0.5130889894694463,550.7,"GLYPHOSATE<br>METOLACHLOR & METOLACHLOR-S<br>ATRAZINE<br>ACETOCHLOR<br>2,4-D",550.7,21195,"Pike County, Kentucky(7)"
21197,21,197,Powell County,Kentucky,178.96098996138997,3121.1,17.440113628525207,592.1,"GLYPHOSATE<br>METOLACHLOR & METOLACHLOR-S<br>ATRAZINE<br>ACETOCHLOR<br>2,4-D",592.1,21197,"Powell County, Kentucky(7)"
21199,21,199,Pulaski County,Kentucky,658.0964722007722,20200.8,30.695803508026003,527.8,"GLYPHOSATE<br>METOLACHLOR & METOLACHLOR-S<br>ATRAZINE<br>ACETOCHLOR<br>2,4-D",527.8,21199,"Pulaski County, Kentucky(7)"
21201,21,201,Robertson County,Kentucky,99.59020733590734,1432.4,14.3829402339596,503.6,"2,4-D<br>GLYPHOSATE<br>PICLORAM<br>ACETOCHLOR<br>ATRAZINE",503.6,21201,"Robertson County, Kentucky(7)"
21203,21,203,Rockcastle County,Kentucky,316.565283011583,2323.2000000000003,7.338770625441563,547.5,"GLYPHOSATE<br>METOLACHLOR & METOLACHLOR-S<br>ATRAZINE<br>ACETOCHLOR<br>2,4-D",547.5,21203,"Rockcastle County, Kentucky(7)"
21205,21,205,Rowan County,Kentucky,279.87979034749037,2514.7,8.98492883990596,476.7,GLYPHOSATE<br>PETROLEUM OIL<br>ZIRAM<br>METOLACHLOR & METOLACHLOR-S<br>ATRAZINE,476.7,21205,"Rowan County, Kentucky(7)"
21207,21,207,Russell County,Kentucky,253.25925212355213,17072.4,67.41076528043784,535.1,"GLYPHOSATE<br>2,4-D<br>METOLACHLOR & METOLACHLOR-S<br>ACETOCHLOR<br>ATRAZINE",535.1,21207,"Russell County, Kentucky(7)"
21209,21,209,Scott County,Kentucky,282.19284131274134,13565.3,48.07102808453671,483.8,"GLYPHOSATE<br>2,4-D<br>ACETOCHLOR<br>MALEIC HYDRAZIDE<br>METOLACHLOR & METOLACHLOR-S",483.8,21209,"Scott County, Kentucky(7)"
21211,21,211,Shelby County,Kentucky,379.7884548262549,83319.4,219.38370938136293,480.7,"GLYPHOSATE<br>ACETOCHLOR<br>2,4-D<br>METOLACHLOR & METOLACHLOR-S<br>ATRAZINE",480.7,21211,"Shelby County, Kentucky(7)"
21213,21,213,Simpson County,Kentucky,234.1742196911197,142686.5,609.3177130608409,473.8,GLYPHOSATE<br>ATRAZINE<br>DICAMBA<br>METOLACHLOR & METOLACHLOR-S<br>ACETOCHLOR,473.8,21213,"Simpson County, Kentucky(7)"
21215,21,215,Spencer County,Kentucky,186.66982664092663,25079.4,134.3516542083799,550,"GLYPHOSATE<br>ACETOCHLOR<br>2,4-D<br>METOLACHLOR & METOLACHLOR-S<br>MALEIC HYDRAZIDE",550,21215,"Spencer County, Kentucky(7)"
21217,21,217,Taylor County,Kentucky,266.413072972973,37717.2,141.5741336530671,552.7,"GLYPHOSATE<br>METOLACHLOR & METOLACHLOR-S<br>ACETOCHLOR<br>2,4-D<br>ATRAZINE",552.7,21217,"Taylor County, Kentucky(7)"
21219,21,219,Todd County,Kentucky,374.51147104247104,179510.5,479.3190966896787,452.1,GLYPHOSATE<br>ATRAZINE<br>DICAMBA<br>METOLACHLOR & METOLACHLOR-S<br>ACETOCHLOR,452.1,21219,"Todd County, Kentucky(7)"
21221,21,221,Trigg County,Kentucky,441.4306694980695,86308.5,195.5199444980509,490,"GLYPHOSATE<br>ATRAZINE<br>DIMETHENAMID & DIMETHENAMID-P<br>2,4-D<br>GLUFOSINATE",490,21221,"Trigg County, Kentucky(7)"
21223,21,223,Trimble County,Kentucky,147.77003281853283,8573.9,58.021913079826355,532.9,GLYPHOSATE<br>ATRAZINE<br>SIMAZINE<br>GLUFOSINATE<br>MALEIC HYDRAZIDE,532.9,21223,"Trimble County, Kentucky(7)"
21225,21,225,Union County,Kentucky,342.8764749034749,207757,605.9237515740526,410.8,GLYPHOSATE<br>ATRAZINE<br>METOLACHLOR & METOLACHLOR-S<br>DICAMBA<br>ACETOCHLOR,410.8,21225,"Union County, Kentucky(7)"
21227,21,227,Warren County,Kentucky,541.7269965250965,96954,178.9720664133607,463.5,"GLYPHOSATE<br>METOLACHLOR & METOLACHLOR-S<br>2,4-D<br>ACETOCHLOR<br>ATRAZINE",463.5,21227,"Warren County, Kentucky(7)"
21229,21,229,Washington County,Kentucky,297.2829575289575,19356.9,65.11271335866772,516,"GLYPHOSATE<br>2,4-D<br>ACETOCHLOR<br>ATRAZINE<br>METOLACHLOR & METOLACHLOR-S",516,21229,"Washington County, Kentucky(7)"
21231,21,231,Wayne County,Kentucky,458.0411359073359,12043.7,26.293926584001184,534.5,"GLYPHOSATE<br>METOLACHLOR & METOLACHLOR-S<br>ATRAZINE<br>ACETOCHLOR<br>2,4-D",534.5,21231,"Wayne County, Kentucky(7)"
21233,21,233,Webster County,Kentucky,332.024950965251,137379.6,413.76288017094794,448.6,GLYPHOSATE<br>ATRAZINE<br>DICAMBA<br>METOLACHLOR & METOLACHLOR-S<br>ACETOCHLOR,448.6,21233,"Webster County, Kentucky(7)"
21235,21,235,Whitley County,Kentucky,437.91953127413126,1976.3,4.5129295655070125,569.5,"GLYPHOSATE<br>METOLACHLOR & METOLACHLOR-S<br>ATRAZINE<br>ACETOCHLOR<br>2,4-D",569.5,21235,"Whitley County, Kentucky(7)"
21237,21,237,Wolfe County,Kentucky,222.15832007722008,583.1,2.624704759188493,574.5,MALEIC HYDRAZIDE<br>GLYPHOSATE<br>METOLACHLOR & METOLACHLOR-S<br>ATRAZINE<br>SULFUR,574.5,21237,"Wolfe County, Kentucky(7)"
21239,21,239,Woodford County,Kentucky,189.57260772200772,13936.2,73.5137853905363,513.6,"GLYPHOSATE<br>2,4-D<br>ACETOCHLOR<br>MALEIC HYDRAZIDE<br>METOLACHLOR & METOLACHLOR-S",513.6,21239,"Woodford County, Kentucky(7)"
22001,22,001,Acadia Parish,Louisiana,655.240854054054,120372.2,183.7067991948956,532.2,GLYPHOSATE<br>PROPANIL<br>CLOMAZONE<br>PROPICONAZOLE<br>IMAZETHAPYR,532.2,22001,"Acadia Parish, Louisiana(7)"
22003,22,003,Allen Parish,Louisiana,762.0814328185328,20840.3,27.346552615673687,516.6,GLYPHOSATE<br>PROPANIL<br>CLOMAZONE<br>PROPICONAZOLE<br>IMAZETHAPYR,516.6,22003,"Allen Parish, Louisiana(7)"
22005,22,005,Ascension Parish,Louisiana,290.0015501930502,13696.1,47.22767857924445,499.6,"GLYPHOSATE<br>ACEPHATE<br>2,4-D<br>AZOXYSTROBIN<br>DIFENOCONAZOLE",499.6,22005,"Ascension Parish, Louisiana(7)"
22007,22,007,Assumption Parish,Louisiana,344.01928841698845,27989.6,81.3605543130872,504.3,"GLYPHOSATE<br>ACEPHATE<br>2,4-D<br>METRIBUZIN<br>AZOXYSTROBIN",504.3,22007,"Assumption Parish, Louisiana(7)"
22009,22,009,Avoyelles Parish,Louisiana,831.3590586872587,209983.7,252.57883198093813,495.8,"GLYPHOSATE<br>2,4-D<br>METOLACHLOR & METOLACHLOR-S<br>ACEPHATE<br>METRIBUZIN",495.8,22009,"Avoyelles Parish, Louisiana(7)"
22011,22,011,Beauregard Parish,Louisiana,1157.472632818533,10446.6,9.025353778397111,520.2,"GLYPHOSATE<br>ATRAZINE<br>2,4-D<br>METOLACHLOR & METOLACHLOR-S<br>PROPANIL",520.2,22011,"Beauregard Parish, Louisiana(7)"
22013,22,013,Bienville Parish,Louisiana,811.3399223938223,2582.8,3.183375954654818,523.2,"2,4-D<br>PICLORAM<br>GLYPHOSATE<br>PENDIMETHALIN<br>AMINOPYRALID",523.2,22013,"Bienville Parish, Louisiana(7)"
22015,22,015,Bossier Parish,Louisiana,839.6166243243243,72506.1,86.35619865000743,477.2,"GLYPHOSATE<br>2,4-D<br>ATRAZINE<br>METOLACHLOR & METOLACHLOR-S<br>PARAQUAT",477.2,22015,"Bossier Parish, Louisiana(7)"
22017,22,017,Caddo Parish,Louisiana,879.5305818532819,290010.8,329.73361698112944,481.8,"GLYPHOSATE<br>ATRAZINE<br>METOLACHLOR & METOLACHLOR-S<br>2,4-D<br>ETHEPHON",481.8,22017,"Caddo Parish, Louisiana(7)"
22019,22,019,Calcasieu Parish,Louisiana,1064.0796687258687,16916.1,15.897399881961256,469.9,"GLYPHOSATE<br>PROPANIL<br>CLOMAZONE<br>2,4-D<br>PROPICONAZOLE",469.9,22019,"Calcasieu Parish, Louisiana(7)"
22021,22,021,Caldwell Parish,Louisiana,529.7677359073359,37566.5,70.91126441601745,470,"GLYPHOSATE<br>METOLACHLOR & METOLACHLOR-S<br>2,4-D<br>ETHEPHON<br>ATRAZINE",470,22021,"Caldwell Parish, Louisiana(7)"
22023,22,023,Cameron Parish,Louisiana,1284.6331301158302,8808.4,6.856743605239094,579.7,"GLYPHOSATE<br>PROPANIL<br>CLOMAZONE<br>2,4-D<br>PROPICONAZOLE",579.7,22023,"Cameron Parish, Louisiana(7)"
22025,22,025,Catahoula Parish,Louisiana,709.2485308880309,234845.3,331.11848635901515,486.2,"GLYPHOSATE<br>2,4-D<br>METOLACHLOR & METOLACHLOR-S<br>ETHEPHON<br>ACEPHATE",486.2,22025,"Catahoula Parish, Louisiana(7)"
22027,22,027,Claiborne Parish,Louisiana,754.7909332046332,8540.1,11.31452382945447,514.1,"2,4-D<br>GLYPHOSATE<br>METOLACHLOR & METOLACHLOR-S<br>PICLORAM<br>ATRAZINE",514.1,22027,"Claiborne Parish, Louisiana(7)"
22029,22,029,Concordia Parish,Louisiana,695.702525096525,303965.2,436.9183509256725,431.7,"GLYPHOSATE<br>2,4-D<br>METOLACHLOR & METOLACHLOR-S<br>ACEPHATE<br>ETHEPHON",431.7,22029,"Concordia Parish, Louisiana(7)"
22031,22,031,De Soto Parish,Louisiana,876.4450088803089,33702.4,38.45352493142276,508.6,"2,4-D<br>GLYPHOSATE<br>ATRAZINE<br>METOLACHLOR & METOLACHLOR-S<br>PICLORAM",508.6,22031,"De Soto Parish, Louisiana(7)"
22033,22,033,East Baton Rouge Parish,Louisiana,455.4999555984556,3375,7.409440897893785,475.3,"METOLACHLOR & METOLACHLOR-S<br>2,4-D<br>GLYPHOSATE<br>ATRAZINE<br>PICLORAM",475.3,22033,"East Baton Rouge Parish, Louisiana(7)"
22035,22,035,East Carroll Parish,Louisiana,420.8851293436294,450351.7,1070.0109569143576,502.8,"GLYPHOSATE<br>METOLACHLOR & METOLACHLOR-S<br>ACEPHATE<br>2,4-D<br>PARAQUAT",502.8,22035,"East Carroll Parish, Louisiana(7)"
22037,22,037,East Feliciana Parish,Louisiana,453.2907065637066,3151.4,6.952271366624841,485.9,"2,4-D<br>METOLACHLOR & METOLACHLOR-S<br>GLYPHOSATE<br>ATRAZINE<br>PICLORAM",485.9,22037,"East Feliciana Parish, Louisiana(7)"
22039,22,039,Evangeline Parish,Louisiana,662.4279208494208,62631.5,94.54839995223723,510.6,"GLYPHOSATE<br>CLOMAZONE<br>2,4-D<br>PENDIMETHALIN<br>METOLACHLOR & METOLACHLOR-S",510.6,22039,"Evangeline Parish, Louisiana(7)"
22041,22,041,Franklin Parish,Louisiana,624.2955776061776,314348.3,503.5247906213734,488.9,"GLYPHOSATE<br>METOLACHLOR & METOLACHLOR-S<br>ATRAZINE<br>ACEPHATE<br>2,4-D",488.9,22041,"Franklin Parish, Louisiana(7)"
22043,22,043,Grant Parish,Louisiana,643.7473258687259,23483.7,36.47968551684336,479.4,"GLYPHOSATE<br>ETHEPHON<br>2,4-D<br>METOLACHLOR & METOLACHLOR-S<br>ACEPHATE",479.4,22043,"Grant Parish, Louisiana(7)"
22045,22,045,Iberia Parish,Louisiana,574.7371864864865,20468.9,35.61436510682657,529.2,"GLYPHOSATE<br>ACEPHATE<br>2,4-D<br>PROPANIL<br>CLOMAZONE",529.2,22045,"Iberia Parish, Louisiana(7)"
22047,22,047,Iberville Parish,Louisiana,617.2721146718146,36381.5,58.93916011310987,586.4,"GLYPHOSATE<br>ACEPHATE<br>2,4-D<br>AZOXYSTROBIN<br>DIFENOCONAZOLE",586.4,22047,"Iberville Parish, Louisiana(7)"
22049,22,049,Jackson Parish,Louisiana,569.4652617760618,2059.9,3.617253128971441,509.1,"2,4-D<br>PICLORAM<br>AMINOPYRALID<br>DICAMBA<br>FLUROXYPYR",509.1,22049,"Jackson Parish, Louisiana(7)"
22051,22,051,Jefferson Parish,Louisiana,300.8623444015444,262.90000000000003,0.8738215495958572,465.7,"GLYPHOSATE<br>2,4-D<br>DICAMBA<br>PICLORAM<br>FLUROXYPYR",465.7,22051,"Jefferson Parish, Louisiana(7)"
22053,22,053,Jefferson Davis Parish,Louisiana,651.5174293436294,107604.7,165.16012489244724,486.1,GLYPHOSATE<br>PROPANIL<br>CLOMAZONE<br>PROPICONAZOLE<br>IMAZETHAPYR,486.1,22053,"Jefferson Davis Parish, Louisiana(7)"
22055,22,055,Lafayette Parish,Louisiana,268.82533166023165,14021.3,52.15765907701556,483.8,GLYPHOSATE<br>ACEPHATE<br>PROPANIL<br>CLOMAZONE<br>METOLACHLOR & METOLACHLOR-S,483.8,22055,"Lafayette Parish, Louisiana(7)"
22057,22,057,Lafourche Parish,Louisiana,1067.7881486486488,4553.2,4.264141726767011,464.4,"GLYPHOSATE<br>2,4-D<br>ACEPHATE<br>DICAMBA<br>PICLORAM",464.4,22057,"LaFourche Parish, Louisiana(7)"
22059,22,059,LaSalle Parish,Louisiana,624.850671042471,2502.9,4.005597042609046,495,"GLYPHOSATE<br>2,4-D<br>METOLACHLOR & METOLACHLOR-S<br>ACEPHATE<br>METRIBUZIN",495,22059,"La Salle Parish, Louisiana(7)"
22061,22,061,Lincoln Parish,Louisiana,471.63412972972975,6914.4000000000005,14.66051662538142,421.8,"2,4-D<br>PICLORAM<br>GLYPHOSATE<br>PENDIMETHALIN<br>AMINOPYRALID",421.8,22061,"Lincoln Parish, Louisiana(7)"
22063,22,063,Livingston Parish,Louisiana,648.128454054054,171.70000000000002,0.2649166209661275,491.2,"2,4-D<br>GLYPHOSATE<br>PICLORAM<br>FLUROXYPYR<br>METOLACHLOR & METOLACHLOR-S",491.2,22063,"Livingston Parish, Louisiana(7)"
22065,22,065,Madison Parish,Louisiana,623.8822193050194,458347.4,734.6697594789306,471.2,"GLYPHOSATE<br>METOLACHLOR & METOLACHLOR-S<br>ACEPHATE<br>2,4-D<br>PARAQUAT",471.2,22065,"Madison Parish, Louisiana(7)"
22067,22,067,Morehouse Parish,Louisiana,794.9462227799228,448980.7,564.7938025668162,492.1,"GLYPHOSATE<br>METOLACHLOR & METOLACHLOR-S<br>ACEPHATE<br>2,4-D<br>ATRAZINE",492.1,22067,"Morehouse Parish, Louisiana(7)"
22069,22,069,Natchitoches Parish,Louisiana,1253.0026467181467,110790.6,88.4200845785775,520.7,"GLYPHOSATE<br>ATRAZINE<br>2,4-D<br>ETHEPHON<br>ACEPHATE",520.7,22069,"Natchitoches Parish, Louisiana(7)"
22071,22,071,Orleans Parish,Louisiana,169.49871505791506,172.70000000000002,1.0188867800029702,434.1,"2,4-D<br>GLYPHOSATE<br>DICAMBA<br>PICLORAM<br>FLUROXYPYR",434.1,22071,"Orleans Parish, Louisiana(7)"
22073,22,073,Ouachita Parish,Louisiana,610.3467019305019,86873.1,142.33402052509484,481.3,"GLYPHOSATE<br>METOLACHLOR & METOLACHLOR-S<br>2,4-D<br>ETHEPHON<br>TRIBUFOS",481.3,22073,"Ouachita Parish, Louisiana(7)"
22075,22,075,Plaquemines Parish,Louisiana,780.5913378378378,902.8,1.156559080581996,468.5,"2,4-D<br>GLYPHOSATE<br>DICAMBA<br>PICLORAM<br>FLUROXYPYR",468.5,22075,"Plaquemines Parish, Louisiana(7)"
22077,22,077,Pointe Coupee Parish,Louisiana,555.4926783783784,125152,225.2990991084705,500.9,"GLYPHOSATE<br>2,4-D<br>METOLACHLOR & METOLACHLOR-S<br>ACEPHATE<br>METRIBUZIN",500.9,22077,"Pointe Coupee Parish, Louisiana(7)"
22079,22,079,Rapides Parish,Louisiana,1324.1035227799227,105981.9,80.04049394679775,479.6,"GLYPHOSATE<br>2,4-D<br>METOLACHLOR & METOLACHLOR-S<br>ETHEPHON<br>ACEPHATE",479.6,22079,"Rapides Parish, Louisiana(7)"
22081,22,081,Red River Parish,Louisiana,388.97802625482626,72722.7,186.95837577302655,475.5,"2,4-D<br>GLYPHOSATE<br>ATRAZINE<br>METOLACHLOR & METOLACHLOR-S<br>PARAQUAT",475.5,22081,"Red River Parish, Louisiana(7)"
22083,22,083,Richland Parish,Louisiana,555.6105776061776,301448.6,542.5537456446156,510.7,"GLYPHOSATE<br>METOLACHLOR & METOLACHLOR-S<br>ACEPHATE<br>ATRAZINE<br>2,4-D",510.7,22083,"Richland Parish, Louisiana(7)"
22085,22,085,Sabine Parish,Louisiana,866.6270733590734,2052.5,2.3683774291108244,491.9,"GLYPHOSATE<br>ATRAZINE<br>2,4-D<br>PENDIMETHALIN<br>DICAMBA",491.9,22085,"Sabine Parish, Louisiana(7)"
22087,22,087,St. Bernard Parish,Louisiana,377.5147810810811,223.4,0.5917649088076874,493.9,"2,4-D<br>GLYPHOSATE<br>DICAMBA<br>PICLORAM<br>FLUROXYPYR",493.9,22087,"St. Bernard Parish, Louisiana(7)"
22089,22,089,St. Charles Parish,Louisiana,277.7404996138996,542.3,1.952542033854901,488.5,"GLYPHOSATE<br>2,4-D<br>DICAMBA<br>PICLORAM<br>FLUROXYPYR",488.5,22089,"St. Charles Parish, Louisiana(7)"
22091,22,091,St. Helena Parish,Louisiana,408.52467297297295,1825.5,4.468518355856491,461.4,"METOLACHLOR & METOLACHLOR-S<br>ATRAZINE<br>2,4-D<br>GLYPHOSATE<br>MESOTRIONE",461.4,22091,"St. Helena Parish, Louisiana(7)"
22093,22,093,St. James Parish,Louisiana,237.86019806949807,9933.5,41.76192604152136,533.5,"GLYPHOSATE<br>ACEPHATE<br>2,4-D<br>AZOXYSTROBIN<br>DIFENOCONAZOLE",533.5,22093,"St. James Parish, Louisiana(7)"
22095,22,095,St. John the Baptist Parish,Louisiana,214.47286602316603,3109.3,14.497404998840985,458.2,"GLYPHOSATE<br>ACEPHATE<br>2,4-D<br>DICAMBA<br>PICLORAM",458.2,22095,"St. John the Baptist Parish, Louisiana(7)"
22097,22,097,St. Landry Parish,Louisiana,923.3732424710424,178654.9,193.48069857634275,542.3,"GLYPHOSATE<br>2,4-D<br>METOLACHLOR & METOLACHLOR-S<br>ACEPHATE<br>CLOMAZONE",542.3,22097,"St. Landry Parish, Louisiana(7)"
22099,22,099,St. Martin Parish,Louisiana,737.5458200772201,23857.7,32.347414018971904,530.2,"GLYPHOSATE<br>ACEPHATE<br>2,4-D<br>PROPANIL<br>CLOMAZONE",530.2,22099,"St. Martin Parish, Louisiana(7)"
22101,22,101,St. Mary Parish,Louisiana,558.5257992277992,15065.6,26.97386588198654,488.4,"GLYPHOSATE<br>ACEPHATE<br>2,4-D<br>METRIBUZIN<br>AZOXYSTROBIN",488.4,22101,"St. Mary Parish, Louisiana(7)"
22103,22,103,St. Tammany Parish,Louisiana,845.2629216216217,828.6999999999999,0.9804050063028364,498.7,"2,4-D<br>GLYPHOSATE<br>PICLORAM<br>FLUROXYPYR<br>AMINOPYRALID",498.7,22103,"St. Tammany Parish, Louisiana(7)"
22105,22,105,Tangipahoa Parish,Louisiana,791.176361003861,5502.1,6.954328100777458,497.5,"METOLACHLOR & METOLACHLOR-S<br>2,4-D<br>ATRAZINE<br>GLYPHOSATE<br>MESOTRIONE",497.5,22105,"Tangipahoa Parish, Louisiana(7)"
22107,22,107,Tensas Parish,Louisiana,603.2994938223939,419594,695.4986773509955,469.7,"GLYPHOSATE<br>METOLACHLOR & METOLACHLOR-S<br>ACEPHATE<br>ETHEPHON<br>2,4-D",469.7,22107,"Tensas Parish, Louisiana(7)"
22109,22,109,Terrebonne Parish,Louisiana,1229.8825084942084,3482.5,2.831571289084968,501.7,"GLYPHOSATE<br>2,4-D<br>ACEPHATE<br>DICAMBA<br>PICLORAM",501.7,22109,"Terrebonne Parish, Louisiana(7)"
22111,22,111,Union Parish,Louisiana,876.9089416988417,7824.299999999999,8.92259119269776,508.9,"2,4-D<br>PICLORAM<br>GLYPHOSATE<br>PENDIMETHALIN<br>AMINOPYRALID",508.9,22111,"Union Parish, Louisiana(7)"
22113,22,113,Vermilion Parish,Louisiana,1172.0491305019304,66263.4,56.5363671842175,537,GLYPHOSATE<br>PROPANIL<br>CLOMAZONE<br>PROPICONAZOLE<br>IMAZETHAPYR,537,22113,"Vermilion Parish, Louisiana(7)"
22115,22,115,Vernon Parish,Louisiana,1326.7216505791505,2846.2000000000003,2.145287972618488,485,"GLYPHOSATE<br>ATRAZINE<br>2,4-D<br>PENDIMETHALIN<br>DICAMBA",485,22115,"Vernon Parish, Louisiana(7)"
22117,22,117,Washington Parish,Louisiana,669.6340042471043,15212.2,22.71718566189552,517.1,"METOLACHLOR & METOLACHLOR-S<br>ATRAZINE<br>MESOTRIONE<br>GLYPHOSATE<br>2,4-D",517.1,22117,"Washington Parish, Louisiana(7)"
22119,22,119,Webster Parish,Louisiana,593.3158996138997,9441.8,15.91361365192514,500.5,"2,4-D<br>PICLORAM<br>NICOSULFURON<br>AMINOPYRALID<br>METSULFURON",500.5,22119,"Webster Parish, Louisiana(7)"
22121,22,121,West Baton Rouge Parish,Louisiana,192.34543822393823,19501.2,101.38634001444694,494.3,"GLYPHOSATE<br>2,4-D<br>METOLACHLOR & METOLACHLOR-S<br>ACEPHATE<br>METRIBUZIN",494.3,22121,"West Baton Rouge Parish, Louisiana(7)"
22123,22,123,West Carroll Parish,Louisiana,359.6842359073359,206973.5,575.4311124530957,500.6,"GLYPHOSATE<br>METOLACHLOR & METOLACHLOR-S<br>ACEPHATE<br>2,4-D<br>PARAQUAT",500.6,22123,"West Carroll Parish, Louisiana(7)"
22125,22,125,West Feliciana Parish,Louisiana,403.215472972973,4188.5,10.387746207052798,508.9,"2,4-D<br>METOLACHLOR & METOLACHLOR-S<br>GLYPHOSATE<br>ATRAZINE<br>ETHEPHON",508.9,22125,"West Feliciana Parish, Louisiana(7)"
22127,22,127,Winn Parish,Louisiana,949.9990996138996,2930.3,3.084529239228688,473.9,"2,4-D<br>PICLORAM<br>GLYPHOSATE<br>PENDIMETHALIN<br>AMINOPYRALID",473.9,22127,"Winn Parish, Louisiana(7)"
23001,23,001,Androscoggin County,Maine,467.9518988416988,6753.8,14.432679975692782,452.6,GLYPHOSATE<br>ATRAZINE<br>CAPTAN<br>METOLACHLOR & METOLACHLOR-S<br>CHLOROTHALONIL,452.6,23001,"Androscoggin County, Maine(6)"
23003,23,003,Aroostook County,Maine,6671.140643629344,224484,33.650017589476654,466.1,CHLOROTHALONIL<br>MANCOZEB<br>METRIBUZIN<br>PHOSPHORIC ACID<br>DIQUAT,466.1,23003,"Aroostook County, Maine(6)"
23005,23,005,Cumberland County,Maine,836.1945548262548,3732.6,4.463793716972437,444.5,CAPTAN<br>PETROLEUM OIL<br>GLYPHOSATE<br>ATRAZINE<br>MANCOZEB,444.5,23005,"Cumberland County, Maine(6)"
23007,23,007,Franklin County,Maine,1696.9987277992277,1527.7,0.9002363849625363,452.2,GLYPHOSATE<br>ATRAZINE<br>CAPTAN<br>METHOMYL<br>METOLACHLOR & METOLACHLOR-S,452.2,23007,"Franklin County, Maine(6)"
23009,23,009,Hancock County,Maine,1587.1218555984556,824.6,0.5195568299253672,520.9,CAPTAN<br>PETROLEUM OIL<br>MANCOZEB<br>COPPER SULFATE<br>GLYPHOSATE,520.9,23009,"Hancock County, Maine(6)"
23011,23,011,Kennebec County,Maine,867.4668849420849,8676.5,10.002110916982463,470.5,GLYPHOSATE<br>ATRAZINE<br>METOLACHLOR & METOLACHLOR-S<br>CAPTAN<br>ACETOCHLOR,470.5,23011,"Kennebec County, Maine(6)"
23013,23,013,Knox County,Maine,364.8981135135135,2977.2999999999997,8.159263886930836,482.7,CAPTAN<br>PETROLEUM OIL<br>MANCOZEB<br>GLYPHOSATE<br>ATRAZINE,482.7,23013,"Knox County, Maine(6)"
23015,23,015,Lincoln County,Maine,455.8644760617761,3543.7,7.773582251054321,434.5,CAPTAN<br>PETROLEUM OIL<br>GLYPHOSATE<br>MANCOZEB<br>ATRAZINE,434.5,23015,"Lincoln County, Maine(6)"
23017,23,017,Oxford County,Maine,2076.948325096525,16267.1,7.832212194900899,461.8,CHLOROTHALONIL<br>CAPTAN<br>PETROLEUM OIL<br>MANCOZEB<br>GLYPHOSATE,461.8,23017,"Oxford County, Maine(6)"
23019,23,019,Penobscot County,Maine,3397.170457915058,13858.1,4.079306638179445,527.4,GLYPHOSATE<br>ATRAZINE<br>METOLACHLOR & METOLACHLOR-S<br>CAPTAN<br>PETROLEUM OIL,527.4,23019,"Penobscot County, Maine(6)"
23021,23,021,Piscataquis County,Maine,3960.82852007722,1147.2,0.28963637132607656,564.2,GLYPHOSATE<br>CAPTAN<br>ATRAZINE<br>PETROLEUM OIL<br>METOLACHLOR & METOLACHLOR-S,564.2,23021,"Piscataquis County, Maine(6)"
23023,23,023,Sagadahoc County,Maine,253.97753088803088,2869.2,11.297062342357057,471.7,CAPTAN<br>PETROLEUM OIL<br>MANCOZEB<br>GLYPHOSATE<br>ATRAZINE,471.7,23023,"Sagadahoc County, Maine(6)"
23025,23,025,Somerset County,Maine,3924.251713899614,7383.4,1.8814797159540395,490.4,GLYPHOSATE<br>ATRAZINE<br>METOLACHLOR & METOLACHLOR-S<br>PENDIMETHALIN<br>CAPTAN,490.4,23025,"Somerset County, Maine(6)"
23027,23,027,Waldo County,Maine,730.2238737451737,3306.6,4.528200349080759,493.9,GLYPHOSATE<br>ATRAZINE<br>METOLACHLOR & METOLACHLOR-S<br>CAPTAN<br>PETROLEUM OIL,493.9,23027,"Waldo County, Maine(6)"
23029,23,029,Washington County,Maine,2562.713266795367,2322.6,0.9063050595997324,552.8,CAPTAN<br>PETROLEUM OIL<br>MANCOZEB<br>COPPER SULFATE<br>PHOSMET,552.8,23029,"Washington County, Maine(6)"
23031,23,031,York County,Maine,991.1899362934364,4806.2,4.848919287833801,482.9,CAPTAN<br>PETROLEUM OIL<br>MANCOZEB<br>GLYPHOSATE<br>COPPER SULFATE,482.9,23031,"York County, Maine(6)"
24001,24,001,Allegany County,Maryland,422.1968671814672,4256.9,10.08273706154791,535.4,"GLYPHOSATE<br>2,4-D<br>SULFUR<br>PENDIMETHALIN<br>PARAQUAT",535.4,24001,"Allegany County, Maryland(6)"
24003,24,003,Anne Arundel County,Maryland,414.8045231660232,16183.2,39.01403937565735,457.4,GLYPHOSATE<br>ATRAZINE<br>PARAQUAT<br>METOLACHLOR & METOLACHLOR-S<br>ACETOCHLOR,457.4,24003,"Anne Arundel County, Maryland(6)"
24005,24,005,Baltimore County,Maryland,598.3554629343629,80968.5,135.31839352301844,479.9,GLYPHOSATE<br>ATRAZINE<br>ACETOCHLOR<br>PARAQUAT<br>METOLACHLOR & METOLACHLOR-S,479.9,24005,"Baltimore County, Maryland(6)"
24009,24,009,Calvert County,Maryland,213.1886243243243,12260.8,57.51151140854316,480.5,GLYPHOSATE<br>ATRAZINE<br>PARAQUAT<br>METOLACHLOR & METOLACHLOR-S<br>ACETOCHLOR,480.5,24009,"Calvert County, Maryland(6)"
24011,24,011,Caroline County,Maryland,319.4402525096525,141503.1,442.9720390223027,484.5,GLYPHOSATE<br>ATRAZINE<br>SIMAZINE<br>METOLACHLOR & METOLACHLOR-S<br>GLUFOSINATE,484.5,24011,"Caroline County, Maryland(6)"
24013,24,013,Carroll County,Maryland,447.6128613899614,153097.3,342.0306099440276,493.3,GLYPHOSATE<br>ATRAZINE<br>ACETOCHLOR<br>PARAQUAT<br>METOLACHLOR & METOLACHLOR-S,493.3,24013,"Carroll County, Maryland(6)"
24015,24,015,Cecil County,Maryland,346.29827876447877,59079.1,170.6017720064394,499,GLYPHOSATE<br>ATRAZINE<br>SIMAZINE<br>METOLACHLOR & METOLACHLOR-S<br>GLUFOSINATE,499,24015,"Cecil County, Maryland(6)"
24017,24,017,Charles County,Maryland,457.8167,22823.5,49.852921485826094,439.1,"GLYPHOSATE<br>ATRAZINE<br>PARAQUAT<br>METOLACHLOR & METOLACHLOR-S<br>2,4-D",439.1,24017,"Charles County, Maryland(6)"
24019,24,019,Dorchester County,Maryland,540.7620656370657,101265.2,187.26387525112472,492.5,"GLYPHOSATE<br>ATRAZINE<br>METOLACHLOR & METOLACHLOR-S<br>SIMAZINE<br>2,4-D",492.5,24019,"Dorchester County, Maryland(6)"
24021,24,021,Frederick County,Maryland,660.6220142857143,190324.6,288.0990882596988,444,GLYPHOSATE<br>ATRAZINE<br>PARAQUAT<br>ACETOCHLOR<br>METOLACHLOR & METOLACHLOR-S,444,24021,"Frederick County, Maryland(6)"
24023,24,023,Garrett County,Maryland,649.0743003861004,14621.8,22.52715904989961,403.6,"GLYPHOSATE<br>ATRAZINE<br>METOLACHLOR & METOLACHLOR-S<br>2,4-D<br>PARAQUAT",403.6,24023,"Garrett County, Maryland(6)"
24025,24,025,Harford County,Maryland,437.1232810810811,88907.7,203.39273575206508,495.2,GLYPHOSATE<br>ATRAZINE<br>ACETOCHLOR<br>PARAQUAT<br>METOLACHLOR & METOLACHLOR-S,495.2,24025,"Harford County, Maryland(6)"
24027,24,027,Howard County,Maryland,250.94871698841695,19641.1,78.26738560654437,415,GLYPHOSATE<br>ATRAZINE<br>ACETOCHLOR<br>PARAQUAT<br>METOLACHLOR & METOLACHLOR-S,415,24027,"Howard County, Maryland(6)"
24029,24,029,Kent County,Maryland,276.93774555984555,136863.7,494.2038497616935,474.4,GLYPHOSATE<br>ATRAZINE<br>SIMAZINE<br>METOLACHLOR & METOLACHLOR-S<br>GLUFOSINATE,474.4,24029,"Kent County, Maryland(6)"
24031,24,031,Montgomery County,Maryland,493.14243552123554,73009.5,148.04951823468878,394.2,GLYPHOSATE<br>ATRAZINE<br>PARAQUAT<br>ACETOCHLOR<br>METOLACHLOR & METOLACHLOR-S,394.2,24031,"Montgomery County, Maryland(6)"
24033,24,033,Prince George's County,Maryland,482.59235675675683,10042.4,20.8092810824638,391.2,GLYPHOSATE<br>ATRAZINE<br>ACETOCHLOR<br>PARAQUAT<br>METOLACHLOR & METOLACHLOR-S,391.2,24033,"Prince Georges County, Maryland(6)"
24035,24,035,Queen Anne's County,Maryland,371.6674084942085,172656.19999999998,464.5449023886914,479.8,GLYPHOSATE<br>ATRAZINE<br>SIMAZINE<br>METOLACHLOR & METOLACHLOR-S<br>GLUFOSINATE,479.8,24035,"Queen Annes County, Maryland(6)"
24037,24,037,St. Mary's County,Maryland,358.56229575289575,44397.9,123.82199836927904,472.6,GLYPHOSATE<br>ATRAZINE<br>PARAQUAT<br>METOLACHLOR & METOLACHLOR-S<br>ACETOCHLOR,472.6,24037,"St. Marys County, Maryland(6)"
24039,24,039,Somerset County,Maryland,319.7472196911197,44282.9,138.49346381425272,504.2,"GLYPHOSATE<br>SIMAZINE<br>ATRAZINE<br>METOLACHLOR & METOLACHLOR-S<br>2,4-D",504.2,24039,"Somerset County, Maryland(6)"
24041,24,041,Talbot County,Maryland,268.5544760617761,110573.3,411.7350848941524,472.8,GLYPHOSATE<br>ATRAZINE<br>SIMAZINE<br>METOLACHLOR & METOLACHLOR-S<br>GLUFOSINATE,472.8,24041,"Talbot County, Maryland(6)"
24043,24,043,Washington County,Maryland,457.7819521235521,137903.5,301.2427627613874,454.6,GLYPHOSATE<br>ATRAZINE<br>ACETOCHLOR<br>PARAQUAT<br>METOLACHLOR & METOLACHLOR-S,454.6,24043,"Washington County, Maryland(6)"
24045,24,045,Wicomico County,Maryland,374.4254343629344,64623.3,172.59324305773515,509,GLYPHOSATE<br>ATRAZINE<br>SIMAZINE<br>METOLACHLOR & METOLACHLOR-S<br>PENDIMETHALIN,509,24045,"Wicomico County, Maryland(6)"
24047,24,047,Worcester County,Maryland,468.29626911196914,98872.7,211.13279460349415,500.3,GLYPHOSATE<br>SIMAZINE<br>ATRAZINE<br>METOLACHLOR & METOLACHLOR-S<br>PENDIMETHALIN,500.3,24047,"Worcester County, Maryland(6)"
24510,24,510,Baltimore city,Maryland,80.94568648648648,NA,NA,479.2,NA,479.2,24510,"Baltimore City, Maryland(6)"
25001,25,001,Barnstable County,Massachusetts,394.1982945945946,1673.4,4.245071637666457,447.4,PETROLEUM OIL<br>CAPTAN<br>PHOSMET<br>CHLOROTHALONIL<br>SULFUR,447.4,25001,"Barnstable County, Massachusetts(7)"
25003,25,003,Berkshire County,Massachusetts,926.8695548262548,9877.7,10.657055190308428,458.4,"GLYPHOSATE<br>ATRAZINE<br>METOLACHLOR & METOLACHLOR-S<br>PENDIMETHALIN<br>2,4-D",458.4,25003,"Berkshire County, Massachusetts(7)"
25005,25,005,Bristol County,Massachusetts,553.1103996138996,11622.6,21.013164836736376,453.8,GLYPHOSATE<br>ATRAZINE<br>METOLACHLOR & METOLACHLOR-S<br>CHLOROTHALONIL<br>PHOSPHORIC ACID,453.8,25005,"Bristol County, Massachusetts(7)"
25007,25,007,Dukes County,Massachusetts,103.2019277992278,2296.1,22.24861539860867,403.3,PETROLEUM OIL<br>CHLOROTHALONIL<br>PHOSPHORIC ACID<br>CAPTAN<br>PHOSMET,403.3,25007,"Dukes County, Massachusetts(7)"
25009,25,009,Essex County,Massachusetts,492.5115660231661,10476.3,21.27117558800077,433.6,PETROLEUM OIL<br>PHOSMET<br>CAPTAN<br>GLYPHOSATE<br>MANCOZEB,433.6,25009,"Essex County, Massachusetts(7)"
25011,25,011,Franklin County,Massachusetts,699.2059694980695,31974.2,45.72930065650459,410.7,CHLOROTHALONIL<br>PETROLEUM OIL<br>PHOSMET<br>GLYPHOSATE<br>CAPTAN,410.7,25011,"Franklin County, Massachusetts(7)"
25013,25,013,Hampden County,Massachusetts,617.0021030888031,14446.6,23.414182751854817,436.4,PETROLEUM OIL<br>CHLOROTHALONIL<br>PHOSMET<br>GLYPHOSATE<br>CAPTAN,436.4,25013,"Hampden County, Massachusetts(7)"
25015,25,015,Hampshire County,Massachusetts,527.233155984556,27956.1,53.02416906576131,406.8,CHLOROTHALONIL<br>METOLACHLOR & METOLACHLOR-S<br>MANCOZEB<br>GLYPHOSATE<br>PHOSPHORIC ACID,406.8,25015,"Hampshire County, Massachusetts(7)"
25017,25,017,Middlesex County,Massachusetts,817.8738656370656,15659.1,19.146106334871913,414,PETROLEUM OIL<br>PHOSMET<br>CAPTAN<br>CHLOROTHALONIL<br>PHOSPHORIC ACID,414,25017,"Middlesex County, Massachusetts(7)"
25019,25,019,Nantucket County,Massachusetts,46.192014285714286,1191.3,25.790172141690537,419.9,PETROLEUM OIL<br>PHOSMET<br>CAPTAN<br>MANCOZEB<br>PHOSPHORIC ACID,419.9,25019,"Nantucket County, Massachusetts(7)"
25021,25,021,Norfolk County,Massachusetts,396.1011980694981,2627,6.632143535044493,454.3,CHLOROTHALONIL<br>PHOSPHORIC ACID<br>PETROLEUM OIL<br>CAPTAN<br>PHOSMET,454.3,25021,"Norfolk County, Massachusetts(7)"
25023,25,023,Plymouth County,Massachusetts,658.499261003861,9453.8,14.356584069035986,476.5,CHLOROTHALONIL<br>PHOSPHORIC ACID<br>PETROLEUM OIL<br>PHOSMET<br>CAPTAN,476.5,25023,"Plymouth County, Massachusetts(7)"
25025,25,025,Suffolk County,Massachusetts,58.25702625482626,599.3,10.28717115388895,405.5,PHOSPHORIC ACID<br>CHLOROTHALONIL<br>MANCOZEB<br>GLYPHOSATE<br>ETHALFLURALIN,405.5,25025,"Suffolk County, Massachusetts(7)"
25027,25,027,Worcester County,Massachusetts,1510.6705494208495,62919.3,41.64991501563433,457.1,PETROLEUM OIL<br>PHOSMET<br>CAPTAN<br>MANCOZEB<br>SULFUR,457.1,25027,"Worcester County, Massachusetts(7)"
26001,26,001,Alcona County,Michigan,674.652216988417,2840.7,4.210613896268826,473.7,GLYPHOSATE<br>CHLOROTHALONIL<br>METIRAM<br>CAPTAN<br>DIMETHENAMID & DIMETHENAMID-P,473.7,26001,"Alcona County, Michigan(6)"
26003,26,003,Alger County,Michigan,915.0299953667952,2705.7,2.9569522460467583,379,"2,4-D<br>GLYPHOSATE<br>CAPTAN<br>MANCOZEB<br>BROMOXYNIL",379,26003,"Alger County, Michigan(6)"
26005,26,005,Allegan County,Michigan,825.2493,214926.4,260.4381488115167,388.7,METAM<br>GLYPHOSATE<br>MANCOZEB<br>METOLACHLOR & METOLACHLOR-S<br>CHLOROTHALONIL,388.7,26005,"Allegan County, Michigan(6)"
26007,26,007,Alpena County,Michigan,571.8962972972973,5347.3,9.350121735829727,470.2,GLYPHOSATE<br>MANCOZEB<br>METOLACHLOR & METOLACHLOR-S<br>CHLOROTHALONIL<br>DIMETHENAMID & DIMETHENAMID-P,470.2,26007,"Alpena County, Michigan(6)"
26009,26,009,Antrim County,Michigan,475.6765571428571,112697.7,236.92086210200637,424,METAM<br>CHLOROTHALONIL<br>SULFUR<br>CAPTAN<br>GLYPHOSATE,424,26009,"Antrim County, Michigan(6)"
26011,26,011,Arenac County,Michigan,363.1767023166023,101353.6,279.07517016783794,454.2,GLYPHOSATE<br>METAM<br>CHLOROTHALONIL<br>METOLACHLOR & METOLACHLOR-S<br>MANCOZEB,454.2,26011,"Arenac County, Michigan(6)"
26013,26,013,Baraga County,Michigan,898.422816988417,1994.4,2.21989019233214,337.8,"GLYPHOSATE<br>ETHALFLURALIN<br>CAPTAN<br>MANCOZEB<br>2,4-D",337.8,26013,"Baraga County, Michigan(6)"
26015,26,015,Barry County,Michigan,553.1016486486486,71268.90000000001,128.85316862483762,406,"GLYPHOSATE<br>ATRAZINE<br>METOLACHLOR & METOLACHLOR-S<br>ACETOCHLOR<br>2,4-D",406,26015,"Barry County, Michigan(6)"
26017,26,017,Bay County,Michigan,442.4073135135135,304790.3,688.9359436204032,486.3,GLYPHOSATE<br>METAM<br>METOLACHLOR & METOLACHLOR-S<br>MANCOZEB<br>CHLOROTHALONIL,486.3,26017,"Bay County, Michigan(6)"
26019,26,019,Benzie County,Michigan,319.6957351351351,30862.4,96.5367898541233,460,CHLOROTHALONIL<br>CAPTAN<br>SULFUR<br>METIRAM<br>GLYPHOSATE,460,26019,"Benzie County, Michigan(6)"
26021,26,021,Berrien County,Michigan,567.7921258687259,203229.1,357.9287044339653,435.5,GLYPHOSATE<br>SULFUR<br>CAPTAN<br>MANCOZEB<br>METOLACHLOR & METOLACHLOR-S,435.5,26021,"Berrien County, Michigan(6)"
26023,26,023,Branch County,Michigan,506.4083745173745,191193,377.54707390495633,399.8,GLYPHOSATE<br>ATRAZINE<br>METOLACHLOR & METOLACHLOR-S<br>ACETOCHLOR<br>METAM,399.8,26023,"Branch County, Michigan(6)"
26025,26,025,Calhoun County,Michigan,706.2554111969112,169840.2,240.4798565892288,436.5,"GLYPHOSATE<br>ATRAZINE<br>METOLACHLOR & METOLACHLOR-S<br>ACETOCHLOR<br>2,4-D",436.5,26025,"Calhoun County, Michigan(6)"
26027,26,027,Cass County,Michigan,490.12284942084943,539312.2000000001,1100.3612678684026,398.5,METAM<br>GLYPHOSATE<br>MANCOZEB<br>CHLOROTHALONIL<br>METOLACHLOR & METOLACHLOR-S,398.5,26027,"Cass County, Michigan(6)"
26029,26,029,Charlevoix County,Michigan,416.32771853281855,11509.4,27.6450485702953,375.3,"GLYPHOSATE<br>2,4-D<br>METAM<br>METIRAM<br>CAPTAN",375.3,26029,"Charlevoix County, Michigan(6)"
26031,26,031,Cheboygan County,Michigan,715.2756741312742,473.3,0.6617029169555338,406.1,GLYPHOSATE<br>METIRAM<br>CAPTAN<br>PETROLEUM OIL<br>SULFUR,406.1,26031,"Cheboygan County, Michigan(6)"
26033,26,033,Chippewa County,Michigan,1558.5058181467182,2721.1,1.7459671746594885,441.6,"2,4-D<br>GLYPHOSATE<br>ETHALFLURALIN<br>CAPTAN<br>MANCOZEB",441.6,26033,"Chippewa County, Michigan(6)"
26035,26,035,Clare County,Michigan,564.3646725868726,7866.9,13.939391287446412,469,GLYPHOSATE<br>CHLOROTHALONIL<br>ATRAZINE<br>ACETOCHLOR<br>COPPER,469,26035,"Clare County, Michigan(6)"
26037,26,037,Clinton County,Michigan,567.3465737451737,177758.2,313.315014536143,416.1,GLYPHOSATE<br>ATRAZINE<br>METOLACHLOR & METOLACHLOR-S<br>ACETOCHLOR<br>METAM,416.1,26037,"Clinton County, Michigan(6)"
26039,26,039,Crawford County,Michigan,556.4125281853281,56.8,0.10208253251458284,475.7,GLYPHOSATE<br>CHLOROTHALONIL<br>COPPER HYDROXIDE<br>METOLACHLOR & METOLACHLOR-S<br>ETHALFLURALIN,475.7,26039,"Crawford County, Michigan(6)"
26041,26,041,Delta County,Michigan,1171.0889023166023,10344.8,8.833488200200959,417.5,"GLYPHOSATE<br>MANCOZEB<br>CHLOROTHALONIL<br>2,4-D<br>LINURON",417.5,26041,"Delta County, Michigan(6)"
26043,26,043,Dickinson County,Michigan,760.9467146718147,4188.8,5.504721840880237,348,GLYPHOSATE<br>MANCOZEB<br>CHLOROTHALONIL<br>ETHALFLURALIN<br>LINURON,348,26043,"Dickinson County, Michigan(6)"
26045,26,045,Eaton County,Michigan,575.2058934362934,166646.4,289.71608584267193,446.5,GLYPHOSATE<br>METOLACHLOR & METOLACHLOR-S<br>ATRAZINE<br>ACETOCHLOR<br>METAM,446.5,26045,"Eaton County, Michigan(6)"
26047,26,047,Emmet County,Michigan,467.5435633204633,5281.2,11.295631924634506,421.9,"2,4-D<br>GLYPHOSATE<br>METAM<br>CHLOROTHALONIL<br>METIRAM",421.9,26047,"Emmet County, Michigan(6)"
26049,26,049,Genesee County,Michigan,636.9412749034749,65905.4,103.4717054723571,396.2,GLYPHOSATE<br>ATRAZINE<br>METOLACHLOR & METOLACHLOR-S<br>GLUFOSINATE<br>ACETOCHLOR,396.2,26049,"Genesee County, Michigan(6)"
26051,26,051,Gladwin County,Michigan,501.7848656370657,16306.2,32.49639659677193,509.1,GLYPHOSATE<br>CHLOROTHALONIL<br>MANCOZEB<br>ATRAZINE<br>ACETOCHLOR,509.1,26051,"Gladwin County, Michigan(6)"
26053,26,053,Gogebic County,Michigan,1102.1304814671814,1213.1,1.1006863709867576,319.8,ETHALFLURALIN<br>CAPTAN<br>GLYPHOSATE<br>MANCOZEB<br>CHLOROTHALONIL,319.8,26053,"Gogebic County, Michigan(6)"
26055,26,055,Grand Traverse County,Michigan,464.33401621621624,86263.7,185.77941091404224,457.1,CHLOROTHALONIL<br>SULFUR<br>CAPTAN<br>GLYPHOSATE<br>METIRAM,457.1,26055,"Grand Traverse County, Michigan(6)"
26057,26,057,Gratiot County,Michigan,568.380455984556,124649.9,219.307153663614,453.6,GLYPHOSATE<br>MANCOZEB<br>ATRAZINE<br>ACETOCHLOR<br>METOLACHLOR & METOLACHLOR-S,453.6,26057,"Gratiot County, Michigan(6)"
26059,26,059,Hillsdale County,Michigan,598.1494872586873,176752.2,295.498372505598,420.7,GLYPHOSATE<br>ATRAZINE<br>METOLACHLOR & METOLACHLOR-S<br>ACETOCHLOR<br>METAM,420.7,26059,"Hillsdale County, Michigan(6)"
26061,26,061,Houghton County,Michigan,1009.0980196911196,3123.6,3.095437647331941,295.8,"GLYPHOSATE<br>2,4-D<br>BROMOXYNIL<br>MANCOZEB<br>CAPTAN",295.8,26061,"Houghton County, Michigan(6)"
26063,26,063,Huron County,Michigan,836.0141888030888,444994.6,532.2811573773565,425.3,GLYPHOSATE<br>MANCOZEB<br>METOLACHLOR & METOLACHLOR-S<br>METAM<br>EPTC,425.3,26063,"Huron County, Michigan(6)"
26065,26,065,Ingham County,Michigan,556.0785073359074,119110.4,214.19709344754375,430.7,"GLYPHOSATE<br>ATRAZINE<br>METOLACHLOR & METOLACHLOR-S<br>ACETOCHLOR<br>2,4-D",430.7,26065,"Ingham County, Michigan(6)"
26067,26,067,Ionia County,Michigan,571.3169397683398,156613,274.1263020548702,407.6,GLYPHOSATE<br>ATRAZINE<br>METOLACHLOR & METOLACHLOR-S<br>ACETOCHLOR<br>CAPTAN,407.6,26067,"Ionia County, Michigan(6)"
26069,26,069,Iosco County,Michigan,549.4743683397684,4354.2,7.924300478575869,445.7,GLYPHOSATE<br>MANCOZEB<br>SULFUR<br>METOLACHLOR & METOLACHLOR-S<br>METIRAM,445.7,26069,"Iosco County, Michigan(6)"
26071,26,071,Iron County,Michigan,1166.0908173745174,4439.4,3.8070791175557144,400,MANCOZEB<br>CHLOROTHALONIL<br>GLYPHOSATE<br>METOLACHLOR & METOLACHLOR-S<br>ETHALFLURALIN,400,26071,"Iron County, Michigan(6)"
26073,26,073,Isabella County,Michigan,572.6977714285714,56772.9,99.132392044031,433,GLYPHOSATE<br>ATRAZINE<br>ACETOCHLOR<br>METOLACHLOR & METOLACHLOR-S<br>CHLOROTHALONIL,433,26073,"Isabella County, Michigan(6)"
26075,26,075,Jackson County,Michigan,701.8994227799228,114235.2,162.7515229284038,468.4,"GLYPHOSATE<br>ATRAZINE<br>METOLACHLOR & METOLACHLOR-S<br>ACETOCHLOR<br>2,4-D",468.4,26075,"Jackson County, Michigan(6)"
26077,26,077,Kalamazoo County,Michigan,561.9561069498069,70916.6,126.19597709316145,414.3,"GLYPHOSATE<br>METOLACHLOR & METOLACHLOR-S<br>ATRAZINE<br>ACETOCHLOR<br>2,4-D",414.3,26077,"Kalamazoo County, Michigan(6)"
26079,26,079,Kalkaska County,Michigan,559.7409764478764,93665.4,167.33704327741353,495.5,METAM<br>MANCOZEB<br>CHLOROTHALONIL<br>GLYPHOSATE<br>METOLACHLOR & METOLACHLOR-S,495.5,26079,"Kalkaska County, Michigan(6)"
26081,26,081,Kent County,Michigan,848.927557915058,276823.9,326.08659881400445,409.3,CAPTAN<br>MANCOZEB<br>ZIRAM<br>GLYPHOSATE<br>SULFUR,409.3,26081,"Kent County, Michigan(6)"
26083,26,083,Keweenaw County,Michigan,540.1093590733591,187.6,0.3473370658154429,220.9,CAPTAN<br>MANCOZEB<br>PETROLEUM OIL<br>SULFUR<br>ZIRAM,220.9,26083,"Keweenaw County, Michigan(6)"
26085,26,085,Lake County,Michigan,567.5922030888031,7194.0999999999995,12.674768893670729,483.4,"GLYPHOSATE<br>METOLACHLOR & METOLACHLOR-S<br>2,4-D<br>CHLORPYRIFOS<br>ATRAZINE",483.4,26085,"Lake County, Michigan(6)"
26087,26,087,Lapeer County,Michigan,646.9798714285714,77389.8,119.6170134769704,448.5,GLYPHOSATE<br>ATRAZINE<br>METOLACHLOR & METOLACHLOR-S<br>GLUFOSINATE<br>ACETOCHLOR,448.5,26087,"Lapeer County, Michigan(6)"
26089,26,089,Leelanau County,Michigan,347.19848030888033,165808,477.5596939609045,446.3,CHLOROTHALONIL<br>SULFUR<br>CAPTAN<br>ZIRAM<br>GLYPHOSATE,446.3,26089,"Leelanau County, Michigan(6)"
26091,26,091,Lenawee County,Michigan,749.6345532818533,196925.1,262.69480127066475,386.9,GLYPHOSATE<br>ATRAZINE<br>METOLACHLOR & METOLACHLOR-S<br>GLUFOSINATE<br>ACETOCHLOR,386.9,26091,"Lenawee County, Michigan(6)"
26093,26,093,Livingston County,Michigan,565.281438996139,34824.799999999996,61.60612678499402,420.9,GLYPHOSATE<br>ATRAZINE<br>METOLACHLOR & METOLACHLOR-S<br>GLUFOSINATE<br>ACETOCHLOR,420.9,26093,"Livingston County, Michigan(6)"
26095,26,095,Luce County,Michigan,899.0708725868726,3212.4,3.5730219918670563,414.4,MANCOZEB<br>CHLOROTHALONIL<br>LINURON<br>CAPTAN<br>METOLACHLOR & METOLACHLOR-S,414.4,26095,"Luce County, Michigan(6)"
26097,26,097,Mackinac County,Michigan,1021.8744401544402,5166.7,5.056100629368061,390,"GLYPHOSATE<br>MANCOZEB<br>CHLOROTHALONIL<br>LINURON<br>2,4-D",390,26097,"Mackinac County, Michigan(6)"
26099,26,099,Macomb County,Michigan,479.3480803088803,48216.4,100.587447787275,490.6,GLYPHOSATE<br>METOLACHLOR & METOLACHLOR-S<br>ATRAZINE<br>GLUFOSINATE<br>CAPTAN,490.6,26099,"Macomb County, Michigan(6)"
26101,26,101,Manistee County,Michigan,542.322922007722,28690.1,52.90224483558061,444.9,CHLOROTHALONIL<br>GLYPHOSATE<br>CAPTAN<br>SULFUR<br>METIRAM,444.9,26101,"Manistee County, Michigan(6)"
26103,26,103,Marquette County,Michigan,1809.0592833976832,1273,0.7036806431291274,384.5,"GLYPHOSATE<br>CAPTAN<br>MANCOZEB<br>2,4-D<br>PETROLEUM OIL",384.5,26103,"Marquette County, Michigan(6)"
26105,26,105,Mason County,Michigan,494.96648764478766,129614.3,261.86479940641476,417.2,GLYPHOSATE<br>CHLOROTHALONIL<br>METOLACHLOR & METOLACHLOR-S<br>CAPTAN<br>PETROLEUM OIL,417.2,26105,"Mason County, Michigan(6)"
26107,26,107,Mecosta County,Michigan,555.151961003861,26346,47.45727629667289,438.9,GLYPHOSATE<br>ATRAZINE<br>ACETOCHLOR<br>CHLOROTHALONIL<br>METOLACHLOR & METOLACHLOR-S,438.9,26107,"Mecosta County, Michigan(6)"
26109,26,109,Menominee County,Michigan,1044.036157915058,31803,30.461588670942817,374.9,"GLYPHOSATE<br>2,4-D<br>MANCOZEB<br>CHLOROTHALONIL<br>MESOTRIONE",374.9,26109,"Menominee County, Michigan(6)"
26111,26,111,Midland County,Michigan,518.4318266409266,37387.5,72.11652155355641,460.1,GLYPHOSATE<br>MANCOZEB<br>ATRAZINE<br>ACETOCHLOR<br>METOLACHLOR & METOLACHLOR-S,460.1,26111,"Midland County, Michigan(6)"
26113,26,113,Missaukee County,Michigan,564.7851984555984,65532.6,116.03101529430742,423.5,"METAM<br>GLYPHOSATE<br>2,4-D<br>MANCOZEB<br>CHLOROTHALONIL",423.5,26113,"Missaukee County, Michigan(6)"
26115,26,115,Monroe County,Michigan,549.3595277992277,123486.6,224.78284939317584,359.6,GLYPHOSATE<br>ATRAZINE<br>METOLACHLOR & METOLACHLOR-S<br>GLUFOSINATE<br>ACETOCHLOR,359.6,26115,"Monroe County, Michigan(6)"
26117,26,117,Montcalm County,Michigan,705.3256644787645,141147.5,200.11677882770363,425.9,CHLOROTHALONIL<br>GLYPHOSATE<br>ATRAZINE<br>METOLACHLOR & METOLACHLOR-S<br>ACETOCHLOR,425.9,26117,"Montcalm County, Michigan(6)"
26119,26,119,Montmorency County,Michigan,546.6722123552123,2321.2999999999997,4.246237411627726,485.5,GLYPHOSATE<br>METIRAM<br>CHLOROTHALONIL<br>CAPTAN<br>CARBARYL,485.5,26119,"Montmorency County, Michigan(6)"
26121,26,121,Muskegon County,Michigan,503.9112548262548,90575.3,179.74454654962958,315.1,GLYPHOSATE<br>CAPTAN<br>METOLACHLOR & METOLACHLOR-S<br>MANCOZEB<br>PETROLEUM OIL,315.1,26121,"Muskegon County, Michigan(6)"
26123,26,123,Newaygo County,Michigan,838.8827633204634,93580.5,111.55372847284396,440.5,GLYPHOSATE<br>METOLACHLOR & METOLACHLOR-S<br>CHLOROTHALONIL<br>CAPTAN<br>MANCOZEB,440.5,26123,"Newaygo County, Michigan(6)"
26125,26,125,Oakland County,Michigan,867.3950714285714,12364.9,14.255211272569731,471.7,CAPTAN<br>GLYPHOSATE<br>ATRAZINE<br>PHOSMET<br>MANCOZEB,471.7,26125,"Oakland County, Michigan(6)"
26127,26,127,Oceana County,Michigan,538.1028532818533,391142.1,726.8909607418925,326,CHLOROTHALONIL<br>GLYPHOSATE<br>PETROLEUM OIL<br>CAPTAN<br>METAM,326,26127,"Oceana County, Michigan(6)"
26129,26,129,Ogemaw County,Michigan,563.503140926641,4922.3,8.735177574885611,486.6,GLYPHOSATE<br>CHLOROTHALONIL<br>METIRAM<br>METOLACHLOR & METOLACHLOR-S<br>EPTC,486.6,26129,"Ogemaw County, Michigan(6)"
26131,26,131,Ontonagon County,Michigan,1310.9715667953667,5669.8,4.32488403532631,340.3,"MANCOZEB<br>2,4-D<br>CHLOROTHALONIL<br>GLYPHOSATE<br>METOLACHLOR & METOLACHLOR-S",340.3,26131,"Ontonagon County, Michigan(6)"
26133,26,133,Osceola County,Michigan,566.2835552123552,8274.6,14.612114238240668,415.3,GLYPHOSATE<br>CHLOROTHALONIL<br>ATRAZINE<br>ACETOCHLOR<br>METOLACHLOR & METOLACHLOR-S,415.3,26133,"Osceola County, Michigan(6)"
26135,26,135,Oscoda County,Michigan,565.6710586872587,1815.4,3.209285630085021,452,MANCOZEB<br>GLYPHOSATE<br>METOLACHLOR & METOLACHLOR-S<br>LINURON<br>OXAMYL,452,26135,"Oscoda County, Michigan(6)"
26137,26,137,Otsego County,Michigan,515.0040196911197,6443.3,12.51116448346258,410.7,CHLOROTHALONIL<br>MANCOZEB<br>GLYPHOSATE<br>METOLACHLOR & METOLACHLOR-S<br>ETHALFLURALIN,410.7,26137,"Otsego County, Michigan(6)"
26139,26,139,Ottawa County,Michigan,563.5169362934363,149485.9,265.2731273406825,372.9,CAPTAN<br>MANCOZEB<br>GLYPHOSATE<br>ZIRAM<br>SULFUR,372.9,26139,"Ottawa County, Michigan(6)"
26141,26,141,Presque Isle County,Michigan,658.7147822393822,8055,12.228357731120036,425.2,MANCOZEB<br>GLYPHOSATE<br>METOLACHLOR & METOLACHLOR-S<br>SULFUR<br>LINURON,425.2,26141,"Presque Isle County, Michigan(6)"
26143,26,143,Roscommon County,Michigan,519.8943011583011,3427.9,6.5934556165797416,471,CHLOROTHALONIL<br>ETHALFLURALIN<br>METOLACHLOR & METOLACHLOR-S<br>MANCOZEB<br>COPPER HYDROXIDE,471,26143,"Roscommon County, Michigan(6)"
26145,26,145,Saginaw County,Michigan,800.803361003861,311118.2,388.5076101703574,470.6,GLYPHOSATE<br>METOLACHLOR & METOLACHLOR-S<br>METAM<br>MANCOZEB<br>ACETOCHLOR,470.6,26145,"Saginaw County, Michigan(6)"
26147,26,147,St. Clair County,Michigan,721.4980312741312,85248.9,118.15541596067074,467.9,"GLYPHOSATE<br>GLUFOSINATE<br>ATRAZINE<br>METOLACHLOR & METOLACHLOR-S<br>2,4-D",467.9,26147,"St. Clair County, Michigan(6)"
26149,26,149,St. Joseph County,Michigan,500.636854054054,541483.9,1081.5901698310363,399.5,METAM<br>GLYPHOSATE<br>MANCOZEB<br>METOLACHLOR & METOLACHLOR-S<br>ATRAZINE,399.5,26149,"St. Joseph County, Michigan(6)"
26151,26,151,Sanilac County,Michigan,962.5669911196912,380413.1,395.2068827515998,451.4,GLYPHOSATE<br>METOLACHLOR & METOLACHLOR-S<br>MANCOZEB<br>EPTC<br>ACETOCHLOR,451.4,26151,"Sanilac County, Michigan(6)"
26153,26,153,Schoolcraft County,Michigan,1171.8709162162163,2538.2,2.165938214590598,355.3,"2,4-D<br>GLYPHOSATE<br>PENDIMETHALIN<br>BROMOXYNIL<br>METOLACHLOR & METOLACHLOR-S",355.3,26153,"Schoolcraft County, Michigan(6)"
26155,26,155,Shiawassee County,Michigan,530.9644988416989,164404.8,309.63426059303345,431.3,"GLYPHOSATE<br>METOLACHLOR & METOLACHLOR-S<br>ATRAZINE<br>ACETOCHLOR<br>2,4-D",431.3,26155,"Shiawassee County, Michigan(6)"
26157,26,157,Tuscola County,Michigan,804.8366876447876,333828.7,414.77818435053047,430.5,GLYPHOSATE<br>METOLACHLOR & METOLACHLOR-S<br>MANCOZEB<br>METAM<br>EPTC,430.5,26157,"Tuscola County, Michigan(6)"
26159,26,159,Van Buren County,Michigan,607.7904432432432,139163.3,228.96592328337348,430.8,GLYPHOSATE<br>CAPTAN<br>MANCOZEB<br>SULFUR<br>METOLACHLOR & METOLACHLOR-S,430.8,26159,"Van Buren County, Michigan(6)"
26161,26,161,Washtenaw County,Michigan,705.9999702702703,78281.2,110.87989135471558,422.6,GLYPHOSATE<br>ATRAZINE<br>METOLACHLOR & METOLACHLOR-S<br>GLUFOSINATE<br>ACETOCHLOR,422.6,26161,"Washtenaw County, Michigan(6)"
26163,26,163,Wayne County,Michigan,611.8369698841699,5910.6,9.660416566718691,478.5,GLYPHOSATE<br>METOLACHLOR & METOLACHLOR-S<br>GLUFOSINATE<br>CHLOROTHALONIL<br>CAPTAN,478.5,26163,"Wayne County, Michigan(6)"
26165,26,165,Wexford County,Michigan,564.9214895752896,45111.1,79.85375106532895,448.4,"METAM<br>GLYPHOSATE<br>CHLOROTHALONIL<br>MANCOZEB<br>2,4-D",448.4,26165,"Wexford County, Michigan(6)"
27001,27,001,Aitkin County,Minnesota,1821.3086474903475,9300.3,5.106383266128587,489.5,GLYPHOSATE<br>METOLACHLOR & METOLACHLOR-S<br>MCPA<br>CHLORPYRIFOS<br>ACETOCHLOR,489.5,27001,"Aitkin County, Minnesota(6)"
27003,27,003,Anoka County,Minnesota,421.971505019305,12301.2,29.151731464514945,494.4,GLYPHOSATE<br>METOLACHLOR & METOLACHLOR-S<br>ATRAZINE<br>ACETOCHLOR<br>CHLORPYRIFOS,494.4,27003,"Anoka County, Minnesota(6)"
27005,27,005,Becker County,Minnesota,1315.030716988417,114508.4,87.07659716286962,523.4,GLYPHOSATE<br>GLUFOSINATE<br>ATRAZINE<br>ACETOCHLOR<br>MANCOZEB,523.4,27005,"Becker County, Minnesota(6)"
27007,27,007,Beltrami County,Minnesota,2504.631236679537,4316.0999999999995,1.7232476928308136,512.8,"GLYPHOSATE<br>BROMOXYNIL<br>MCPA<br>2,4-D<br>PROPICONAZOLE",512.8,27007,"Beltrami County, Minnesota(6)"
27009,27,009,Benton County,Minnesota,408.3011208494208,192605.3,471.72366218174494,444.3,METAM<br>CHLOROPICRIN<br>GLYPHOSATE<br>ACETOCHLOR<br>METOLACHLOR & METOLACHLOR-S,444.3,27009,"Benton County, Minnesota(6)"
27011,27,011,Big Stone County,Minnesota,499.12681467181466,196693.5,394.07520136807256,511.6,GLYPHOSATE<br>ACETOCHLOR<br>METOLACHLOR & METOLACHLOR-S<br>GLUFOSINATE<br>DIMETHENAMID & DIMETHENAMID-P,511.6,27011,"Big Stone County, Minnesota(6)"
27013,27,013,Blue Earth County,Minnesota,747.8327416988417,304729.7,407.4837634251606,457.4,GLYPHOSATE<br>ACETOCHLOR<br>METOLACHLOR & METOLACHLOR-S<br>ATRAZINE<br>GLUFOSINATE,457.4,27013,"Blue Earth County, Minnesota(6)"
27015,27,015,Brown County,Minnesota,611.1065420849421,246658.4,403.62585410796527,509.9,GLYPHOSATE<br>ACETOCHLOR<br>METOLACHLOR & METOLACHLOR-S<br>ATRAZINE<br>DIMETHENAMID & DIMETHENAMID-P,509.9,27015,"Brown County, Minnesota(6)"
27017,27,017,Carlton County,Minnesota,861.1868555984556,2039.8,2.3685916555037325,485.4,"CHLORPYRIFOS<br>GLYPHOSATE<br>METOLACHLOR & METOLACHLOR-S<br>ATRAZINE<br>2,4-D",485.4,27017,"Carlton County, Minnesota(6)"
27019,27,019,Carver County,Minnesota,353.87708532818533,80166.8,226.5385449460605,445.9,GLYPHOSATE<br>ACETOCHLOR<br>METOLACHLOR & METOLACHLOR-S<br>GLUFOSINATE<br>DIMETHENAMID & DIMETHENAMID-P,445.9,27019,"Carver County, Minnesota(6)"
27021,27,021,Cass County,Minnesota,2021.4523988416988,1030.3,0.5096830380920008,481,"GLYPHOSATE<br>CAPTAN<br>MANCOZEB<br>PETROLEUM OIL<br>2,4-D",481,27021,"Cass County, Minnesota(6)"
27023,27,023,Chippewa County,Minnesota,581.2225741312741,320577.7,551.5575517333482,528.2,GLYPHOSATE<br>ACETOCHLOR<br>METOLACHLOR & METOLACHLOR-S<br>DIMETHENAMID & DIMETHENAMID-P<br>ATRAZINE,528.2,27023,"Chippewa County, Minnesota(6)"
27025,27,025,Chisago County,Minnesota,414.89905984555986,51576.3,124.31047691262192,502,GLYPHOSATE<br>METOLACHLOR & METOLACHLOR-S<br>ACETOCHLOR<br>ATRAZINE<br>CHLORPYRIFOS,502,27025,"Chisago County, Minnesota(6)"
27027,27,027,Clay County,Minnesota,1045.1710795366796,345351.2,330.42552244470147,540.1,GLYPHOSATE<br>MANCOZEB<br>METOLACHLOR & METOLACHLOR-S<br>METAM<br>GLUFOSINATE,540.1,27027,"Clay County, Minnesota(6)"
27029,27,029,Clearwater County,Minnesota,998.9987413127412,30138.6,30.168806779872583,493.5,GLYPHOSATE<br>METAM<br>BROMOXYNIL<br>GLUFOSINATE<br>DICAMBA,493.5,27029,"Clearwater County, Minnesota(6)"
27031,27,031,Cook County,Minnesota,1452.569063320463,165.20000000000002,0.11372953215894968,408.6,METAM<br>GLYPHOSATE<br>CAPTAN<br>MANCOZEB<br>PETROLEUM OIL,408.6,27031,"Cook County, Minnesota(6)"
27033,27,033,Cottonwood County,Minnesota,639.970015057915,316373.7,494.3570676063149,489.9,GLYPHOSATE<br>ACETOCHLOR<br>METOLACHLOR & METOLACHLOR-S<br>ATRAZINE<br>GLUFOSINATE,489.9,27033,"Cottonwood County, Minnesota(6)"
27035,27,035,Crow Wing County,Minnesota,998.405616988417,14618.5,14.641844708461408,507.8,GLYPHOSATE<br>METOLACHLOR & METOLACHLOR-S<br>CHLORPYRIFOS<br>ACETOCHLOR<br>ATRAZINE,507.8,27035,"Crow Wing County, Minnesota(6)"
27037,27,037,Dakota County,Minnesota,562.5547019305019,215614.1,383.2766827120699,489.5,GLYPHOSATE<br>METAM<br>ACETOCHLOR<br>METOLACHLOR & METOLACHLOR-S<br>CHLOROPICRIN,489.5,27037,"Dakota County, Minnesota(6)"
27039,27,039,Dodge County,Minnesota,439.39432664092664,248124.2,564.6959574941606,478.7,GLYPHOSATE<br>ACETOCHLOR<br>METOLACHLOR & METOLACHLOR-S<br>METAM<br>ATRAZINE,478.7,27039,"Dodge County, Minnesota(6)"
27041,27,041,Douglas County,Minnesota,636.874983011583,140194.1,220.12813148518703,487.4,GLYPHOSATE<br>ACETOCHLOR<br>METOLACHLOR & METOLACHLOR-S<br>GLUFOSINATE<br>DIMETHENAMID & DIMETHENAMID-P,487.4,27041,"Douglas County, Minnesota(6)"
27043,27,043,Faribault County,Minnesota,712.4761285714286,337644.6,473.903035428014,492.4,GLYPHOSATE<br>ACETOCHLOR<br>METOLACHLOR & METOLACHLOR-S<br>ATRAZINE<br>GLUFOSINATE,492.4,27043,"Faribault County, Minnesota(6)"
27045,27,045,Fillmore County,Minnesota,861.3294131274131,293128.1,340.3205504566215,490.2,GLYPHOSATE<br>ACETOCHLOR<br>METOLACHLOR & METOLACHLOR-S<br>ATRAZINE<br>DIMETHENAMID & DIMETHENAMID-P,490.2,27045,"Fillmore County, Minnesota(6)"
27047,27,047,Freeborn County,Minnesota,707.2418729729729,306551,433.445772535183,448.5,GLYPHOSATE<br>ACETOCHLOR<br>METOLACHLOR & METOLACHLOR-S<br>ATRAZINE<br>DIMETHENAMID & DIMETHENAMID-P,448.5,27047,"Freeborn County, Minnesota(6)"
27049,27,049,Goodhue County,Minnesota,756.7094675675676,293486.7,387.8459469304766,484,GLYPHOSATE<br>ACETOCHLOR<br>METOLACHLOR & METOLACHLOR-S<br>ATRAZINE<br>METAM,484,27049,"Goodhue County, Minnesota(6)"
27051,27,051,Grant County,Minnesota,547.7974436293437,253453.3,462.6770404782944,530.6,GLYPHOSATE<br>ACETOCHLOR<br>METOLACHLOR & METOLACHLOR-S<br>DIMETHENAMID & DIMETHENAMID-P<br>GLUFOSINATE,530.6,27051,"Grant County, Minnesota(6)"
27053,27,053,Hennepin County,Minnesota,554.0161440154441,26381.9,47.619370455140675,458.7,GLYPHOSATE<br>METOLACHLOR & METOLACHLOR-S<br>ACETOCHLOR<br>ATRAZINE<br>CHLORPYRIFOS,458.7,27053,"Hennepin County, Minnesota(6)"
27055,27,055,Houston County,Minnesota,552.112781081081,81304.1,147.25994902853012,452.2,GLYPHOSATE<br>ACETOCHLOR<br>METOLACHLOR & METOLACHLOR-S<br>ATRAZINE<br>DIMETHENAMID & DIMETHENAMID-P,452.2,27055,"Houston County, Minnesota(6)"
27057,27,057,Hubbard County,Minnesota,926.0163810810812,2425.7,2.6195000969292868,531.1,BENTAZONE<br>GLYPHOSATE<br>PROTHIOCONAZOLE<br>CAPTAN<br>MANCOZEB,531.1,27057,"Hubbard County, Minnesota(6)"
27059,27,059,Isanti County,Minnesota,435.779116988417,58207.5,133.5711091487368,514.4,GLYPHOSATE<br>METOLACHLOR & METOLACHLOR-S<br>ACETOCHLOR<br>ATRAZINE<br>CHLORPYRIFOS,514.4,27059,"Isanti County, Minnesota(6)"
27061,27,061,Itasca County,Minnesota,2667.503973745174,3884.9,1.4563802109526394,493.1,"BROMOXYNIL<br>MCPA<br>GLYPHOSATE<br>PROPICONAZOLE<br>2,4-D",493.1,27061,"Itasca County, Minnesota(6)"
27063,27,063,Jackson County,Minnesota,702.9690675675675,343755.5,489.00515806402694,445.7,GLYPHOSATE<br>ACETOCHLOR<br>METOLACHLOR & METOLACHLOR-S<br>ATRAZINE<br>GLUFOSINATE,445.7,27063,"Jackson County, Minnesota(6)"
27065,27,065,Kanabec County,Minnesota,521.6072841698842,34905.3,66.9187357219336,469.6,GLYPHOSATE<br>METOLACHLOR & METOLACHLOR-S<br>ACETOCHLOR<br>ATRAZINE<br>CHLORPYRIFOS,469.6,27065,"Kanabec County, Minnesota(6)"
27067,27,067,Kandiyohi County,Minnesota,797.3642783783783,301833.7,378.5392802068429,483.1,GLYPHOSATE<br>ACETOCHLOR<br>METOLACHLOR & METOLACHLOR-S<br>GLUFOSINATE<br>DIMETHENAMID & DIMETHENAMID-P,483.1,27067,"Kandiyohi County, Minnesota(6)"
27069,27,069,Kittson County,Minnesota,1098.9944212355213,216785.9,197.25841715946385,491.6,GLYPHOSATE<br>MANCOZEB<br>METAM<br>BROMOXYNIL<br>METOLACHLOR & METOLACHLOR-S,491.6,27069,"Kittson County, Minnesota(6)"
27071,27,071,Koochiching County,Minnesota,3104.6911907335907,1692.1,0.545013946974927,429.5,"GLYPHOSATE<br>CAPTAN<br>MANCOZEB<br>2,4-D<br>BROMOXYNIL",429.5,27071,"Koochiching County, Minnesota(6)"
27073,27,073,Lac qui Parle County,Minnesota,765.0172667953668,318760.4,416.6708567706939,440.7,GLYPHOSATE<br>ACETOCHLOR<br>METOLACHLOR & METOLACHLOR-S<br>GLUFOSINATE<br>DIMETHENAMID & DIMETHENAMID-P,440.7,27073,"Lac qui Parle County, Minnesota(6)"
27075,27,075,Lake County,Minnesota,2109.097873359073,189.5,0.0898488412480314,505.1,GLYPHOSATE<br>CAPTAN<br>MANCOZEB<br>CHLORPYRIFOS<br>METAM,505.1,27075,"Lake County, Minnesota(6)"
27077,27,077,Lake of the Woods County,Minnesota,1297.6471196911198,7175.0999999999995,5.529315243814432,477.7,"GLYPHOSATE<br>BROMOXYNIL<br>MCPA<br>2,4-D<br>PROPICONAZOLE",477.7,27077,"Lake of the Woods County, Minnesota(6)"
27079,27,079,Le Sueur County,Minnesota,448.77351312741314,148034.7,329.86505591289404,487.5,"GLYPHOSATE<br>ACETOCHLOR<br>METOLACHLOR & METOLACHLOR-S<br>ATRAZINE<br>2,4-D",487.5,27079,"Le Sueur County, Minnesota(6)"
27081,27,081,Lincoln County,Minnesota,536.7837413127413,210782.2,392.67620044623135,582.3,GLYPHOSATE<br>ACETOCHLOR<br>METOLACHLOR & METOLACHLOR-S<br>ATRAZINE<br>GLUFOSINATE,582.3,27081,"Lincoln County, Minnesota(6)"
27083,27,083,Lyon County,Minnesota,714.4073787644787,307402.3,430.28992860016695,478.9,GLYPHOSATE<br>ACETOCHLOR<br>METOLACHLOR & METOLACHLOR-S<br>ATRAZINE<br>GLUFOSINATE,478.9,27083,"Lyon County, Minnesota(6)"
27085,27,085,McLeod County,Minnesota,491.50759305019307,183154,372.63717303609633,452.8,GLYPHOSATE<br>ACETOCHLOR<br>METOLACHLOR & METOLACHLOR-S<br>GLUFOSINATE<br>DIMETHENAMID & DIMETHENAMID-P,452.8,27085,"McLeod County, Minnesota(6)"
27087,27,087,Mahnomen County,Minnesota,557.8641247104247,81205.3,145.56465706080658,568,GLYPHOSATE<br>GLUFOSINATE<br>DICAMBA<br>BROMOXYNIL<br>METAM,568,27087,"Mahnomen County, Minnesota(6)"
27089,27,089,Marshall County,Minnesota,1775.0518166023166,368181.3,207.420029407788,515.5,GLYPHOSATE<br>MANCOZEB<br>BROMOXYNIL<br>GLUFOSINATE<br>METOLACHLOR & METOLACHLOR-S,515.5,27089,"Marshall County, Minnesota(6)"
27091,27,091,Martin County,Minnesota,712.3274563706564,322643.2,452.94224884140095,483.8,GLYPHOSATE<br>ACETOCHLOR<br>METOLACHLOR & METOLACHLOR-S<br>ATRAZINE<br>DIMETHENAMID & DIMETHENAMID-P,483.8,27091,"Martin County, Minnesota(6)"
27093,27,093,Meeker County,Minnesota,607.9648783783783,196155,322.64199294407143,468.1,GLYPHOSATE<br>ACETOCHLOR<br>METOLACHLOR & METOLACHLOR-S<br>GLUFOSINATE<br>DIMETHENAMID & DIMETHENAMID-P,468.1,27093,"Meeker County, Minnesota(6)"
27095,27,095,Mille Lacs County,Minnesota,572.3033177606178,56373.7,98.5031857242874,508.9,GLYPHOSATE<br>METOLACHLOR & METOLACHLOR-S<br>ACETOCHLOR<br>ATRAZINE<br>CHLORPYRIFOS,508.9,27095,"Mille Lacs County, Minnesota(6)"
27097,27,097,Morrison County,Minnesota,1125.089186100386,168380.1,149.6593355266471,479.3,GLYPHOSATE<br>METAM<br>CHLOROPICRIN<br>ACETOCHLOR<br>METOLACHLOR & METOLACHLOR-S,479.3,27097,"Morrison County, Minnesota(6)"
27099,27,099,Mower County,Minnesota,711.2696027027027,386142.6,542.8920321249835,457.5,GLYPHOSATE<br>ACETOCHLOR<br>METOLACHLOR & METOLACHLOR-S<br>ATRAZINE<br>DIMETHENAMID & DIMETHENAMID-P,457.5,27099,"Mower County, Minnesota(6)"
27101,27,101,Murray County,Minnesota,704.6640706563707,330960.8,469.67173974362174,456.1,GLYPHOSATE<br>ACETOCHLOR<br>METOLACHLOR & METOLACHLOR-S<br>ATRAZINE<br>GLUFOSINATE,456.1,27101,"Murray County, Minnesota(6)"
27103,27,103,Nicollet County,Minnesota,448.5014671814672,175997.9,392.41320904930257,466.1,GLYPHOSATE<br>ACETOCHLOR<br>METOLACHLOR & METOLACHLOR-S<br>ATRAZINE<br>DIMETHENAMID & DIMETHENAMID-P,466.1,27103,"Nicollet County, Minnesota(6)"
27105,27,105,Nobles County,Minnesota,715.1134308880308,369585.3,516.8205266974883,473.8,GLYPHOSATE<br>ACETOCHLOR<br>METOLACHLOR & METOLACHLOR-S<br>ATRAZINE<br>GLUFOSINATE,473.8,27105,"Nobles County, Minnesota(6)"
27107,27,107,Norman County,Minnesota,872.7848602316602,333442.1,382.043863491738,546.5,GLYPHOSATE<br>MANCOZEB<br>METOLACHLOR & METOLACHLOR-S<br>GLUFOSINATE<br>BROMOXYNIL,546.5,27107,"Norman County, Minnesota(6)"
27109,27,109,Olmsted County,Minnesota,653.5060633204633,198689.7,304.03650578306485,516,GLYPHOSATE<br>ACETOCHLOR<br>METOLACHLOR & METOLACHLOR-S<br>ATRAZINE<br>DIMETHENAMID & DIMETHENAMID-P,516,27109,"Olmsted County, Minnesota(6)"
27111,27,111,Otter Tail County,Minnesota,1971.6257386100383,360670.3,182.9304076007175,498.2,GLYPHOSATE<br>ACETOCHLOR<br>METOLACHLOR & METOLACHLOR-S<br>DIMETHENAMID & DIMETHENAMID-P<br>GLUFOSINATE,498.2,27111,"Otter Tail County, Minnesota(6)"
27113,27,113,Pennington County,Minnesota,616.5170277992278,112832.6,183.01619405838144,503.9,GLYPHOSATE<br>BROMOXYNIL<br>GLUFOSINATE<br>DICAMBA<br>MCPA,503.9,27113,"Pennington County, Minnesota(6)"
27115,27,115,Pine County,Minnesota,1411.329986872587,32155.8,22.784040797754965,502,GLYPHOSATE<br>METOLACHLOR & METOLACHLOR-S<br>CHLORPYRIFOS<br>ACETOCHLOR<br>ATRAZINE,502,27115,"Pine County, Minnesota(6)"
27117,27,117,Pipestone County,Minnesota,465.0507328185328,192101.9,413.077297686917,517.1,GLYPHOSATE<br>ACETOCHLOR<br>METOLACHLOR & METOLACHLOR-S<br>ATRAZINE<br>METAM,517.1,27117,"Pipestone County, Minnesota(6)"
27119,27,119,Polk County,Minnesota,1970.990277992278,636088.3,322.72523467134636,501.6,GLYPHOSATE<br>MANCOZEB<br>METOLACHLOR & METOLACHLOR-S<br>METAM<br>BROMOXYNIL,501.6,27119,"Polk County, Minnesota(6)"
27121,27,121,Pope County,Minnesota,674.556105019305,237146.7,351.55963786468607,470.7,GLYPHOSATE<br>ACETOCHLOR<br>METAM<br>METOLACHLOR & METOLACHLOR-S<br>DIMETHENAMID & DIMETHENAMID-P,470.7,27121,"Pope County, Minnesota(6)"
27123,27,123,Ramsey County,Minnesota,152.25645637065637,4765.6,31.299822113280516,473.3,GLYPHOSATE<br>METOLACHLOR & METOLACHLOR-S<br>MCPA<br>ACETOCHLOR<br>CAPTAN,473.3,27123,"Ramsey County, Minnesota(6)"
27125,27,125,Red Lake County,Minnesota,432.40542123552126,89956.5,208.03740097190587,552.4,GLYPHOSATE<br>BROMOXYNIL<br>METAM<br>GLUFOSINATE<br>DICAMBA,552.4,27125,"Red Lake County, Minnesota(6)"
27127,27,127,Redwood County,Minnesota,878.5688054054054,450868.4,513.1850769410735,499.4,GLYPHOSATE<br>ACETOCHLOR<br>METOLACHLOR & METOLACHLOR-S<br>ATRAZINE<br>GLUFOSINATE,499.4,27127,"Redwood County, Minnesota(6)"
27129,27,129,Renville County,Minnesota,982.8917667953668,499806.1,508.50573469505633,517.7,GLYPHOSATE<br>ACETOCHLOR<br>METOLACHLOR & METOLACHLOR-S<br>DIMETHENAMID & DIMETHENAMID-P<br>MANCOZEB,517.7,27129,"Renville County, Minnesota(6)"
27131,27,131,Rice County,Minnesota,495.843122007722,148240.5,298.9665348180253,475.3,"GLYPHOSATE<br>ACETOCHLOR<br>METOLACHLOR & METOLACHLOR-S<br>2,4-D<br>ATRAZINE",475.3,27131,"Rice County, Minnesota(6)"
27133,27,133,Rock County,Minnesota,482.45647644787647,216999.7,449.78088302944394,470.6,GLYPHOSATE<br>ACETOCHLOR<br>METOLACHLOR & METOLACHLOR-S<br>ATRAZINE<br>GLUFOSINATE,470.6,27133,"Rock County, Minnesota(6)"
27135,27,135,Roseau County,Minnesota,1671.7308598455595,153181.6,91.63053914919742,444.4,GLYPHOSATE<br>GLUFOSINATE<br>BROMOXYNIL<br>DICAMBA<br>MCPA,444.4,27135,"Roseau County, Minnesota(6)"
27137,27,137,St. Louis County,Minnesota,6248.092088030888,8390.8,1.3429379531831445,494.1,CHLORPYRIFOS<br>GLYPHOSATE<br>MCPA<br>BROMOXYNIL<br>METOLACHLOR & METOLACHLOR-S,494.1,27137,"St. Louis County, Minnesota(6)"
27139,27,139,Scott County,Minnesota,356.1083420849421,88316.3,248.00401889752425,470.2,GLYPHOSATE<br>ACETOCHLOR<br>METAM<br>CHLOROPICRIN<br>METOLACHLOR & METOLACHLOR-S,470.2,27139,"Scott County, Minnesota(6)"
27141,27,141,Sherburne County,Minnesota,432.94586486486486,415453.7,959.597339334042,485.1,METAM<br>CHLOROPICRIN<br>MANCOZEB<br>CHLOROTHALONIL<br>METOLACHLOR & METOLACHLOR-S,485.1,27141,"Sherburne County, Minnesota(6)"
27143,27,143,Sibley County,Minnesota,588.8062127413127,232991.3,395.7011576274975,508,GLYPHOSATE<br>ACETOCHLOR<br>METOLACHLOR & METOLACHLOR-S<br>GLUFOSINATE<br>DIMETHENAMID & DIMETHENAMID-P,508,27143,"Sibley County, Minnesota(6)"
27145,27,145,Stearns County,Minnesota,1342.875425868726,317491.2,236.42639807382747,470.2,GLYPHOSATE<br>ACETOCHLOR<br>METOLACHLOR & METOLACHLOR-S<br>GLUFOSINATE<br>DIMETHENAMID & DIMETHENAMID-P,470.2,27145,"Stearns County, Minnesota(6)"
27147,27,147,Steele County,Minnesota,429.5464166023166,174751.8,406.8286761237005,459.9,"GLYPHOSATE<br>ACETOCHLOR<br>METOLACHLOR & METOLACHLOR-S<br>ATRAZINE<br>2,4-D",459.9,27147,"Steele County, Minnesota(6)"
27149,27,149,Stevens County,Minnesota,563.6591123552123,249078.3,441.8952777313273,439.8,GLYPHOSATE<br>ACETOCHLOR<br>METOLACHLOR & METOLACHLOR-S<br>DIMETHENAMID & DIMETHENAMID-P<br>ATRAZINE,439.8,27149,"Stevens County, Minnesota(6)"
27151,27,151,Swift County,Minnesota,742.0127795366795,315817.8,425.6231276733534,421.1,GLYPHOSATE<br>ACETOCHLOR<br>METOLACHLOR & METOLACHLOR-S<br>DIMETHENAMID & DIMETHENAMID-P<br>ATRAZINE,421.1,27151,"Swift County, Minnesota(6)"
27153,27,153,Todd County,Minnesota,945.0933594594594,154340.19999999998,163.3068293785007,435.8,GLYPHOSATE<br>METAM<br>ACETOCHLOR<br>CHLOROPICRIN<br>METOLACHLOR & METOLACHLOR-S,435.8,27153,"Todd County, Minnesota(6)"
27155,27,155,Traverse County,Minnesota,573.8691015444016,275822,480.63573950523806,693.5,GLYPHOSATE<br>ACETOCHLOR<br>METOLACHLOR & METOLACHLOR-S<br>GLUFOSINATE<br>DIMETHENAMID & DIMETHENAMID-P,693.5,27155,"Traverse County, Minnesota(6)"
27157,27,157,Wabasha County,Minnesota,522.9302247104247,133412.3,255.1244768341278,484.6,GLYPHOSATE<br>ACETOCHLOR<br>METOLACHLOR & METOLACHLOR-S<br>ATRAZINE<br>DIMETHENAMID & DIMETHENAMID-P,484.6,27157,"Wabasha County, Minnesota(6)"
27159,27,159,Wadena County,Minnesota,536.3447015444016,58903.1,109.82321598477408,502.9,GLYPHOSATE<br>METAM<br>CHLOROPICRIN<br>ACETOCHLOR<br>METOLACHLOR & METOLACHLOR-S,502.9,27159,"Wadena County, Minnesota(6)"
27161,27,161,Waseca County,Minnesota,423.35891505791506,184654.8,436.166083746552,459.5,GLYPHOSATE<br>ACETOCHLOR<br>METOLACHLOR & METOLACHLOR-S<br>ATRAZINE<br>DIMETHENAMID & DIMETHENAMID-P,459.5,27161,"Waseca County, Minnesota(6)"
27163,27,163,Washington County,Minnesota,384.7515725868726,39778.9,103.38853128668724,504,GLYPHOSATE<br>METOLACHLOR & METOLACHLOR-S<br>ATRAZINE<br>ACETOCHLOR<br>CAPTAN,504,27163,"Washington County, Minnesota(6)"
27165,27,165,Watonwan County,Minnesota,434.94543745173746,200308.1,460.5361563822052,501.5,GLYPHOSATE<br>ACETOCHLOR<br>METOLACHLOR & METOLACHLOR-S<br>ATRAZINE<br>DIMETHENAMID & DIMETHENAMID-P,501.5,27165,"Watonwan County, Minnesota(6)"
27167,27,167,Wilkin County,Minnesota,751.0346934362934,265245.10000000003,353.1728990925763,544.2,GLYPHOSATE<br>METOLACHLOR & METOLACHLOR-S<br>GLUFOSINATE<br>CHLORPYRIFOS<br>MANCOZEB,544.2,27167,"Wilkin County, Minnesota(6)"
27169,27,169,Winona County,Minnesota,626.1881463320464,129425.1,206.68724050130817,474.4,GLYPHOSATE<br>ACETOCHLOR<br>METOLACHLOR & METOLACHLOR-S<br>ATRAZINE<br>DIMETHENAMID & DIMETHENAMID-P,474.4,27169,"Winona County, Minnesota(6)"
27171,27,171,Wright County,Minnesota,661.1411216216217,145670.2,220.3314772536092,477.3,GLYPHOSATE<br>ACETOCHLOR<br>METOLACHLOR & METOLACHLOR-S<br>GLUFOSINATE<br>CHLORPYRIFOS,477.3,27171,"Wright County, Minnesota(6)"
27173,27,173,Yellow Medicine County,Minnesota,759.0976687258687,352986.4,465.00788309952407,502.1,GLYPHOSATE<br>ACETOCHLOR<br>METOLACHLOR & METOLACHLOR-S<br>DIMETHENAMID & DIMETHENAMID-P<br>ATRAZINE,502.1,27173,"Yellow Medicine County, Minnesota(6)"
28001,28,001,Adams County,Mississippi,462.3414162162162,22181.2,47.975801479197045,429.7,"GLYPHOSATE<br>METOLACHLOR & METOLACHLOR-S<br>ATRAZINE<br>2,4-D<br>ETHEPHON",429.7,28001,"Adams County, Mississippi(6)"
28003,28,003,Alcorn County,Mississippi,400.04262895752896,19193.6,47.97888677518343,448.5,"GLYPHOSATE<br>2,4-D<br>ATRAZINE<br>ACETOCHLOR<br>DICAMBA",448.5,28003,"Alcorn County, Mississippi(6)"
28005,28,005,Amite County,Mississippi,730.0968602316602,1673.8,2.29257252177321,438.2,"GLYPHOSATE<br>METOLACHLOR & METOLACHLOR-S<br>ATRAZINE<br>2,4-D<br>PENDIMETHALIN",438.2,28005,"Amite County, Mississippi(6)"
28007,28,007,Attala County,Mississippi,734.9533957528957,15993.7,21.76151588988285,472.6,"GLYPHOSATE<br>2,4-D<br>METOLACHLOR & METOLACHLOR-S<br>PICLORAM<br>FOMESAFEN",472.6,28007,"Attala County, Mississippi(6)"
28009,28,009,Benton County,Mississippi,406.61444942084944,38255.6,94.08322811569622,442.6,"GLYPHOSATE<br>METOLACHLOR & METOLACHLOR-S<br>2,4-D<br>ACETOCHLOR<br>GLUFOSINATE",442.6,28009,"Benton County, Mississippi(6)"
28011,28,011,Bolivar County,Mississippi,876.5025799227799,692308.8,789.8536933696107,451.2,"GLYPHOSATE<br>PARAQUAT<br>2,4-D<br>METOLACHLOR & METOLACHLOR-S<br>DICAMBA",451.2,28011,"Bolivar County, Mississippi(6)"
28013,28,013,Calhoun County,Mississippi,586.5707691119691,85520.8,145.79792329146076,501.3,"GLYPHOSATE<br>METOLACHLOR & METOLACHLOR-S<br>2,4-D<br>ETHEPHON<br>ACETOCHLOR",501.3,28013,"Calhoun County, Mississippi(6)"
28015,28,015,Carroll County,Mississippi,628.3849922779923,73760.3,117.38074732276397,452.7,"GLYPHOSATE<br>METOLACHLOR & METOLACHLOR-S<br>2,4-D<br>ACEPHATE<br>ETHEPHON",452.7,28015,"Carroll County, Mississippi(6)"
28017,28,017,Chickasaw County,Mississippi,501.7793081081081,75237.90000000001,149.9422132085806,518.8,"GLYPHOSATE<br>2,4-D<br>METOLACHLOR & METOLACHLOR-S<br>DICAMBA<br>ACEPHATE",518.8,28017,"Chickasaw County, Mississippi(6)"
28019,28,019,Choctaw County,Mississippi,418.1951104247104,8127.3,19.434230093570633,426.6,"GLYPHOSATE<br>2,4-D<br>METOLACHLOR & METOLACHLOR-S<br>PICLORAM<br>ACEPHATE",426.6,28019,"Choctaw County, Mississippi(6)"
28021,28,021,Claiborne County,Mississippi,487.41313706563704,16425.8,33.699953388388124,432.7,"GLYPHOSATE<br>ATRAZINE<br>ETHEPHON<br>METOLACHLOR & METOLACHLOR-S<br>2,4-D",432.7,28021,"Claiborne County, Mississippi(6)"
28023,28,023,Clarke County,Mississippi,691.5726,4548.8,6.577472849560553,446,"2,4-D<br>SULFUR<br>TRICLOPYR<br>DICAMBA<br>PICLORAM",446,28023,"Clarke County, Mississippi(6)"
28025,28,025,Clay County,Mississippi,410.07649034749033,16226.7,39.56993483398629,472.4,"GLYPHOSATE<br>2,4-D<br>ACEPHATE<br>METOLACHLOR & METOLACHLOR-S<br>ETHEPHON",472.4,28025,"Clay County, Mississippi(6)"
28027,28,027,Coahoma County,Mississippi,553.0990308880309,461046,833.56862741156,543.8,"GLYPHOSATE<br>PARAQUAT<br>ETHEPHON<br>2,4-D<br>FLUOMETURON",543.8,28027,"Coahoma County, Mississippi(6)"
28029,28,029,Copiah County,Mississippi,777.2813791505791,3596.9,4.627539133808568,458.9,GLYPHOSATE<br>ATRAZINE<br>ETHEPHON<br>FLUOMETURON<br>METOLACHLOR & METOLACHLOR-S,458.9,28029,"Copiah County, Mississippi(6)"
28031,28,031,Covington County,Mississippi,413.8165833976834,7503,18.13122117628987,539.7,"GLYPHOSATE<br>2,4-D<br>METOLACHLOR & METOLACHLOR-S<br>CHLOROTHALONIL<br>ETHEPHON",539.7,28031,"Covington County, Mississippi(6)"
28033,28,033,DeSoto County,Mississippi,476.39220463320464,103846.1,217.98446529987973,446.6,"GLYPHOSATE<br>METOLACHLOR & METOLACHLOR-S<br>2,4-D<br>ACETOCHLOR<br>PARAQUAT",446.6,28033,"DeSoto County, Mississippi(6)"
28035,28,035,Forrest County,Mississippi,466.0397243243243,11495.7,24.666781392223047,497.7,"DICHLOROPROPENE<br>2,4-D<br>GLYPHOSATE<br>CHLOROTHALONIL<br>METOLACHLOR & METOLACHLOR-S",497.7,28035,"Forrest County, Mississippi(6)"
28037,28,037,Franklin County,Mississippi,563.9609351351352,3207.8,5.6879826245967795,421.6,"GLYPHOSATE<br>ATRAZINE<br>METOLACHLOR & METOLACHLOR-S<br>2,4-D<br>PARAQUAT",421.6,28037,"Franklin County, Mississippi(6)"
28039,28,039,George County,Mississippi,478.6966111969112,49895.1,104.23115358022812,412,"DICHLOROPROPENE<br>CHLOROTHALONIL<br>GLYPHOSATE<br>2,4-D<br>METOLACHLOR & METOLACHLOR-S",412,28039,"George County, Mississippi(6)"
28041,28,041,Greene County,Mississippi,712.7350969111969,6096.1,8.553107636229598,392.7,"2,4-D<br>TRICLOPYR<br>CHLOROTHALONIL<br>GLYPHOSATE<br>DICAMBA",392.7,28041,"Greene County, Mississippi(6)"
28043,28,043,Grenada County,Mississippi,422.12011737451735,6714.5,15.906609809934023,516.9,"GLYPHOSATE<br>2,4-D<br>METOLACHLOR & METOLACHLOR-S<br>ATRAZINE<br>ETHEPHON",516.9,28043,"Grenada County, Mississippi(6)"
28045,28,045,Hancock County,Mississippi,473.9624984555985,4740.9,10.002690118834654,476.1,"2,4-D<br>GLYPHOSATE<br>TRICLOPYR<br>DICAMBA<br>PICLORAM",476.1,28045,"Hancock County, Mississippi(6)"
28047,28,047,Harrison County,Mississippi,573.6337648648648,2442.5,4.257943220227627,485.2,"2,4-D<br>SULFUR<br>TRICLOPYR<br>DODINE<br>DICAMBA",485.2,28047,"Harrison County, Mississippi(6)"
28049,28,049,Hinds County,Mississippi,869.8410444015444,40952,47.07986621644787,489.8,"GLYPHOSATE<br>ATRAZINE<br>METOLACHLOR & METOLACHLOR-S<br>ETHEPHON<br>2,4-D",489.8,28049,"Hinds County, Mississippi(6)"
28051,28,051,Holmes County,Mississippi,756.6705907335908,177325.80000000002,234.35006219560216,522.6,"GLYPHOSATE<br>METOLACHLOR & METOLACHLOR-S<br>2,4-D<br>ACEPHATE<br>ETHEPHON",522.6,28051,"Holmes County, Mississippi(6)"
28053,28,053,Humphreys County,Mississippi,418.6778505791506,298021.6,711.8160169871688,541.6,"GLYPHOSATE<br>METOLACHLOR & METOLACHLOR-S<br>2,4-D<br>PARAQUAT<br>DICAMBA",541.6,28053,"Humphreys County, Mississippi(6)"
28055,28,055,Issaquena County,Mississippi,412.9784776061776,167644.6,405.9402828247829,490,"GLYPHOSATE<br>METOLACHLOR & METOLACHLOR-S<br>2,4-D<br>PARAQUAT<br>DICAMBA",490,28055,"Issaquena County, Mississippi(6)"
28057,28,057,Itawamba County,Mississippi,532.7926637065638,16255.8,30.5105552447188,486.1,"GLYPHOSATE<br>2,4-D<br>ACETOCHLOR<br>DICAMBA<br>PICLORAM",486.1,28057,"Itawamba County, Mississippi(6)"
28059,28,059,Jackson County,Mississippi,722.8220833976834,18066.6,24.994532423631124,476.6,"DICHLOROPROPENE<br>2,4-D<br>GLYPHOSATE<br>CHLOROTHALONIL<br>METOLACHLOR & METOLACHLOR-S",476.6,28059,"Jackson County, Mississippi(6)"
28061,28,061,Jasper County,Mississippi,676.3074088803089,9119.9,13.484844140771516,463.8,"2,4-D<br>TRICLOPYR<br>DICAMBA<br>PICLORAM<br>AMINOPYRALID",463.8,28061,"Jasper County, Mississippi(6)"
28063,28,063,Jefferson County,Mississippi,519.9307158301158,3153.4,6.065038867660118,498,GLYPHOSATE<br>ETHEPHON<br>ATRAZINE<br>FLUOMETURON<br>METOLACHLOR & METOLACHLOR-S,498,28063,"Jefferson County, Mississippi(6)"
28065,28,065,Jefferson Davis County,Mississippi,408.4445084942085,5510.8,13.492163281412168,494.5,"GLYPHOSATE<br>METOLACHLOR & METOLACHLOR-S<br>2,4-D<br>CHLOROTHALONIL<br>ATRAZINE",494.5,28065,"Jefferson Davis County, Mississippi(6)"
28067,28,067,Jones County,Mississippi,694.8413200772201,17755.3,25.553028420973572,458.7,"2,4-D<br>GLYPHOSATE<br>DICHLOROPROPENE<br>CHLOROTHALONIL<br>TRICLOPYR",458.7,28067,"Jones County, Mississippi(6)"
28069,28,069,Kemper County,Mississippi,766.1788227799228,3085.1,4.026605680389791,423.4,"2,4-D<br>GLYPHOSATE<br>AMINOPYRALID<br>CHLOROTHALONIL<br>ATRAZINE",423.4,28069,"Kemper County, Mississippi(6)"
28071,28,071,Lafayette County,Mississippi,631.6944054054054,26247.2,41.550470884976754,407.1,"GLYPHOSATE<br>METOLACHLOR & METOLACHLOR-S<br>2,4-D<br>ETHEPHON<br>ACETOCHLOR",407.1,28071,"Lafayette County, Mississippi(6)"
28073,28,073,Lamar County,Mississippi,496.5674884169884,4706.6,9.4782685330532,458.3,"GLYPHOSATE<br>METOLACHLOR & METOLACHLOR-S<br>2,4-D<br>CHLOROTHALONIL<br>FENTIN",458.3,28073,"Lamar County, Mississippi(6)"
28075,28,075,Lauderdale County,Mississippi,703.6722405405405,5229.3,7.431442792148521,424.7,"2,4-D<br>TRICLOPYR<br>GLYPHOSATE<br>DICAMBA<br>PICLORAM",424.7,28075,"Lauderdale County, Mississippi(6)"
28077,28,077,Lawrence County,Mississippi,430.60000193050195,12952.5,30.08012062687011,504.7,"GLYPHOSATE<br>METOLACHLOR & METOLACHLOR-S<br>CHLOROTHALONIL<br>2,4-D<br>FOMESAFEN",504.7,28077,"Lawrence County, Mississippi(6)"
28079,28,079,Leake County,Mississippi,582.8946687258688,12128.4,20.807189790414604,434.1,"2,4-D<br>GLYPHOSATE<br>METOLACHLOR & METOLACHLOR-S<br>PICLORAM<br>ACEPHATE",434.1,28079,"Leake County, Mississippi(6)"
28081,28,081,Lee County,Mississippi,449.9630370656371,47240,104.98640134547097,512.7,"GLYPHOSATE<br>2,4-D<br>ACETOCHLOR<br>DICAMBA<br>PICLORAM",512.7,28081,"Lee County, Mississippi(6)"
28083,28,083,Leflore County,Mississippi,594.0716984555985,492109.4,828.3670157648164,498.3,"GLYPHOSATE<br>METOLACHLOR & METOLACHLOR-S<br>2,4-D<br>PARAQUAT<br>ETHEPHON",498.3,28083,"Leflore County, Mississippi(6)"
28085,28,085,Lincoln County,Mississippi,586.2045382239382,1972.9,3.3655488338207387,443.2,"GLYPHOSATE<br>ATRAZINE<br>METOLACHLOR & METOLACHLOR-S<br>2,4-D<br>PARAQUAT",443.2,28085,"Lincoln County, Mississippi(6)"
28087,28,087,Lowndes County,Mississippi,505.46926911196914,77379.2,153.08388606085433,460.5,"GLYPHOSATE<br>ACEPHATE<br>ETHEPHON<br>2,4-D<br>METOLACHLOR & METOLACHLOR-S",460.5,28087,"Lowndes County, Mississippi(6)"
28089,28,089,Madison County,Mississippi,714.2072335907336,44257.5,61.967308532415586,489.6,"GLYPHOSATE<br>METOLACHLOR & METOLACHLOR-S<br>2,4-D<br>ATRAZINE<br>ACEPHATE",489.6,28089,"Madison County, Mississippi(6)"
28091,28,091,Marion County,Mississippi,542.3589420849421,2884.4,5.318249181827368,482.6,"GLYPHOSATE<br>METOLACHLOR & METOLACHLOR-S<br>2,4-D<br>ATRAZINE<br>CHLOROTHALONIL",482.6,28091,"Marion County, Mississippi(6)"
28093,28,093,Marshall County,Mississippi,706.1883459459459,65027.5,92.0823748696887,469.6,"GLYPHOSATE<br>METOLACHLOR & METOLACHLOR-S<br>2,4-D<br>ACETOCHLOR<br>PARAQUAT",469.6,28093,"Marshall County, Mississippi(6)"
28095,28,095,Monroe County,Mississippi,765.1590054054054,107598.2,140.6220135159895,504.5,"GLYPHOSATE<br>2,4-D<br>METOLACHLOR & METOLACHLOR-S<br>ACEPHATE<br>DICAMBA",504.5,28095,"Monroe County, Mississippi(6)"
28097,28,097,Montgomery County,Mississippi,406.9786992277992,20337.7,49.97239422748346,496.6,"GLYPHOSATE<br>2,4-D<br>METOLACHLOR & METOLACHLOR-S<br>ACEPHATE<br>ETHEPHON",496.6,28097,"Montgomery County, Mississippi(6)"
28099,28,099,Neshoba County,Mississippi,570.1317069498069,4958.2,8.696587015877908,438.2,"2,4-D<br>GLYPHOSATE<br>ATRAZINE<br>AMINOPYRALID<br>METOLACHLOR & METOLACHLOR-S",438.2,28099,"Neshoba County, Mississippi(6)"
28101,28,101,Newton County,Mississippi,577.7674799227799,17131,29.65033615649258,454.1,"2,4-D<br>GLYPHOSATE<br>CHLOROTHALONIL<br>DICAMBA<br>METOLACHLOR & METOLACHLOR-S",454.1,28101,"Newton County, Mississippi(6)"
28103,28,103,Noxubee County,Mississippi,695.1551803088803,129129.1,185.75579044469424,452.4,"GLYPHOSATE<br>ACEPHATE<br>ETHEPHON<br>2,4-D<br>METOLACHLOR & METOLACHLOR-S",452.4,28103,"Noxubee County, Mississippi(6)"
28105,28,105,Oktibbeha County,Mississippi,458.2371845559846,14159.6,30.900154935527866,403.9,"2,4-D<br>GLYPHOSATE<br>ACEPHATE<br>ETHEPHON<br>METOLACHLOR & METOLACHLOR-S",403.9,28105,"Oktibbeha County, Mississippi(6)"
28107,28,107,Panola County,Mississippi,685.1765803088803,161441.4,235.62013740636257,482.8,"GLYPHOSATE<br>METOLACHLOR & METOLACHLOR-S<br>ETHEPHON<br>2,4-D<br>TRIBUFOS",482.8,28107,"Panola County, Mississippi(6)"
28109,28,109,Pearl River County,Mississippi,811.3212575289575,11072.4,13.647368286297867,499.5,"2,4-D<br>TRICLOPYR<br>DICAMBA<br>GLYPHOSATE<br>PICLORAM",499.5,28109,"Pearl River County, Mississippi(6)"
28111,28,111,Perry County,Mississippi,647.2788764478764,11967.9,18.489557492864886,505.5,"DICHLOROPROPENE<br>2,4-D<br>GLYPHOSATE<br>CHLOROTHALONIL<br>METOLACHLOR & METOLACHLOR-S",505.5,28111,"Perry County, Mississippi(6)"
28113,28,113,Pike County,Mississippi,409.1829193050193,1860.9,4.547843793579321,486.9,"GLYPHOSATE<br>2,4-D<br>METOLACHLOR & METOLACHLOR-S<br>CHLOROTHALONIL<br>AMINOPYRALID",486.9,28113,"Pike County, Mississippi(6)"
28115,28,115,Pontotoc County,Mississippi,497.8111640926641,30887.4,62.04641885904054,501.3,"GLYPHOSATE<br>2,4-D<br>ACETOCHLOR<br>DICAMBA<br>PICLORAM",501.3,28115,"Pontotoc County, Mississippi(6)"
28117,28,117,Prentiss County,Mississippi,414.9832471042471,27669.6,66.67642656198402,463.6,"GLYPHOSATE<br>2,4-D<br>ACETOCHLOR<br>DICAMBA<br>PICLORAM",463.6,28117,"Prentiss County, Mississippi(6)"
28119,28,119,Quitman County,Mississippi,405.00986061776064,243282.2,600.6821651920332,626.5,"GLYPHOSATE<br>PARAQUAT<br>2,4-D<br>METOLACHLOR & METOLACHLOR-S<br>DICAMBA",626.5,28119,"Quitman County, Mississippi(6)"
28121,28,121,Rankin County,Mississippi,775.4948424710425,35406.4,45.65652543501229,431.9,"GLYPHOSATE<br>METOLACHLOR & METOLACHLOR-S<br>2,4-D<br>FOMESAFEN<br>PICLORAM",431.9,28121,"Rankin County, Mississippi(6)"
28123,28,123,Scott County,Mississippi,609.2286038610039,25535.9,41.915136351388455,449.8,"2,4-D<br>GLYPHOSATE<br>METOLACHLOR & METOLACHLOR-S<br>PICLORAM<br>FOMESAFEN",449.8,28123,"Scott County, Mississippi(6)"
28125,28,125,Sharkey County,Mississippi,431.7180247104247,271017.4,627.7648476266082,469.1,"GLYPHOSATE<br>METOLACHLOR & METOLACHLOR-S<br>2,4-D<br>PARAQUAT<br>DICAMBA",469.1,28125,"Sharkey County, Mississippi(6)"
28127,28,127,Simpson County,Mississippi,589.1624992277992,9474.8,16.081811066417817,497,"GLYPHOSATE<br>METOLACHLOR & METOLACHLOR-S<br>2,4-D<br>ATRAZINE<br>CHLOROTHALONIL",497,28127,"Simpson County, Mississippi(6)"
28129,28,129,Smith County,Mississippi,636.2648945945946,5521.9,8.678618051870297,511.4,"GLYPHOSATE<br>CHLOROTHALONIL<br>2,4-D<br>METOLACHLOR & METOLACHLOR-S<br>ETHEPHON",511.4,28129,"Smith County, Mississippi(6)"
28131,28,131,Stone County,Mississippi,445.4826718146718,12397.9,27.83026318284661,468.4,"2,4-D<br>DICHLOROPROPENE<br>GLYPHOSATE<br>CHLOROTHALONIL<br>METOLACHLOR & METOLACHLOR-S",468.4,28131,"Stone County, Mississippi(6)"
28133,28,133,Sunflower County,Mississippi,697.7556023166023,637803.9,914.0792247062468,473.4,"GLYPHOSATE<br>METOLACHLOR & METOLACHLOR-S<br>2,4-D<br>PARAQUAT<br>DICAMBA",473.4,28133,"Sunflower County, Mississippi(6)"
28135,28,135,Tallahatchie County,Mississippi,645.586694980695,379768.3,588.2529843824557,486.2,"GLYPHOSATE<br>PARAQUAT<br>2,4-D<br>METOLACHLOR & METOLACHLOR-S<br>DICAMBA",486.2,28135,"Tallahatchie County, Mississippi(6)"
28137,28,137,Tate County,Mississippi,404.7615926640927,71633.4,176.9767717547445,459,"GLYPHOSATE<br>METOLACHLOR & METOLACHLOR-S<br>2,4-D<br>ACETOCHLOR<br>PARAQUAT",459,28137,"Tate County, Mississippi(6)"
28139,28,139,Tippah County,Mississippi,457.8203335907336,20335.7,44.41851640905711,453.4,"GLYPHOSATE<br>2,4-D<br>ACETOCHLOR<br>DICAMBA<br>PICLORAM",453.4,28139,"Tippah County, Mississippi(6)"
28141,28,141,Tishomingo County,Mississippi,424.2954216216216,7128.9000000000005,16.80173680110415,547.2,"2,4-D<br>GLYPHOSATE<br>DICROTOPHOS<br>ETHEPHON<br>DICAMBA",547.2,28141,"Tishomingo County, Mississippi(6)"
28143,28,143,Tunica County,Mississippi,454.12804555984553,349629.3,769.8914511412298,516,"GLYPHOSATE<br>2,4-D<br>PARAQUAT<br>PROPANIL<br>METOLACHLOR & METOLACHLOR-S",516,28143,"Tunica County, Mississippi(6)"
28145,28,145,Union County,Mississippi,415.60533474903474,27144.3,65.31268424740317,495.7,"GLYPHOSATE<br>2,4-D<br>ACETOCHLOR<br>DICAMBA<br>PICLORAM",495.7,28145,"Union County, Mississippi(6)"
28147,28,147,Walthall County,Mississippi,403.926361003861,5995,14.841814198758607,478.9,"GLYPHOSATE<br>METOLACHLOR & METOLACHLOR-S<br>2,4-D<br>CHLOROTHALONIL<br>ATRAZINE",478.9,28147,"Walthall County, Mississippi(6)"
28149,28,149,Warren County,Mississippi,588.5336621621622,57726.8,98.0858083595806,435.2,"GLYPHOSATE<br>METOLACHLOR & METOLACHLOR-S<br>ETHEPHON<br>2,4-D<br>PARAQUAT",435.2,28149,"Warren County, Mississippi(6)"
28151,28,151,Washington County,Mississippi,724.1430621621622,621979.3,858.9177090820709,480.9,"GLYPHOSATE<br>METOLACHLOR & METOLACHLOR-S<br>2,4-D<br>PARAQUAT<br>DICAMBA",480.9,28151,"Washington County, Mississippi(6)"
28153,28,153,Wayne County,Mississippi,810.7125876447876,11961.1,14.753810638056525,437.7,"2,4-D<br>DICHLOROPROPENE<br>GLYPHOSATE<br>CHLOROTHALONIL<br>TRICLOPYR",437.7,28153,"Wayne County, Mississippi(6)"
28155,28,155,Webster County,Mississippi,421.155883011583,23451.5,55.683657633615475,462.2,"GLYPHOSATE<br>METOLACHLOR & METOLACHLOR-S<br>2,4-D<br>ACEPHATE<br>ETHEPHON",462.2,28155,"Webster County, Mississippi(6)"
28157,28,157,Wilkinson County,Mississippi,678.0092243243244,7711.9,11.374329025811347,471.4,"GLYPHOSATE<br>METOLACHLOR & METOLACHLOR-S<br>2,4-D<br>PARAQUAT<br>ACEPHATE",471.4,28157,"Wilkinson County, Mississippi(6)"
28159,28,159,Winston County,Mississippi,607.2483366795367,9169.1,15.099423820799712,434.3,"2,4-D<br>GLYPHOSATE<br>ACEPHATE<br>ETHEPHON<br>METOLACHLOR & METOLACHLOR-S",434.3,28159,"Winston County, Mississippi(6)"
28161,28,161,Yalobusha County,Mississippi,467.1485235521235,29696.9,63.570574459252214,502.3,"GLYPHOSATE<br>METOLACHLOR & METOLACHLOR-S<br>2,4-D<br>ETHEPHON<br>ACETOCHLOR",502.3,28161,"Yalobusha County, Mississippi(6)"
28163,28,163,Yazoo County,Mississippi,922.3348749034748,305300.2,331.00797585253474,509.4,"GLYPHOSATE<br>METOLACHLOR & METOLACHLOR-S<br>2,4-D<br>ATRAZINE<br>ETHEPHON",509.4,28163,"Yazoo County, Mississippi(6)"
29001,29,001,Adair County,Missouri,567.3212579150579,67203.1,118.45686912381127,406.6,"GLYPHOSATE<br>METOLACHLOR & METOLACHLOR-S<br>GLUFOSINATE<br>ATRAZINE<br>2,4-D",406.6,29001,"Adair County, Missouri(6)"
29003,29,003,Andrew County,Missouri,432.6324451737452,172628.5,399.018848275867,471.9,"GLYPHOSATE<br>ATRAZINE<br>METOLACHLOR & METOLACHLOR-S<br>ACETOCHLOR<br>2,4-D",471.9,29003,"Andrew County, Missouri(6)"
29005,29,005,Atchison County,Missouri,547.282867953668,382255.9,698.461293753418,396.5,"GLYPHOSATE<br>ATRAZINE<br>METOLACHLOR & METOLACHLOR-S<br>ACETOCHLOR<br>2,4-D",396.5,29005,"Atchison County, Missouri(6)"
29007,29,007,Audrain County,Missouri,692.2464942084943,295147.5,426.3618558841065,458.4,GLYPHOSATE<br>METOLACHLOR & METOLACHLOR-S<br>ATRAZINE<br>GLUFOSINATE<br>ACETOCHLOR,458.4,29007,"Audrain County, Missouri(6)"
29009,29,009,Barry County,Missouri,778.1184057915058,32068.8,41.213264923838246,441.4,"2,4-D<br>GLYPHOSATE<br>TRICLOPYR<br>ATRAZINE<br>AMINOPYRALID",441.4,29009,"Barry County, Missouri(6)"
29011,29,011,Barton County,Missouri,592.0274239382239,170173.3,287.44158314152185,455.3,GLYPHOSATE<br>ATRAZINE<br>METOLACHLOR & METOLACHLOR-S<br>DICAMBA<br>ACETOCHLOR,455.3,29011,"Barton County, Missouri(6)"
29013,29,013,Bates County,Missouri,836.6924467181467,232044.6,277.33559793706127,405.7,"GLYPHOSATE<br>ATRAZINE<br>ACETOCHLOR<br>GLUFOSINATE<br>2,4-D",405.7,29013,"Bates County, Missouri(6)"
29015,29,015,Benton County,Missouri,704.0300200772201,33880.6,48.123800170174384,450.9,"GLYPHOSATE<br>ATRAZINE<br>METOLACHLOR & METOLACHLOR-S<br>GLUFOSINATE<br>2,4-D",450.9,29015,"Benton County, Missouri(6)"
29017,29,017,Bollinger County,Missouri,617.9013806949807,33785.7,54.67814291335576,500,"GLYPHOSATE<br>2,4-D<br>ATRAZINE<br>GLUFOSINATE<br>METOLACHLOR & METOLACHLOR-S",500,29017,"Bollinger County, Missouri(6)"
29019,29,019,Boone County,Missouri,685.5480953667953,76499.9,111.5893990764711,448.5,"GLYPHOSATE<br>ATRAZINE<br>METOLACHLOR & METOLACHLOR-S<br>GLUFOSINATE<br>2,4-D",448.5,29019,"Boone County, Missouri(6)"
29021,29,021,Buchanan County,Missouri,408.2475988416989,163235.1,399.84338049541265,478.8,"GLYPHOSATE<br>ATRAZINE<br>METOLACHLOR & METOLACHLOR-S<br>ACETOCHLOR<br>2,4-D",478.8,29021,"Buchanan County, Missouri(6)"
29023,29,023,Butler County,Missouri,694.7510598455599,365020.8,525.3979750403583,485.4,GLYPHOSATE<br>PROPANIL<br>METOLACHLOR & METOLACHLOR-S<br>DICAMBA<br>ATRAZINE,485.4,29023,"Butler County, Missouri(6)"
29025,29,025,Caldwell County,Missouri,426.3913104247104,123923.1,290.6323299050476,390.2,"GLYPHOSATE<br>ATRAZINE<br>METOLACHLOR & METOLACHLOR-S<br>2,4-D<br>GLUFOSINATE",390.2,29025,"Caldwell County, Missouri(6)"
29027,29,027,Callaway County,Missouri,834.5610822393822,94662.6,113.42800666667962,459.6,"GLYPHOSATE<br>METOLACHLOR & METOLACHLOR-S<br>ATRAZINE<br>GLUFOSINATE<br>2,4-D",459.6,29027,"Callaway County, Missouri(6)"
29029,29,029,Camden County,Missouri,656.0324756756756,2983.2,4.547335857005365,423.3,"GLYPHOSATE<br>2,4-D<br>ATRAZINE<br>CHLORPYRIFOS<br>METOLACHLOR & METOLACHLOR-S",423.3,29029,"Camden County, Missouri(6)"
29031,29,031,Cape Girardeau County,Missouri,578.5139837837838,301345.3,520.8954466909239,473.8,GLYPHOSATE<br>ATRAZINE<br>METOLACHLOR & METOLACHLOR-S<br>DICAMBA<br>ACETOCHLOR,473.8,29031,"Cape Girardeau County, Missouri(6)"
29033,29,033,Carroll County,Missouri,694.6184903474904,230981.3,332.52973137016426,399.4,"GLYPHOSATE<br>METOLACHLOR & METOLACHLOR-S<br>ATRAZINE<br>GLUFOSINATE<br>2,4-D",399.4,29033,"Carroll County, Missouri(6)"
29035,29,035,Carter County,Missouri,507.35615444015446,1342.2,2.645478897326198,515.4,"2,4-D<br>TRICLOPYR<br>PICLORAM<br>GLYPHOSATE<br>FLUROXYPYR",515.4,29035,"Carter County, Missouri(6)"
29037,29,037,Cass County,Missouri,696.6114262548263,149766.5,214.9928846346746,442.4,"GLYPHOSATE<br>ATRAZINE<br>ACETOCHLOR<br>GLUFOSINATE<br>2,4-D",442.4,29037,"Cass County, Missouri(6)"
29039,29,039,Cedar County,Missouri,474.4675301158302,19997.2,42.1466143217812,413.6,"GLYPHOSATE<br>2,4-D<br>ATRAZINE<br>GLUFOSINATE<br>ACETOCHLOR",413.6,29039,"Cedar County, Missouri(6)"
29041,29,041,Chariton County,Missouri,751.1745150579151,200481.5,266.89071045566953,479.5,"GLYPHOSATE<br>METOLACHLOR & METOLACHLOR-S<br>ATRAZINE<br>GLUFOSINATE<br>2,4-D",479.5,29041,"Chariton County, Missouri(6)"
29043,29,043,Christian County,Missouri,562.6002671814672,12399.8,22.040160169352415,434.3,"2,4-D<br>TRICLOPYR<br>GLYPHOSATE<br>AMINOPYRALID<br>PICLORAM",434.3,29043,"Christian County, Missouri(6)"
29045,29,045,Clark County,Missouri,504.6041420849421,168567.2,334.0582962785597,432.9,GLYPHOSATE<br>METOLACHLOR & METOLACHLOR-S<br>ATRAZINE<br>GLUFOSINATE<br>ACETOCHLOR,432.9,29045,"Clark County, Missouri(6)"
29047,29,047,Clay County,Missouri,397.6564208494208,52260.9,131.42224608964497,445.8,"GLYPHOSATE<br>ATRAZINE<br>METOLACHLOR & METOLACHLOR-S<br>2,4-D<br>ACETOCHLOR",445.8,29047,"Clay County, Missouri(6)"
29049,29,049,Clinton County,Missouri,418.9381316602317,141469.7,337.68637731629343,438.8,"GLYPHOSATE<br>ATRAZINE<br>METOLACHLOR & METOLACHLOR-S<br>ACETOCHLOR<br>2,4-D",438.8,29049,"Clinton County, Missouri(6)"
29051,29,051,Cole County,Missouri,391.52988532818534,18652.7,47.64055235366023,440.6,"GLYPHOSATE<br>METOLACHLOR & METOLACHLOR-S<br>GLUFOSINATE<br>ATRAZINE<br>2,4-D",440.6,29051,"Cole County, Missouri(6)"
29053,29,053,Cooper County,Missouri,564.7430938223938,107236.9,189.88616447556765,476.9,"GLYPHOSATE<br>ATRAZINE<br>METOLACHLOR & METOLACHLOR-S<br>GLUFOSINATE<br>2,4-D",476.9,29053,"Cooper County, Missouri(6)"
29055,29,055,Crawford County,Missouri,742.4733150579151,11001.7,14.817636912838864,518.6,METAM<br>METOLACHLOR & METOLACHLOR-S<br>GLYPHOSATE<br>GLUFOSINATE<br>ATRAZINE,518.6,29055,"Crawford County, Missouri(6)"
29057,29,057,Dade County,Missouri,490.0080996138996,67473.9,137.69956058515328,424.8,"GLYPHOSATE<br>2,4-D<br>ATRAZINE<br>METOLACHLOR & METOLACHLOR-S<br>DICAMBA",424.8,29057,"Dade County, Missouri(6)"
29059,29,059,Dallas County,Missouri,540.9488664092664,8386.7,15.5036834732081,470.8,"GLYPHOSATE<br>2,4-D<br>ATRAZINE<br>METOLACHLOR & METOLACHLOR-S<br>CHLORPYRIFOS",470.8,29059,"Dallas County, Missouri(6)"
29061,29,061,Daviess County,Missouri,563.2794015444016,161218,286.21319998205485,402,"GLYPHOSATE<br>ATRAZINE<br>METOLACHLOR & METOLACHLOR-S<br>ACETOCHLOR<br>2,4-D",402,29061,"Daviess County, Missouri(6)"
29063,29,063,DeKalb County,Missouri,421.3561575289575,123714.5,293.61028144343135,387,"GLYPHOSATE<br>ATRAZINE<br>METOLACHLOR & METOLACHLOR-S<br>ACETOCHLOR<br>2,4-D",387,29063,"DeKalb County, Missouri(6)"
29065,29,065,Dent County,Missouri,752.757211969112,7429.5,9.869716134057915,456.1,"2,4-D<br>TRICLOPYR<br>PICLORAM<br>GLYPHOSATE<br>ATRAZINE",456.1,29065,"Dent County, Missouri(6)"
29067,29,067,Douglas County,Missouri,813.6193451737452,9714.1,11.939367048758646,366.2,"2,4-D<br>TRICLOPYR<br>PICLORAM<br>GLYPHOSATE<br>FLUROXYPYR",366.2,29067,"Douglas County, Missouri(6)"
29069,29,069,Dunklin County,Missouri,541.9068776061777,660325.2000000001,1218.521534395216,508.1,GLYPHOSATE<br>ETHEPHON<br>DICAMBA<br>ACETOCHLOR<br>ACEPHATE,508.1,29069,"Dunklin County, Missouri(6)"
29071,29,071,Franklin County,Missouri,922.6800146718148,59017,63.96258622876055,493.8,METOLACHLOR & METOLACHLOR-S<br>GLUFOSINATE<br>GLYPHOSATE<br>ATRAZINE<br>ACETOCHLOR,493.8,29071,"Franklin County, Missouri(6)"
29073,29,073,Gasconade County,Missouri,519.0024393822393,31914.7,61.492389203387134,463.8,METOLACHLOR & METOLACHLOR-S<br>METAM<br>GLYPHOSATE<br>GLUFOSINATE<br>ATRAZINE,463.8,29073,"Gasconade County, Missouri(6)"
29075,29,075,Gentry County,Missouri,491.41959652509655,109782,223.39768453737983,473.1,"GLYPHOSATE<br>ATRAZINE<br>METOLACHLOR & METOLACHLOR-S<br>2,4-D<br>ACETOCHLOR",473.1,29075,"Gentry County, Missouri(6)"
29077,29,077,Greene County,Missouri,675.3256586872587,22601,33.46681665247737,423.8,"2,4-D<br>GLYPHOSATE<br>TRICLOPYR<br>AMINOPYRALID<br>DICAMBA",423.8,29077,"Greene County, Missouri(6)"
29079,29,079,Grundy County,Missouri,435.2908328185328,109528.2,251.62073662520916,454.6,"GLYPHOSATE<br>METOLACHLOR & METOLACHLOR-S<br>ATRAZINE<br>GLUFOSINATE<br>2,4-D",454.6,29079,"Grundy County, Missouri(6)"
29081,29,081,Harrison County,Missouri,722.5134702702703,207241.5,286.8340986396797,476,"GLYPHOSATE<br>ATRAZINE<br>METOLACHLOR & METOLACHLOR-S<br>ACETOCHLOR<br>2,4-D",476,29081,"Harrison County, Missouri(6)"
29083,29,083,Henry County,Missouri,696.9328868725869,111696.9,160.2692341026237,460.1,"GLYPHOSATE<br>ATRAZINE<br>GLUFOSINATE<br>2,4-D<br>ACETOCHLOR",460.1,29083,"Henry County, Missouri(6)"
29085,29,085,Hickory County,Missouri,398.8063505791506,9318.7,23.36647845869879,407.4,"GLYPHOSATE<br>2,4-D<br>ATRAZINE<br>METOLACHLOR & METOLACHLOR-S<br>CHLORPYRIFOS",407.4,29085,"Hickory County, Missouri(6)"
29087,29,087,Holt County,Missouri,462.6909613899614,245560.2,530.7218435007183,506.6,GLYPHOSATE<br>ATRAZINE<br>METOLACHLOR & METOLACHLOR-S<br>ACETOCHLOR<br>GLUFOSINATE,506.6,29087,"Holt County, Missouri(6)"
29089,29,089,Howard County,Missouri,463.7990347490348,84017.1,181.1497948577282,426.2,"GLYPHOSATE<br>ATRAZINE<br>METOLACHLOR & METOLACHLOR-S<br>GLUFOSINATE<br>2,4-D",426.2,29089,"Howard County, Missouri(6)"
29091,29,091,Howell County,Missouri,927.1723830115832,14783.5,15.944715643903416,457.4,"2,4-D<br>TRICLOPYR<br>ATRAZINE<br>PICLORAM<br>GLYPHOSATE",457.4,29091,"Howell County, Missouri(6)"
29093,29,093,Iron County,Missouri,550.2603382239382,2239.8,4.0704369266906415,529.1,"2,4-D<br>ATRAZINE<br>TRICLOPYR<br>GLYPHOSATE<br>METOLACHLOR & METOLACHLOR-S",529.1,29093,"Iron County, Missouri(6)"
29095,29,095,Jackson County,Missouri,604.5168949806949,64918.4,107.38889274893326,430.5,"GLYPHOSATE<br>ATRAZINE<br>ACETOCHLOR<br>GLUFOSINATE<br>2,4-D",430.5,29095,"Jackson County, Missouri(6)"
29097,29,097,Jasper County,Missouri,638.5032154440155,103948.5,162.80027646801145,506.6,"GLYPHOSATE<br>ATRAZINE<br>METOLACHLOR & METOLACHLOR-S<br>2,4-D<br>DICAMBA",506.6,29097,"Jasper County, Missouri(6)"
29099,29,099,Jefferson County,Missouri,656.2609177606178,12813,19.524246611732192,480.4,METOLACHLOR & METOLACHLOR-S<br>GLYPHOSATE<br>GLUFOSINATE<br>ATRAZINE<br>ACETOCHLOR,480.4,29099,"Jefferson County, Missouri(6)"
29101,29,101,Johnson County,Missouri,829.2584876447877,149418.9,180.18374514847713,444.5,"GLYPHOSATE<br>ATRAZINE<br>ACETOCHLOR<br>GLUFOSINATE<br>2,4-D",444.5,29101,"Johnson County, Missouri(6)"
29103,29,103,Knox County,Missouri,504.0078274131274,148988.6,295.6077106276295,419.3,GLYPHOSATE<br>METOLACHLOR & METOLACHLOR-S<br>GLUFOSINATE<br>ATRAZINE<br>ACETOCHLOR,419.3,29103,"Knox County, Missouri(6)"
29105,29,105,Laclede County,Missouri,764.6230833976834,9145.4,11.96066427835457,430.4,"GLYPHOSATE<br>2,4-D<br>ATRAZINE<br>METOLACHLOR & METOLACHLOR-S<br>CHLORPYRIFOS",430.4,29105,"Laclede County, Missouri(6)"
29107,29,107,Lafayette County,Missouri,628.2807127413128,258370.9,411.2348107467389,458.8,"GLYPHOSATE<br>ATRAZINE<br>ACETOCHLOR<br>GLUFOSINATE<br>2,4-D",458.8,29107,"Lafayette County, Missouri(6)"
29109,29,109,Lawrence County,Missouri,611.7499243243243,48152.6,78.71288264266543,415.5,"2,4-D<br>GLYPHOSATE<br>ATRAZINE<br>METOLACHLOR & METOLACHLOR-S<br>DICAMBA",415.5,29109,"Lawrence County, Missouri(6)"
29111,29,111,Lewis County,Missouri,505.0155158301158,156868.1,310.6203573609994,495.8,GLYPHOSATE<br>METOLACHLOR & METOLACHLOR-S<br>ATRAZINE<br>GLUFOSINATE<br>ACETOCHLOR,495.8,29111,"Lewis County, Missouri(6)"
29113,29,113,Lincoln County,Missouri,626.5604355212355,140835.4,224.7754438609566,499,METOLACHLOR & METOLACHLOR-S<br>GLYPHOSATE<br>GLUFOSINATE<br>ATRAZINE<br>ACETOCHLOR,499,29113,"Lincoln County, Missouri(6)"
29115,29,115,Linn County,Missouri,615.5855420849421,108838.6,176.80499712740465,457.9,"GLYPHOSATE<br>METOLACHLOR & METOLACHLOR-S<br>GLUFOSINATE<br>ATRAZINE<br>2,4-D",457.9,29115,"Linn County, Missouri(6)"
29117,29,117,Livingston County,Missouri,532.300211969112,148671,279.2991561097237,474.5,"GLYPHOSATE<br>METOLACHLOR & METOLACHLOR-S<br>GLUFOSINATE<br>ATRAZINE<br>2,4-D",474.5,29117,"Livingston County, Missouri(6)"
29119,29,119,McDonald County,Missouri,539.4422629343629,16640.7,30.847972328828767,422.6,"2,4-D<br>GLYPHOSATE<br>TRICLOPYR<br>AMINOPYRALID<br>ATRAZINE",422.6,29119,"McDonald County, Missouri(6)"
29121,29,121,Macon County,Missouri,801.2038714285715,141189.5,176.22168967837703,477.4,"GLYPHOSATE<br>METOLACHLOR & METOLACHLOR-S<br>ATRAZINE<br>GLUFOSINATE<br>2,4-D",477.4,29121,"Macon County, Missouri(6)"
29123,29,123,Madison County,Missouri,494.3834301158301,3233.2000000000003,6.539863197361787,524.5,"2,4-D<br>TRICLOPYR<br>GLYPHOSATE<br>ATRAZINE<br>GLUFOSINATE",524.5,29123,"Madison County, Missouri(6)"
29125,29,125,Maries County,Missouri,526.9782266409267,9773.6,18.546496811261147,363.4,"GLYPHOSATE<br>2,4-D<br>ATRAZINE<br>METOLACHLOR & METOLACHLOR-S<br>GLUFOSINATE",363.4,29125,"Maries County, Missouri(6)"
29127,29,127,Marion County,Missouri,436.9290266409266,174486.6,399.34769576065526,530,GLYPHOSATE<br>METOLACHLOR & METOLACHLOR-S<br>ATRAZINE<br>GLUFOSINATE<br>ACETOCHLOR,530,29127,"Marion County, Missouri(6)"
29129,29,129,Mercer County,Missouri,453.83309498069497,50521.4,111.32154212365026,470.6,"GLYPHOSATE<br>METOLACHLOR & METOLACHLOR-S<br>ATRAZINE<br>GLUFOSINATE<br>2,4-D",470.6,29129,"Mercer County, Missouri(6)"
29131,29,131,Miller County,Missouri,592.5699996138997,9330.6,15.745987826045075,468.9,"GLYPHOSATE<br>2,4-D<br>METOLACHLOR & METOLACHLOR-S<br>GLUFOSINATE<br>ATRAZINE",468.9,29131,"Miller County, Missouri(6)"
29133,29,133,Mississippi County,Missouri,411.59436563706566,441764.1,1073.2996777451938,533.7,GLYPHOSATE<br>METOLACHLOR & METOLACHLOR-S<br>ATRAZINE<br>DICAMBA<br>ACETOCHLOR,533.7,29133,"Mississippi County, Missouri(6)"
29135,29,135,Moniteau County,Missouri,415.0313613899614,43439.9,104.66654822063938,453,"GLYPHOSATE<br>ATRAZINE<br>METOLACHLOR & METOLACHLOR-S<br>GLUFOSINATE<br>2,4-D",453,29135,"Moniteau County, Missouri(6)"
29137,29,137,Monroe County,Missouri,647.6372046332046,172928.3,267.01415354594945,482.1,GLYPHOSATE<br>METOLACHLOR & METOLACHLOR-S<br>ATRAZINE<br>GLUFOSINATE<br>ACETOCHLOR,482.1,29137,"Monroe County, Missouri(6)"
29139,29,139,Montgomery County,Missouri,535.0444509652509,151982.4,284.05565131236295,537,METOLACHLOR & METOLACHLOR-S<br>GLYPHOSATE<br>GLUFOSINATE<br>ATRAZINE<br>ACETOCHLOR,537,29139,"Montgomery County, Missouri(6)"
29141,29,141,Morgan County,Missouri,597.6319193050193,20892.5,34.95880880039958,464.7,"GLYPHOSATE<br>ATRAZINE<br>METOLACHLOR & METOLACHLOR-S<br>GLUFOSINATE<br>2,4-D",464.7,29141,"Morgan County, Missouri(6)"
29143,29,143,New Madrid County,Missouri,674.8806563706564,866146,1283.4061723711595,483.6,GLYPHOSATE<br>METOLACHLOR & METOLACHLOR-S<br>DICAMBA<br>ETHEPHON<br>ACETOCHLOR,483.6,29143,"New Madrid County, Missouri(6)"
29145,29,145,Newton County,Missouri,624.7516733590734,35610.1,56.99880691561309,434.9,"2,4-D<br>GLYPHOSATE<br>ATRAZINE<br>METOLACHLOR & METOLACHLOR-S<br>TRICLOPYR",434.9,29145,"Newton County, Missouri(6)"
29147,29,147,Nodaway County,Missouri,876.9600814671815,393093.7,448.2458304628211,406.3,"GLYPHOSATE<br>ATRAZINE<br>METOLACHLOR & METOLACHLOR-S<br>ACETOCHLOR<br>2,4-D",406.3,29147,"Nodaway County, Missouri(6)"
29149,29,149,Oregon County,Missouri,789.8407702702702,7760,9.824765056562804,546.3,"2,4-D<br>TRICLOPYR<br>PICLORAM<br>FLUROXYPYR<br>GLYPHOSATE",546.3,29149,"Oregon County, Missouri(6)"
29151,29,151,Osage County,Missouri,606.5769733590733,28118.6,46.35619424239951,496.1,"GLYPHOSATE<br>ATRAZINE<br>METOLACHLOR & METOLACHLOR-S<br>GLUFOSINATE<br>2,4-D",496.1,29151,"Osage County, Missouri(6)"
29153,29,153,Ozark County,Missouri,745.0029393822393,8732.699999999999,11.721698718720765,459.4,"2,4-D<br>TRICLOPYR<br>PICLORAM<br>FLUROXYPYR<br>GLYPHOSATE",459.4,29153,"Ozark County, Missouri(6)"
29155,29,155,Pemiscot County,Missouri,492.60271776061774,546555.1,1109.5251412429288,420.4,GLYPHOSATE<br>DICAMBA<br>METOLACHLOR & METOLACHLOR-S<br>ACETOCHLOR<br>PROPANIL,420.4,29155,"Pemiscot County, Missouri(6)"
29157,29,157,Perry County,Missouri,474.3529455598456,101944.7,214.9131800576927,467.5,METOLACHLOR & METOLACHLOR-S<br>GLUFOSINATE<br>GLYPHOSATE<br>ATRAZINE<br>METAM,467.5,29157,"Perry County, Missouri(6)"
29159,29,159,Pettis County,Missouri,682.2339594594595,159620.6,233.96753824226067,474.2,"GLYPHOSATE<br>ATRAZINE<br>METOLACHLOR & METOLACHLOR-S<br>GLUFOSINATE<br>2,4-D",474.2,29159,"Pettis County, Missouri(6)"
29161,29,161,Phelps County,Missouri,671.7843146718146,3625.3,5.396523736597007,457.1,"2,4-D<br>GLYPHOSATE<br>ATRAZINE<br>CAPTAN<br>METOLACHLOR & METOLACHLOR-S",457.1,29161,"Phelps County, Missouri(6)"
29163,29,163,Pike County,Missouri,670.4357247104247,162496.2,242.3740173902361,477.1,GLYPHOSATE<br>METOLACHLOR & METOLACHLOR-S<br>ATRAZINE<br>GLUFOSINATE<br>ACETOCHLOR,477.1,29163,"Pike County, Missouri(6)"
29165,29,165,Platte County,Missouri,419.82071544401543,124866.4,297.42791483725955,394.3,GLYPHOSATE<br>ATRAZINE<br>METOLACHLOR & METOLACHLOR-S<br>ACETOCHLOR<br>GLUFOSINATE,394.3,29165,"Platte County, Missouri(6)"
29167,29,167,Polk County,Missouri,635.5237166023167,15048.5,23.678896014224915,436.1,"GLYPHOSATE<br>2,4-D<br>ATRAZINE<br>METOLACHLOR & METOLACHLOR-S<br>GLUFOSINATE",436.1,29167,"Polk County, Missouri(6)"
29169,29,169,Pulaski County,Missouri,547.1098783783784,2826,5.165324392197417,476.2,"2,4-D<br>GLYPHOSATE<br>ATRAZINE<br>CAPTAN<br>METOLACHLOR & METOLACHLOR-S",476.2,29169,"Pulaski County, Missouri(6)"
29171,29,171,Putnam County,Missouri,517.314901930502,48404.8,93.56931304194846,443.5,"GLYPHOSATE<br>METOLACHLOR & METOLACHLOR-S<br>ATRAZINE<br>GLUFOSINATE<br>2,4-D",443.5,29171,"Putnam County, Missouri(6)"
29173,29,173,Ralls County,Missouri,469.7912934362934,136599.7,290.7667764569242,419.4,GLYPHOSATE<br>METOLACHLOR & METOLACHLOR-S<br>ATRAZINE<br>GLUFOSINATE<br>ACETOCHLOR,419.4,29173,"Ralls County, Missouri(6)"
29175,29,175,Randolph County,Missouri,482.7106644787645,78592,162.81388786979542,490.6,"GLYPHOSATE<br>METOLACHLOR & METOLACHLOR-S<br>ATRAZINE<br>GLUFOSINATE<br>2,4-D",490.6,29175,"Randolph County, Missouri(6)"
29177,29,177,Ray County,Missouri,568.9765247104247,165983.6,291.7231077054995,428.1,"GLYPHOSATE<br>ATRAZINE<br>METOLACHLOR & METOLACHLOR-S<br>ACETOCHLOR<br>2,4-D",428.1,29177,"Ray County, Missouri(6)"
29179,29,179,Reynolds County,Missouri,808.4735096525096,1765.9,2.1842397789372248,459.9,"2,4-D<br>TRICLOPYR<br>PICLORAM<br>GLYPHOSATE<br>FLUROXYPYR",459.9,29179,"Reynolds County, Missouri(6)"
29181,29,181,Ripley County,Missouri,629.5128138996139,20233.9,32.14215747993754,561.3,"GLYPHOSATE<br>2,4-D<br>PROPANIL<br>ATRAZINE<br>THIOBENCARB",561.3,29181,"Ripley County, Missouri(6)"
29183,29,183,St. Charles County,Missouri,560.498866023166,111343.3,198.6503572968836,451.6,METOLACHLOR & METOLACHLOR-S<br>GLYPHOSATE<br>GLUFOSINATE<br>ATRAZINE<br>ACETOCHLOR,451.6,29183,"St. Charles County, Missouri(6)"
29185,29,185,St. Clair County,Missouri,674.9780957528958,60389.7,89.46912556123628,444.8,"GLYPHOSATE<br>ATRAZINE<br>2,4-D<br>GLUFOSINATE<br>ACETOCHLOR",444.8,29185,"St. Clair County, Missouri(6)"
29186,29,186,Ste. Genevieve County,Missouri,499.1610563706563,44433.7,89.01676008756054,466.8,METOLACHLOR & METOLACHLOR-S<br>GLUFOSINATE<br>GLYPHOSATE<br>METAM<br>ATRAZINE,466.8,29186,"Ste. Genevieve County, Missouri(6)"
29187,29,187,St. Francois County,Missouri,451.8841772200772,13751.5,30.43147048121299,523.5,METAM<br>METOLACHLOR & METOLACHLOR-S<br>GLUFOSINATE<br>GLYPHOSATE<br>ATRAZINE,523.5,29187,"St. Francois County, Missouri(6)"
29189,29,189,St. Louis County,Missouri,507.9922640926641,19876.3,39.127170638122784,458.4,METAM<br>METOLACHLOR & METOLACHLOR-S<br>GLUFOSINATE<br>GLYPHOSATE<br>ATRAZINE,458.4,29189,"St. Louis County, Missouri(6)"
29195,29,195,Saline County,Missouri,755.506545945946,295343.7,390.9214309059486,451.8,"GLYPHOSATE<br>ATRAZINE<br>METOLACHLOR & METOLACHLOR-S<br>GLUFOSINATE<br>2,4-D",451.8,29195,"Saline County, Missouri(6)"
29197,29,197,Schuyler County,Missouri,307.3036308880309,36632.4,119.20588082262972,398.8,"GLYPHOSATE<br>METOLACHLOR & METOLACHLOR-S<br>ATRAZINE<br>GLUFOSINATE<br>2,4-D",398.8,29197,"Schuyler County, Missouri(6)"
29199,29,199,Scotland County,Missouri,436.50515945945943,133325.1,305.43762682003904,293.6,GLYPHOSATE<br>METOLACHLOR & METOLACHLOR-S<br>ATRAZINE<br>GLUFOSINATE<br>ACETOCHLOR,293.6,29199,"Scotland County, Missouri(6)"
29201,29,201,Scott County,Missouri,420.004071042471,384928.8,916.488259374695,506.9,GLYPHOSATE<br>ATRAZINE<br>METOLACHLOR & METOLACHLOR-S<br>DICAMBA<br>ACETOCHLOR,506.9,29201,"Scott County, Missouri(6)"
29203,29,203,Shannon County,Missouri,1003.8152216216216,3852.6,3.8379573421653097,462.8,"2,4-D<br>TRICLOPYR<br>GLYPHOSATE<br>PICLORAM<br>FLUROXYPYR",462.8,29203,"Shannon County, Missouri(6)"
29205,29,205,Shelby County,Missouri,500.8610899613899,177697.6,354.78419777766777,466,GLYPHOSATE<br>METOLACHLOR & METOLACHLOR-S<br>GLUFOSINATE<br>ATRAZINE<br>ACETOCHLOR,466,29205,"Shelby County, Missouri(6)"
29207,29,207,Stoddard County,Missouri,823.1386644787644,853037,1036.32235589391,510.7,GLYPHOSATE<br>METOLACHLOR & METOLACHLOR-S<br>ATRAZINE<br>DICAMBA<br>ACETOCHLOR,510.7,29207,"Stoddard County, Missouri(6)"
29209,29,209,Stone County,Missouri,463.8120803088803,9547.3,20.584414260279463,434.8,"2,4-D<br>TRICLOPYR<br>GLYPHOSATE<br>AMINOPYRALID<br>ATRAZINE",434.8,29209,"Stone County, Missouri(6)"
29211,29,211,Sullivan County,Missouri,647.9791166023166,53174.6,82.06221255836364,382.5,"GLYPHOSATE<br>METOLACHLOR & METOLACHLOR-S<br>GLUFOSINATE<br>2,4-D<br>ATRAZINE",382.5,29211,"Sullivan County, Missouri(6)"
29213,29,213,Taney County,Missouri,632.26021003861,4328.5,6.84607370711447,444.5,"2,4-D<br>TRICLOPYR<br>ATRAZINE<br>GLYPHOSATE<br>PICLORAM",444.5,29213,"Taney County, Missouri(6)"
29215,29,215,Texas County,Missouri,1177.261318918919,16349.6,13.887825699576934,413.5,"2,4-D<br>TRICLOPYR<br>ATRAZINE<br>PICLORAM<br>GLYPHOSATE",413.5,29215,"Texas County, Missouri(6)"
29217,29,217,Vernon County,Missouri,826.3875915057915,206414.9,249.7797669298056,391.2,"GLYPHOSATE<br>ATRAZINE<br>ACETOCHLOR<br>2,4-D<br>GLUFOSINATE",391.2,29217,"Vernon County, Missouri(6)"
29219,29,219,Warren County,Missouri,428.5895575289575,63497.8,148.1552662320985,465.3,METOLACHLOR & METOLACHLOR-S<br>GLYPHOSATE<br>GLUFOSINATE<br>ATRAZINE<br>ACETOCHLOR,465.3,29219,"Warren County, Missouri(6)"
29221,29,221,Washington County,Missouri,759.8625347490347,8967.300000000001,11.801213495756434,477,METAM<br>METOLACHLOR & METOLACHLOR-S<br>MANCOZEB<br>CHLOROTHALONIL<br>GLYPHOSATE,477,29221,"Washington County, Missouri(6)"
29223,29,223,Wayne County,Missouri,759.181998069498,17125.1,22.55730515679629,500,"ATRAZINE<br>GLYPHOSATE<br>2,4-D<br>METOLACHLOR & METOLACHLOR-S<br>GLUFOSINATE",500,29223,"Wayne County, Missouri(6)"
29225,29,225,Webster County,Missouri,592.5604451737452,10082.9,17.015816837122134,440.1,"2,4-D<br>TRICLOPYR<br>GLYPHOSATE<br>PICLORAM<br>ATRAZINE",440.1,29225,"Webster County, Missouri(6)"
29227,29,227,Worth County,Missouri,266.6274065637066,49220.9,184.60555362390855,506.5,"GLYPHOSATE<br>ATRAZINE<br>METOLACHLOR & METOLACHLOR-S<br>2,4-D<br>GLUFOSINATE",506.5,29227,"Worth County, Missouri(6)"
29229,29,229,Wright County,Missouri,681.7710305019305,11302.9,16.578733173333323,453.9,"2,4-D<br>TRICLOPYR<br>ATRAZINE<br>PICLORAM<br>GLYPHOSATE",453.9,29229,"Wright County, Missouri(6)"
29510,29,510,St. Louis city,Missouri,61.71937335907336,NA,NA,430.4,NA,430.4,29510,"St. Louis City, Missouri(6)"
30001,30,001,Beaverhead County,Montana,5542.661049806949,3393.2,0.6121969157970042,370.3,"2,4-D<br>GLYPHOSATE<br>METRIBUZIN<br>MCPA<br>FLUROXYPYR",370.3,30001,"Beaverhead County, Montana(6)"
30003,30,003,Big Horn County,Montana,4997.754433976834,92199.3,18.448145305657764,456.7,"GLYPHOSATE<br>2,4-D<br>DICAMBA<br>MCPA<br>FLUROXYPYR",456.7,30003,"Big Horn County, Montana(6)"
30005,30,005,Blaine County,Montana,4227.4974231660235,328986.39999999997,77.82060331892954,352.7,"GLYPHOSATE<br>2,4-D<br>DICHLOROPROPENE<br>DICAMBA<br>BROMOXYNIL",352.7,30005,"Blaine County, Montana(6)"
30007,30,007,Broadwater County,Montana,1192.3536127413126,59509.7,49.90943908257436,505,"GLYPHOSATE<br>2,4-D<br>DICAMBA<br>PENDIMETHALIN<br>BROMOXYNIL",505,30007,"Broadwater County, Montana(6)"
30009,30,009,Carbon County,Montana,2047.879336679537,23905,11.673051029832616,435,"GLYPHOSATE<br>2,4-D<br>ATRAZINE<br>DICAMBA<br>DIMETHENAMID & DIMETHENAMID-P",435,30009,"Carbon County, Montana(6)"
30011,30,011,Carter County,Montana,3340.461871042471,18832.6,5.6377233828814335,446.3,"GLYPHOSATE<br>2,4-D<br>DICAMBA<br>FLUROXYPYR<br>ACETOCHLOR",446.3,30011,"Carter County, Montana(6)"
30013,30,013,Cascade County,Montana,2698.19314015444,204975.8,75.96780117388762,419.6,"GLYPHOSATE<br>2,4-D<br>DICAMBA<br>BROMOXYNIL<br>MCPA",419.6,30013,"Cascade County, Montana(6)"
30015,30,015,Chouteau County,Montana,3972.501398069498,818946.1,206.15376004599528,356,"GLYPHOSATE<br>2,4-D<br>DICAMBA<br>BROMOXYNIL<br>PARAQUAT",356,30015,"Chouteau County, Montana(6)"
30017,30,017,Custer County,Montana,3783.2910146718145,13558.5,3.583784579991171,458.2,"GLYPHOSATE<br>2,4-D<br>ACETOCHLOR<br>DICAMBA<br>METOLACHLOR & METOLACHLOR-S",458.2,30017,"Custer County, Montana(6)"
30019,30,019,Daniels County,Montana,1426.2633042471043,185441.9,130.01940065890642,287.7,"GLYPHOSATE<br>2,4-D<br>BROMOXYNIL<br>MCPA<br>FLUROXYPYR",287.7,30019,"Daniels County, Montana(6)"
30021,30,021,Dawson County,Montana,2371.9150714285715,113464.7,47.83674650360132,425.2,"GLYPHOSATE<br>2,4-D<br>BROMOXYNIL<br>MCPA<br>FLUROXYPYR",425.2,30021,"Dawson County, Montana(6)"
30023,30,023,Deer Lodge County,Montana,736.6791,8088.6,10.979814684575686,417.3,"GLYPHOSATE<br>2,4-D<br>DICAMBA<br>PARAQUAT<br>MCPA",417.3,30023,"Deer Lodge County, Montana(6)"
30025,30,025,Fallon County,Montana,1620.587025868726,21555.7,13.301167821237453,490.7,"GLYPHOSATE<br>2,4-D<br>ACETOCHLOR<br>DICAMBA<br>METOLACHLOR & METOLACHLOR-S",490.7,30025,"Fallon County, Montana(6)"
30027,30,027,Fergus County,Montana,4339.309281467182,213504.1,49.2023237227772,410.7,"GLYPHOSATE<br>2,4-D<br>DICAMBA<br>BROMOXYNIL<br>MCPA",410.7,30027,"Fergus County, Montana(6)"
30029,30,029,Flathead County,Montana,5087.278605405405,21408.3,4.208202785916415,486.3,"GLYPHOSATE<br>2,4-D<br>METAM POTASSIUM<br>DICHLOROPROPENE<br>BROMOXYNIL",486.3,30029,"Flathead County, Montana(6)"
30031,30,031,Gallatin County,Montana,2605.3419826254826,31874.3,12.234209640255862,431.4,"2,4-D<br>GLYPHOSATE<br>EPTC<br>FLUROXYPYR<br>MCPA",431.4,30031,"Gallatin County, Montana(6)"
30033,30,033,Garfield County,Montana,4676.537933976834,63151.5,13.503899870282297,299.3,"GLYPHOSATE<br>2,4-D<br>BROMOXYNIL<br>MCPA<br>DICAMBA",299.3,30033,"Garfield County, Montana(6)"
30035,30,035,Glacier County,Montana,2995.1371216216216,228425.6,76.2654899340055,475.5,"GLYPHOSATE<br>2,4-D<br>BROMOXYNIL<br>DICAMBA<br>MCPA",475.5,30035,"Glacier County, Montana(6)"
30037,30,037,Golden Valley County,Montana,1174.41721003861,27353.2,23.290871222076813,571.9,"GLYPHOSATE<br>2,4-D<br>DICAMBA<br>BROMOXYNIL<br>FLUROXYPYR",571.9,30037,"Golden Valley County, Montana(6)"
30039,30,039,Granite County,Montana,1727.154044015444,9138.1,5.290842488348589,390.3,"GLYPHOSATE<br>2,4-D<br>DICAMBA<br>PARAQUAT<br>PICLORAM",390.3,30039,"Granite County, Montana(6)"
30041,30,041,Hill County,Montana,2899.3829888030887,776155,267.69661096770426,461.3,"GLYPHOSATE<br>2,4-D<br>DICAMBA<br>DICHLOROPROPENE<br>BROMOXYNIL",461.3,30041,"Hill County, Montana(6)"
30043,30,043,Jefferson County,Montana,1656.9895833976834,3455,2.0851066504084277,537.7,"2,4-D<br>FLUROXYPYR<br>GLYPHOSATE<br>MCPA<br>PROPICONAZOLE",537.7,30043,"Jefferson County, Montana(6)"
30045,30,045,Judith Basin County,Montana,1869.6782073359072,78735,42.111524695037765,377.7,"GLYPHOSATE<br>2,4-D<br>DICAMBA<br>BROMOXYNIL<br>MCPA",377.7,30045,"Judith Basin County, Montana(6)"
30047,30,047,Lake County,Montana,1490.4627420849422,80581.2,54.0645517158507,470.2,METAM POTASSIUM<br>DICHLOROPROPENE<br>METAM<br>SULFURIC ACID<br>GLYPHOSATE,470.2,30047,"Lake County, Montana(6)"
30049,30,049,Lewis and Clark County,Montana,3458.3647563706563,15035.8,4.347661701184799,476.4,"GLYPHOSATE<br>2,4-D<br>DICAMBA<br>MCPA<br>BROMOXYNIL",476.4,30049,"Lewis and Clark County, Montana(6)"
30051,30,051,Liberty County,Montana,1429.9812247104246,440846.6,308.28838335921,512.4,"GLYPHOSATE<br>2,4-D<br>DICAMBA<br>BROMOXYNIL<br>PARAQUAT",512.4,30051,"Liberty County, Montana(6)"
30053,30,053,Lincoln County,Montana,3612.542172972973,7341.1,2.0321146850331653,468.1,"METAM POTASSIUM<br>GLYPHOSATE<br>DICHLOROPROPENE<br>METAM<br>2,4-D",468.1,30053,"Lincoln County, Montana(6)"
30055,30,055,McCone County,Montana,2642.2131397683397,173629.4,65.71362369926872,474.8,"GLYPHOSATE<br>2,4-D<br>BROMOXYNIL<br>MCPA<br>FLUROXYPYR",474.8,30055,"McCone County, Montana(6)"
30057,30,057,Madison County,Montana,3588.139703861004,7569.4,2.109561116545985,417.9,"GLYPHOSATE<br>2,4-D<br>MCPA<br>FLUROXYPYR<br>METRIBUZIN",417.9,30057,"Madison County, Montana(6)"
30059,30,059,Meagher County,Montana,2391.8571146718145,17908.2,7.487152928220453,424.6,"GLYPHOSATE<br>2,4-D<br>DICAMBA<br>MCPA<br>BROMOXYNIL",424.6,30059,"Meagher County, Montana(6)"
30061,30,061,Mineral County,Montana,1219.6138281853282,852.4,0.6989097534817983,395.6,"GLYPHOSATE<br>2,4-D<br>DICAMBA<br>PARAQUAT<br>PETROLEUM OIL",395.6,30061,"Mineral County, Montana(6)"
30063,30,063,Missoula County,Montana,2592.9989401544403,2963.7000000000003,1.142962287452181,436.4,"GLYPHOSATE<br>2,4-D<br>MCPA<br>BROMOXYNIL<br>FLUROXYPYR",436.4,30063,"Missoula County, Montana(6)"
30065,30,065,Musselshell County,Montana,1868.948933976834,36900,19.74371762072841,538,"GLYPHOSATE<br>2,4-D<br>DICAMBA<br>BROMOXYNIL<br>ATRAZINE",538,30065,"Musselshell County, Montana(6)"
30067,30,067,Park County,Montana,2802.466514671815,16843.9,6.010384035568939,386.2,"GLYPHOSATE<br>2,4-D<br>DICAMBA<br>MCPA<br>SULFURIC ACID",386.2,30067,"Park County, Montana(6)"
30069,30,069,Petroleum County,Montana,1655.616933976834,24444.3,14.76446604184228,503.7,"GLYPHOSATE<br>2,4-D<br>DICAMBA<br>BROMOXYNIL<br>MCPA",503.7,30069,"Petroleum County, Montana(6)"
30071,30,071,Phillips County,Montana,5140.397747876448,204657.9,39.81363116979543,487,"GLYPHOSATE<br>2,4-D<br>DICAMBA<br>BROMOXYNIL<br>PARAQUAT",487,30071,"Phillips County, Montana(6)"
30073,30,073,Pondera County,Montana,1624.559218918919,361879.7,222.7556224394312,445.9,"GLYPHOSATE<br>2,4-D<br>DICHLOROPROPENE<br>DICAMBA<br>BROMOXYNIL",445.9,30073,"Pondera County, Montana(6)"
30075,30,075,Powder River County,Montana,3298.18101003861,7962.1,2.4140882431151924,369,"GLYPHOSATE<br>2,4-D<br>DICAMBA<br>FLUROXYPYR<br>CLOPYRALID",369,30075,"Powder River County, Montana(6)"
30077,30,077,Powell County,Montana,2326.032262162162,2366.6,1.0174407459852377,511.2,"2,4-D<br>GLYPHOSATE<br>PICLORAM<br>CLOPYRALID<br>PETROLEUM OIL",511.2,30077,"Powell County, Montana(6)"
30079,30,079,Prairie County,Montana,1736.5946718146718,30883,17.783654701490306,563,"GLYPHOSATE<br>2,4-D<br>DICAMBA<br>ACETOCHLOR<br>FLUROXYPYR",563,30079,"Prairie County, Montana(6)"
30081,30,081,Ravalli County,Montana,2390.955485328185,3450.7,1.4432305499516036,430,"GLYPHOSATE<br>2,4-D<br>ATRAZINE<br>METAM POTASSIUM<br>DICAMBA",430,30081,"Ravalli County, Montana(6)"
30083,30,083,Richland County,Montana,2084.546144401545,163566.4,78.46619295969506,354.9,"GLYPHOSATE<br>2,4-D<br>BROMOXYNIL<br>MCPA<br>FLUROXYPYR",354.9,30083,"Richland County, Montana(6)"
30085,30,085,Roosevelt County,Montana,2354.5913864864865,198543.1,84.3216793960439,494.1,"GLYPHOSATE<br>2,4-D<br>BROMOXYNIL<br>MCPA<br>FLUROXYPYR",494.1,30085,"Roosevelt County, Montana(6)"
30087,30,087,Rosebud County,Montana,5008.11204015444,31190.3,6.227955714632564,602.9,"GLYPHOSATE<br>2,4-D<br>DICAMBA<br>ACETOCHLOR<br>FLUROXYPYR",602.9,30087,"Rosebud County, Montana(6)"
30089,30,089,Sanders County,Montana,2760.38768996139,3322.4,1.203599049540201,442.5,"GLYPHOSATE<br>2,4-D<br>BROMOXYNIL<br>PICLORAM<br>DICAMBA",442.5,30089,"Sanders County, Montana(6)"
30091,30,091,Sheridan County,Montana,1676.9331027027026,239150.1,142.61159232563497,407.1,"GLYPHOSATE<br>2,4-D<br>BROMOXYNIL<br>MCPA<br>FLUROXYPYR",407.1,30091,"Sheridan County, Montana(6)"
30093,30,093,Silver Bow County,Montana,717.9864864864865,100.4,0.13983550093165947,479.9,"2,4-D<br>METRIBUZIN<br>GLYPHOSATE<br>PICLORAM<br>DICAMBA",479.9,30093,"Silver Bow County, Montana(6)"
30095,30,095,Stillwater County,Montana,1796.5223046332046,46885.9,26.09814522151045,507.4,"GLYPHOSATE<br>2,4-D<br>DICAMBA<br>ATRAZINE<br>MCPA",507.4,30095,"Stillwater County, Montana(6)"
30097,30,097,Sweet Grass County,Montana,1855.52756023166,7244.5,3.904280461938024,435.9,"GLYPHOSATE<br>2,4-D<br>DICAMBA<br>MCPA<br>CARBARYL",435.9,30097,"Sweet Grass County, Montana(6)"
30099,30,099,Teton County,Montana,2271.6052378378376,249910.4,110.0148898396933,455.6,"GLYPHOSATE<br>2,4-D<br>DICHLOROPROPENE<br>BROMOXYNIL<br>MCPA",455.6,30099,"Teton County, Montana(6)"
30101,30,101,Toole County,Montana,1914.855366023166,430105.1,224.6149279113734,387.8,"GLYPHOSATE<br>2,4-D<br>DICHLOROPROPENE<br>DICAMBA<br>BROMOXYNIL",387.8,30101,"Toole County, Montana(6)"
30103,30,103,Treasure County,Montana,977.7961675675676,26783.4,27.391598462313684,508.3,"GLYPHOSATE<br>2,4-D<br>ATRAZINE<br>DICAMBA<br>DIMETHENAMID & DIMETHENAMID-P",508.3,30103,"Treasure County, Montana(6)"
30105,30,105,Valley County,Montana,4926.092614285714,230781.6,46.84881468341282,463.4,"GLYPHOSATE<br>2,4-D<br>BROMOXYNIL<br>MCPA<br>FLUROXYPYR",463.4,30105,"Valley County, Montana(6)"
30107,30,107,Wheatland County,Montana,1422.4742837837837,35200,24.74561431533788,626,"GLYPHOSATE<br>2,4-D<br>DICAMBA<br>BROMOXYNIL<br>MCPA",626,30107,"Wheatland County, Montana(6)"
30109,30,109,Wibaux County,Montana,889.5673756756756,23767.9,26.71849333722133,403.7,"GLYPHOSATE<br>2,4-D<br>DICAMBA<br>FLUROXYPYR<br>CLOPYRALID",403.7,30109,"Wibaux County, Montana(6)"
30111,30,111,Yellowstone County,Montana,2633.3881563706564,110707.3,42.039871612613744,504.6,"GLYPHOSATE<br>2,4-D<br>DICAMBA<br>ATRAZINE<br>MCPA",504.6,30111,"Yellowstone County, Montana(6)"
31001,31,001,Adams County,Nebraska,563.2574405405405,326628,579.8911412276158,466.4,GLYPHOSATE<br>METOLACHLOR & METOLACHLOR-S<br>ATRAZINE<br>ACETOCHLOR<br>GLUFOSINATE,466.4,31001,"Adams County, Nebraska(6)"
31003,31,003,Antelope County,Nebraska,857.1530243243243,415339.7,484.5572356550962,505.1,"GLYPHOSATE<br>ATRAZINE<br>ACETOCHLOR<br>2,4-D<br>METOLACHLOR & METOLACHLOR-S",505.1,31003,"Antelope County, Nebraska(6)"
31005,31,005,Arthur County,Nebraska,715.1484795366796,1770.6999999999998,2.475989323429977,NA,"GLYPHOSATE<br>ATRAZINE<br>2,4-D<br>CHLORPYRIFOS<br>AZOXYSTROBIN",*,31005,"Arthur County, Nebraska(6)"
31007,31,007,Banner County,Nebraska,746.0353548262548,78272.2,104.91754779936524,NA,"GLYPHOSATE<br>METOLACHLOR & METOLACHLOR-S<br>ATRAZINE<br>2,4-D<br>DICAMBA",*,31007,"Banner County, Nebraska(6)"
31009,31,009,Blaine County,Nebraska,710.698796911197,1623,2.283667859089955,556.6,"GLYPHOSATE<br>CHLORPYRIFOS<br>ATRAZINE<br>2,4-D<br>DICAMBA",556.6,31009,"Blaine County, Nebraska(6)"
31011,31,011,Boone County,Nebraska,686.5266513513513,330420.7,481.2933326763114,532.1,"GLYPHOSATE<br>ATRAZINE<br>ACETOCHLOR<br>2,4-D<br>METOLACHLOR & METOLACHLOR-S",532.1,31011,"Boone County, Nebraska(6)"
31013,31,013,Box Butte County,Nebraska,1075.1556652509653,254371.9,236.59076375756615,429.4,"GLYPHOSATE<br>METOLACHLOR & METOLACHLOR-S<br>ATRAZINE<br>2,4-D<br>EPTC",429.4,31013,"Box Butte County, Nebraska(6)"
31015,31,015,Boyd County,Nebraska,539.365744015444,36582.7,67.82540494257364,432.4,"GLYPHOSATE<br>ATRAZINE<br>CHLORPYRIFOS<br>DICAMBA<br>2,4-D",432.4,31015,"Boyd County, Nebraska(6)"
31017,31,017,Brown County,Nebraska,1221.3990316602317,17512.3,14.33790231206894,421.7,"GLYPHOSATE<br>ATRAZINE<br>DICAMBA<br>2,4-D<br>AZOXYSTROBIN",421.7,31017,"Brown County, Nebraska(6)"
31019,31,019,Buffalo County,Nebraska,968.2416212355212,297979.9,307.75365721188876,452.4,GLYPHOSATE<br>ATRAZINE<br>ACETOCHLOR<br>METOLACHLOR & METOLACHLOR-S<br>DICAMBA,452.4,31019,"Buffalo County, Nebraska(6)"
31021,31,021,Burt County,Nebraska,491.5843667953668,281061.6,571.7464162504547,487.3,"GLYPHOSATE<br>ATRAZINE<br>ACETOCHLOR<br>2,4-D<br>METOLACHLOR & METOLACHLOR-S",487.3,31021,"Burt County, Nebraska(6)"
31023,31,023,Butler County,Nebraska,584.7859498069498,379422.9,648.8235569360986,439.8,"GLYPHOSATE<br>ATRAZINE<br>ACETOCHLOR<br>METOLACHLOR & METOLACHLOR-S<br>2,4-D",439.8,31023,"Butler County, Nebraska(6)"
31025,31,025,Cass County,Nebraska,556.9040451737452,344226.3,618.107020380157,496.5,"GLYPHOSATE<br>ATRAZINE<br>ACETOCHLOR<br>METOLACHLOR & METOLACHLOR-S<br>2,4-D",496.5,31025,"Cass County, Nebraska(6)"
31027,31,027,Cedar County,Nebraska,740.1853432432432,357872.1,483.4898492206355,485.5,"GLYPHOSATE<br>ATRAZINE<br>ACETOCHLOR<br>2,4-D<br>METOLACHLOR & METOLACHLOR-S",485.5,31027,"Cedar County, Nebraska(6)"
31029,31,029,Chase County,Nebraska,894.4203918918919,273730.10000000003,306.04188196224135,415.5,"GLYPHOSATE<br>ATRAZINE<br>DICAMBA<br>ACETOCHLOR<br>2,4-D",415.5,31029,"Chase County, Nebraska(6)"
31031,31,031,Cherry County,Nebraska,5960.071705791505,25176,4.224110252823979,410.1,GLYPHOSATE<br>METAM<br>CHLORPYRIFOS<br>EPTC<br>ATRAZINE,410.1,31031,"Cherry County, Nebraska(6)"
31033,31,033,Cheyenne County,Nebraska,1196.0021015444015,214881.4,179.66640670825154,351.2,"GLYPHOSATE<br>2,4-D<br>METOLACHLOR & METOLACHLOR-S<br>ATRAZINE<br>DICAMBA",351.2,31033,"Cheyenne County, Nebraska(6)"
31035,31,035,Clay County,Nebraska,572.286823938224,465882.2,814.071162418183,518.1,"GLYPHOSATE<br>ACETOCHLOR<br>ATRAZINE<br>METOLACHLOR & METOLACHLOR-S<br>2,4-D",518.1,31035,"Clay County, Nebraska(6)"
31037,31,037,Colfax County,Nebraska,411.4576656370657,270777,658.0920046312715,408.2,"GLYPHOSATE<br>ATRAZINE<br>ACETOCHLOR<br>METOLACHLOR & METOLACHLOR-S<br>2,4-D",408.2,31037,"Colfax County, Nebraska(6)"
31039,31,039,Cuming County,Nebraska,570.487661003861,327073.6,573.3228294972472,448.3,"GLYPHOSATE<br>ATRAZINE<br>ACETOCHLOR<br>2,4-D<br>METOLACHLOR & METOLACHLOR-S",448.3,31039,"Cuming County, Nebraska(6)"
31041,31,041,Custer County,Nebraska,2575.4459540540543,338893.2,131.58622081218297,454.2,"GLYPHOSATE<br>ATRAZINE<br>ACETOCHLOR<br>METOLACHLOR & METOLACHLOR-S<br>2,4-D",454.2,31041,"Custer County, Nebraska(6)"
31043,31,043,Dakota County,Nebraska,264.27506023166023,154381.5,584.1697656399023,390.8,"GLYPHOSATE<br>ATRAZINE<br>ACETOCHLOR<br>2,4-D<br>METOLACHLOR & METOLACHLOR-S",390.8,31043,"Dakota County, Nebraska(6)"
31045,31,045,Dawes County,Nebraska,1396.4310104247104,46909.4,33.59235053490611,316.2,"GLYPHOSATE<br>2,4-D<br>METOLACHLOR & METOLACHLOR-S<br>ATRAZINE<br>DICAMBA",316.2,31045,"Dawes County, Nebraska(6)"
31047,31,047,Dawson County,Nebraska,1013.7816683397684,284529.5,280.66151606978957,393.8,"GLYPHOSATE<br>ATRAZINE<br>ACETOCHLOR<br>METOLACHLOR & METOLACHLOR-S<br>2,4-D",393.8,31047,"Dawson County, Nebraska(6)"
31049,31,049,Deuel County,Nebraska,439.82340733590735,120511.9,274.000651147612,381.4,"GLYPHOSATE<br>METOLACHLOR & METOLACHLOR-S<br>2,4-D<br>ATRAZINE<br>DICAMBA",381.4,31049,"Deuel County, Nebraska(6)"
31051,31,051,Dixon County,Nebraska,475.6185783783784,223490.4,469.8941760475181,462.4,"GLYPHOSATE<br>ATRAZINE<br>ACETOCHLOR<br>2,4-D<br>METOLACHLOR & METOLACHLOR-S",462.4,31051,"Dixon County, Nebraska(6)"
31053,31,053,Dodge County,Nebraska,528.841918918919,366554.5,693.1267868275764,485.3,"GLYPHOSATE<br>ATRAZINE<br>ACETOCHLOR<br>METOLACHLOR & METOLACHLOR-S<br>2,4-D",485.3,31053,"Dodge County, Nebraska(6)"
31055,31,055,Douglas County,Nebraska,326.5457590733591,89858.2,275.1779727747534,485.5,"GLYPHOSATE<br>ATRAZINE<br>ACETOCHLOR<br>METOLACHLOR & METOLACHLOR-S<br>2,4-D",485.5,31055,"Douglas County, Nebraska(6)"
31057,31,057,Dundy County,Nebraska,919.6742111969112,155870.4,169.48436533535312,413.9,"GLYPHOSATE<br>ATRAZINE<br>DICAMBA<br>2,4-D<br>ACETOCHLOR",413.9,31057,"Dundy County, Nebraska(6)"
31059,31,059,Fillmore County,Nebraska,575.3670799227799,533538.6,927.301228411619,434.9,"GLYPHOSATE<br>ACETOCHLOR<br>ATRAZINE<br>METOLACHLOR & METOLACHLOR-S<br>2,4-D",434.9,31059,"Fillmore County, Nebraska(6)"
31061,31,061,Franklin County,Nebraska,575.8130725868726,186969.3,324.70485458072335,532.9,GLYPHOSATE<br>METOLACHLOR & METOLACHLOR-S<br>ATRAZINE<br>ACETOCHLOR<br>GLUFOSINATE,532.9,31061,"Franklin County, Nebraska(6)"
31063,31,063,Frontier County,Nebraska,974.6508166023166,187301.5,192.17292676462608,418.2,"GLYPHOSATE<br>ATRAZINE<br>ACETOCHLOR<br>DICAMBA<br>2,4-D",418.2,31063,"Frontier County, Nebraska(6)"
31065,31,065,Furnas County,Nebraska,719.2010926640927,234556.9,326.1353498937901,483.7,"GLYPHOSATE<br>METOLACHLOR & METOLACHLOR-S<br>ACETOCHLOR<br>ATRAZINE<br>2,4-D",483.7,31065,"Furnas County, Nebraska(6)"
31067,31,067,Gage County,Nebraska,851.4644308880308,603154.9,708.3735716017432,466.1,"GLYPHOSATE<br>METOLACHLOR & METOLACHLOR-S<br>ACETOCHLOR<br>2,4-D<br>ATRAZINE",466.1,31067,"Gage County, Nebraska(6)"
31069,31,069,Garden County,Nebraska,1704.8179733590734,91201.2,53.49615115818054,418.5,"GLYPHOSATE<br>METOLACHLOR & METOLACHLOR-S<br>ATRAZINE<br>2,4-D<br>DICAMBA",418.5,31069,"Garden County, Nebraska(6)"
31071,31,071,Garfield County,Nebraska,569.3530945945946,7088.8,12.450621709622126,542.7,"GLYPHOSATE<br>ATRAZINE<br>CHLORPYRIFOS<br>2,4-D<br>DICAMBA",542.7,31071,"Garfield County, Nebraska(6)"
31073,31,073,Gosper County,Nebraska,458.1969023166023,150104.1,327.5973696921284,355.9,"GLYPHOSATE<br>METOLACHLOR & METOLACHLOR-S<br>ATRAZINE<br>ACETOCHLOR<br>2,4-D",355.9,31073,"Gosper County, Nebraska(6)"
31075,31,075,Grant County,Nebraska,776.692416988417,77.89999999999999,0.10029710384202416,425.2,"CHLORPYRIFOS<br>2,4-D<br>GLYPHOSATE<br>PICLORAM<br>ZETA-CYPERMETHRIN",425.2,31075,"Grant County, Nebraska(6)"
31077,31,077,Greeley County,Nebraska,569.8235606177606,115951.9,203.487374011516,653.1,GLYPHOSATE<br>ATRAZINE<br>ACETOCHLOR<br>METOLACHLOR & METOLACHLOR-S<br>DICAMBA,653.1,31077,"Greeley County, Nebraska(6)"
31079,31,079,Hall County,Nebraska,546.5267706563707,243458,445.4639975048441,431.8,"GLYPHOSATE<br>ATRAZINE<br>ACETOCHLOR<br>METOLACHLOR & METOLACHLOR-S<br>2,4-D",431.8,31079,"Hall County, Nebraska(6)"
31081,31,081,Hamilton County,Nebraska,542.0274142857143,426180.8000000001,786.2716696011081,480.1,"GLYPHOSATE<br>ATRAZINE<br>ACETOCHLOR<br>METOLACHLOR & METOLACHLOR-S<br>2,4-D",480.1,31081,"Hamilton County, Nebraska(6)"
31083,31,083,Harlan County,Nebraska,553.4637776061776,214480.9,387.52472822641687,460.6,"GLYPHOSATE<br>METOLACHLOR & METOLACHLOR-S<br>ATRAZINE<br>ACETOCHLOR<br>2,4-D",460.6,31083,"Harlan County, Nebraska(6)"
31085,31,085,Hayes County,Nebraska,713.0617374517375,144481.5,202.62130529725556,400.4,"GLYPHOSATE<br>ATRAZINE<br>DICAMBA<br>2,4-D<br>ACETOCHLOR",400.4,31085,"Hayes County, Nebraska(6)"
31087,31,087,Hitchcock County,Nebraska,709.9480038610038,171057,240.942997331802,593.2,"GLYPHOSATE<br>ATRAZINE<br>2,4-D<br>DICAMBA<br>ACETOCHLOR",593.2,31087,"Hitchcock County, Nebraska(6)"
31089,31,089,Holt County,Nebraska,2411.8393447876447,135667,56.25042990247142,441.9,"GLYPHOSATE<br>ATRAZINE<br>DICAMBA<br>METAM<br>2,4-D",441.9,31089,"Holt County, Nebraska(6)"
31091,31,091,Hooker County,Nebraska,720.9627992277992,421.9,0.5851896941865571,273.1,"GLYPHOSATE<br>CHLORPYRIFOS<br>ATRAZINE<br>2,4-D<br>PICLORAM",273.1,31091,"Hooker County, Nebraska(6)"
31093,31,093,Howard County,Nebraska,569.2669332046332,146624,257.56633917693824,452.7,GLYPHOSATE<br>ATRAZINE<br>ACETOCHLOR<br>METOLACHLOR & METOLACHLOR-S<br>DICAMBA,452.7,31093,"Howard County, Nebraska(6)"
31095,31,095,Jefferson County,Nebraska,570.1797853281853,362513.5,635.7880607628763,488.3,"GLYPHOSATE<br>ACETOCHLOR<br>METOLACHLOR & METOLACHLOR-S<br>2,4-D<br>ATRAZINE",488.3,31095,"Jefferson County, Nebraska(6)"
31097,31,097,Johnson County,Nebraska,376.0847111969112,198119,526.7935497018076,419.2,"GLYPHOSATE<br>ACETOCHLOR<br>2,4-D<br>METOLACHLOR & METOLACHLOR-S<br>ATRAZINE",419.2,31097,"Johnson County, Nebraska(6)"
31099,31,099,Kearney County,Nebraska,516.1905297297297,303873.60000000003,588.6849573918066,425.3,GLYPHOSATE<br>METOLACHLOR & METOLACHLOR-S<br>ATRAZINE<br>ACETOCHLOR<br>GLUFOSINATE,425.3,31099,"Kearney County, Nebraska(6)"
31101,31,101,Keith County,Nebraska,1062.0578996138995,186853.5,175.93532336412989,433.4,"GLYPHOSATE<br>ATRAZINE<br>DICAMBA<br>2,4-D<br>ACETOCHLOR",433.4,31101,"Keith County, Nebraska(6)"
31103,31,103,Keya Paha County,Nebraska,772.872661003861,15486.9,20.038100428969155,401.9,GLYPHOSATE<br>ATRAZINE<br>EPTC<br>CHLORPYRIFOS<br>PENDIMETHALIN,401.9,31103,"Keya Paha County, Nebraska(6)"
31105,31,105,Kimball County,Nebraska,951.937105019305,130343.2,136.92417210416087,330.2,"GLYPHOSATE<br>2,4-D<br>METOLACHLOR & METOLACHLOR-S<br>ATRAZINE<br>DICAMBA",330.2,31105,"Kimball County, Nebraska(6)"
31107,31,107,Knox County,Nebraska,1108.2296316602317,275679.3,248.75647801169745,422.7,"GLYPHOSATE<br>ATRAZINE<br>ACETOCHLOR<br>2,4-D<br>METOLACHLOR & METOLACHLOR-S",422.7,31107,"Knox County, Nebraska(6)"
31109,31,109,Lancaster County,Nebraska,837.5557945945945,373704.1999999999,446.1842451712551,420.7,"GLYPHOSATE<br>ATRAZINE<br>ACETOCHLOR<br>METOLACHLOR & METOLACHLOR-S<br>2,4-D",420.7,31109,"Lancaster County, Nebraska(6)"
31111,31,111,Lincoln County,Nebraska,2564.143603861004,321409,125.34750374980275,491.5,"GLYPHOSATE<br>ATRAZINE<br>DICAMBA<br>ACETOCHLOR<br>2,4-D",491.5,31111,"Lincoln County, Nebraska(6)"
31113,31,113,Logan County,Nebraska,570.6957243243244,19935.7,34.932275029049656,609.3,GLYPHOSATE<br>METAM<br>ATRAZINE<br>MANCOZEB<br>DICAMBA,609.3,31113,"Logan County, Nebraska(6)"
31115,31,115,Loup County,Nebraska,563.3382845559845,3813.1,6.768757076408242,NA,"GLYPHOSATE<br>ATRAZINE<br>ACETOCHLOR<br>2,4-D<br>CHLORPYRIFOS",*,31115,"Loup County, Nebraska(6)"
31117,31,117,McPherson County,Nebraska,859.2549054054055,1139.8,1.3264981006564407,NA,"GLYPHOSATE<br>2,4-D<br>ATRAZINE<br>CHLORPYRIFOS<br>AZOXYSTROBIN",*,31117,"McPherson County, Nebraska(6)"
31119,31,119,Madison County,Nebraska,572.6091482625483,286227.8,499.86592227611607,461.1,"GLYPHOSATE<br>ATRAZINE<br>ACETOCHLOR<br>2,4-D<br>METOLACHLOR & METOLACHLOR-S",461.1,31119,"Madison County, Nebraska(6)"
31121,31,121,Merrick County,Nebraska,487.7921907335907,274774.2,563.3017609133248,469.8,"GLYPHOSATE<br>ATRAZINE<br>ACETOCHLOR<br>METOLACHLOR & METOLACHLOR-S<br>2,4-D",469.8,31121,"Merrick County, Nebraska(6)"
31123,31,123,Morrill County,Nebraska,1423.6991706563706,169942.5,119.36686029089354,373.9,"GLYPHOSATE<br>METOLACHLOR & METOLACHLOR-S<br>ATRAZINE<br>DICAMBA<br>2,4-D",373.9,31123,"Morrill County, Nebraska(6)"
31125,31,125,Nance County,Nebraska,441.5933312741313,199084.9,450.8331215636328,511.5,"GLYPHOSATE<br>ATRAZINE<br>ACETOCHLOR<br>METOLACHLOR & METOLACHLOR-S<br>2,4-D",511.5,31125,"Nance County, Nebraska(6)"
31127,31,127,Nemaha County,Nebraska,407.2989768339768,283469.8,695.9747412170592,482.6,"GLYPHOSATE<br>METOLACHLOR & METOLACHLOR-S<br>2,4-D<br>ACETOCHLOR<br>ATRAZINE",482.6,31127,"Nemaha County, Nebraska(6)"
31129,31,129,Nuckolls County,Nebraska,575.1525872586873,403935.4,702.3099764277359,459.5,"GLYPHOSATE<br>ACETOCHLOR<br>ATRAZINE<br>2,4-D<br>METOLACHLOR & METOLACHLOR-S",459.5,31129,"Nuckolls County, Nebraska(6)"
31131,31,131,Otoe County,Nebraska,615.6135254826255,436136.9,708.4589307196909,471.8,"GLYPHOSATE<br>METOLACHLOR & METOLACHLOR-S<br>2,4-D<br>ACETOCHLOR<br>ATRAZINE",471.8,31131,"Otoe County, Nebraska(6)"
31133,31,133,Pawnee County,Nebraska,431.07265328185326,239760.6,556.1953377804148,387.4,"GLYPHOSATE<br>2,4-D<br>ACETOCHLOR<br>METOLACHLOR & METOLACHLOR-S<br>ATRAZINE",387.4,31133,"Pawnee County, Nebraska(6)"
31135,31,135,Perkins County,Nebraska,883.308418918919,414374.9,469.11689181809606,443.5,"GLYPHOSATE<br>ATRAZINE<br>DICAMBA<br>2,4-D<br>ACETOCHLOR",443.5,31135,"Perkins County, Nebraska(6)"
31137,31,137,Phelps County,Nebraska,539.7628305019305,319494.8,591.9170086293249,413,GLYPHOSATE<br>METOLACHLOR & METOLACHLOR-S<br>ATRAZINE<br>ACETOCHLOR<br>GLUFOSINATE,413,31137,"Phelps County, Nebraska(6)"
31139,31,139,Pierce County,Nebraska,573.2459567567568,285646.6,498.2967548800475,424.1,"GLYPHOSATE<br>ATRAZINE<br>ACETOCHLOR<br>2,4-D<br>METOLACHLOR & METOLACHLOR-S",424.1,31139,"Pierce County, Nebraska(6)"
31141,31,141,Platte County,Nebraska,675.1149281853282,461206.6,683.1527207370426,463.3,"GLYPHOSATE<br>ATRAZINE<br>ACETOCHLOR<br>METOLACHLOR & METOLACHLOR-S<br>2,4-D",463.3,31141,"Platte County, Nebraska(6)"
31143,31,143,Polk County,Nebraska,438.82973667953667,292293.9,666.0758730975721,454,"GLYPHOSATE<br>ATRAZINE<br>ACETOCHLOR<br>METOLACHLOR & METOLACHLOR-S<br>2,4-D",454,31143,"Polk County, Nebraska(6)"
31145,31,145,Red Willow County,Nebraska,717.1670571428572,209564.3,292.21127478287883,444.1,"GLYPHOSATE<br>ATRAZINE<br>2,4-D<br>DICAMBA<br>ACETOCHLOR",444.1,31145,"Red Willow County, Nebraska(6)"
31147,31,147,Richardson County,Nebraska,551.8383428571428,358612.4,649.8504582760314,470.5,"GLYPHOSATE<br>METOLACHLOR & METOLACHLOR-S<br>2,4-D<br>ACETOCHLOR<br>ATRAZINE",470.5,31147,"Richardson County, Nebraska(6)"
31149,31,149,Rock County,Nebraska,1008.2863861003862,17714.2,17.568619634458056,415.4,"GLYPHOSATE<br>ATRAZINE<br>DICAMBA<br>CHLORPYRIFOS<br>2,4-D",415.4,31149,"Rock County, Nebraska(6)"
31151,31,151,Saline County,Nebraska,574.0676911196912,451941,787.2608178288366,478.8,"GLYPHOSATE<br>ACETOCHLOR<br>METOLACHLOR & METOLACHLOR-S<br>ATRAZINE<br>2,4-D",478.8,31151,"Saline County, Nebraska(6)"
31153,31,153,Sarpy County,Nebraska,237.9946691119691,98456.7,413.69287962361534,486,"GLYPHOSATE<br>ATRAZINE<br>ACETOCHLOR<br>METOLACHLOR & METOLACHLOR-S<br>2,4-D",486,31153,"Sarpy County, Nebraska(6)"
31155,31,155,Saunders County,Nebraska,748.6998312741313,476317.8,636.193278138458,455.8,"GLYPHOSATE<br>ATRAZINE<br>ACETOCHLOR<br>METOLACHLOR & METOLACHLOR-S<br>2,4-D",455.8,31155,"Saunders County, Nebraska(6)"
31157,31,157,Scotts Bluff County,Nebraska,739.6172552123552,203931.4,275.72558450038895,437.9,GLYPHOSATE<br>METOLACHLOR & METOLACHLOR-S<br>ATRAZINE<br>EPTC<br>DICAMBA,437.9,31157,"Scotts Bluff County, Nebraska(6)"
31159,31,159,Seward County,Nebraska,571.4276054054054,353693,618.9637963833909,376.2,"GLYPHOSATE<br>ATRAZINE<br>ACETOCHLOR<br>METOLACHLOR & METOLACHLOR-S<br>2,4-D",376.2,31159,"Seward County, Nebraska(6)"
31161,31,161,Sheridan County,Nebraska,2440.1582826254826,126084.4,51.67058255923455,368.6,"GLYPHOSATE<br>METOLACHLOR & METOLACHLOR-S<br>ATRAZINE<br>DICAMBA<br>2,4-D",368.6,31161,"Sheridan County, Nebraska(6)"
31163,31,163,Sherman County,Nebraska,565.8739722007722,114593.4,202.5069284496836,403.4,GLYPHOSATE<br>ATRAZINE<br>ACETOCHLOR<br>METOLACHLOR & METOLACHLOR-S<br>DICAMBA,403.4,31163,"Sherman County, Nebraska(6)"
31165,31,165,Sioux County,Nebraska,2066.7136752895753,34171.5,16.534220685026483,228.6,GLYPHOSATE<br>METOLACHLOR & METOLACHLOR-S<br>ATRAZINE<br>DICAMBA<br>EPTC,228.6,31165,"Sioux County, Nebraska(6)"
31167,31,167,Stanton County,Nebraska,427.6310092664093,202427.8,473.3702552283568,288.3,"GLYPHOSATE<br>ATRAZINE<br>ACETOCHLOR<br>2,4-D<br>METOLACHLOR & METOLACHLOR-S",288.3,31167,"Stanton County, Nebraska(6)"
31169,31,169,Thayer County,Nebraska,573.7868196911197,450463.7,785.0715362240163,525.7,"GLYPHOSATE<br>ACETOCHLOR<br>ATRAZINE<br>METOLACHLOR & METOLACHLOR-S<br>2,4-D",525.7,31169,"Thayer County, Nebraska(6)"
31171,31,171,Thomas County,Nebraska,712.5504822393823,422.7,0.5932211268337804,NA,"GLYPHOSATE<br>CHLORPYRIFOS<br>ATRAZINE<br>2,4-D<br>PICLORAM",*,31171,"Thomas County, Nebraska(6)"
31173,31,173,Thurston County,Nebraska,393.5899637065637,206790,525.3944944444005,525.7,"GLYPHOSATE<br>ATRAZINE<br>ACETOCHLOR<br>2,4-D<br>METOLACHLOR & METOLACHLOR-S",525.7,31173,"Thurston County, Nebraska(6)"
31175,31,175,Valley County,Nebraska,568.0872656370657,112875.6,198.6941211812217,500.7,"GLYPHOSATE<br>ATRAZINE<br>ACETOCHLOR<br>METOLACHLOR & METOLACHLOR-S<br>2,4-D",500.7,31175,"Valley County, Nebraska(6)"
31177,31,177,Washington County,Nebraska,389.9286806949807,222825.4,571.4516808634136,466,"GLYPHOSATE<br>ATRAZINE<br>ACETOCHLOR<br>METOLACHLOR & METOLACHLOR-S<br>2,4-D",466,31177,"Washington County, Nebraska(6)"
31179,31,179,Wayne County,Nebraska,442.9137413127413,276393.2,624.0339240340679,392.5,"GLYPHOSATE<br>ATRAZINE<br>ACETOCHLOR<br>2,4-D<br>METAM",392.5,31179,"Wayne County, Nebraska(6)"
31181,31,181,Webster County,Nebraska,574.9104023166024,191358.4,332.84908262038925,488.5,"GLYPHOSATE<br>METOLACHLOR & METOLACHLOR-S<br>ACETOCHLOR<br>ATRAZINE<br>2,4-D",488.5,31181,"Webster County, Nebraska(6)"
31183,31,183,Wheeler County,Nebraska,575.1806633204633,16697.399999999998,29.02983543224053,325.8,"GLYPHOSATE<br>ATRAZINE<br>DICAMBA<br>2,4-D<br>CHLORPYRIFOS",325.8,31183,"Wheeler County, Nebraska(6)"
31185,31,185,York County,Nebraska,572.5131745173745,451415.2,788.4800212336434,461.2,"GLYPHOSATE<br>ATRAZINE<br>ACETOCHLOR<br>METOLACHLOR & METOLACHLOR-S<br>2,4-D",461.2,31185,"York County, Nebraska(6)"
32001,32,001,Churchill County,Nevada,4950.134285714285,12490.3,2.5232244781815445,439.7,"GLYPHOSATE<br>ATRAZINE<br>2,4-D<br>PENDIMETHALIN<br>METOLACHLOR & METOLACHLOR-S",439.7,32001,"Churchill County, Nevada(6)"
32003,32,003,Clark County,Nevada,7891.624926640927,3906.2,0.4949804427239391,372,"PENDIMETHALIN<br>2,4-D<br>2,4-DB<br>TRIFLURALIN<br>GLYPHOSATE",372,32003,"Clark County, Nevada(6)"
32005,32,005,Douglas County,Nevada,710.5339864864865,2268.8,3.193091453962632,432.7,"GLYPHOSATE<br>2,4-D<br>PENDIMETHALIN<br>BROMOXYNIL<br>MCPA",432.7,32005,"Douglas County, Nevada(6)"
32007,32,007,Elko County,Nevada,17173.22280810811,18324.1,1.0670157957391968,332.4,"2,4-D<br>PENDIMETHALIN<br>TRIFLURALIN<br>TEBUTHIURON<br>GLYPHOSATE",332.4,32007,"Elko County, Nevada(6)"
32009,32,009,Esmeralda County,Nevada,3581.8726552123553,14744.3,4.116366331043075,511.1,"PENDIMETHALIN<br>2,4-DB<br>TRIFLURALIN<br>GLYPHOSATE<br>CHLORPYRIFOS",511.1,32009,"Esmeralda County, Nevada(6)"
32011,32,011,Eureka County,Nevada,4175.668888030888,14594.8,3.4952005035251825,368.7,"PENDIMETHALIN<br>TRIFLURALIN<br>GLYPHOSATE<br>2,4-D<br>METRIBUZIN",368.7,32011,"Eureka County, Nevada(6)"
32013,32,013,Humboldt County,Nevada,9640.747252123552,20046.1,2.079309775036834,346.6,"GLYPHOSATE<br>2,4-D<br>PENDIMETHALIN<br>METRIBUZIN<br>METHOXYFENOZIDE",346.6,32013,"Humboldt County, Nevada(6)"
32015,32,015,Lander County,Nevada,5519.221315444015,16817.9,3.047150864006804,294.9,"PENDIMETHALIN<br>TRIFLURALIN<br>GLYPHOSATE<br>2,4-D<br>METRIBUZIN",294.9,32015,"Lander County, Nevada(6)"
32017,32,017,Lincoln County,Nevada,10633.33677915058,13441.5,1.2640904994522089,334.5,"PENDIMETHALIN<br>GLYPHOSATE<br>SULFUR<br>2,4-DB<br>TRIFLURALIN",334.5,32017,"Lincoln County, Nevada(6)"
32019,32,019,Lyon County,Nevada,2003.04434015444,12007.9,5.994824856984523,462,"GLYPHOSATE<br>2,4-D<br>PENDIMETHALIN<br>ATRAZINE<br>METRIBUZIN",462,32019,"Lyon County, Nevada(6)"
32021,32,021,Mineral County,Nevada,3751.265432046332,2890.7,0.7705932977456916,437.5,"PENDIMETHALIN<br>2,4-D<br>2,4-DB<br>TRIFLURALIN<br>DICAMBA",437.5,32021,"Mineral County, Nevada(6)"
32023,32,023,Nye County,Nevada,18181.829822393825,11002.8,0.6051536125614979,382.8,"PENDIMETHALIN<br>2,4-DB<br>TRIFLURALIN<br>GLYPHOSATE<br>CHLORPYRIFOS",382.8,32023,"Nye County, Nevada(6)"
32027,32,027,Pershing County,Nevada,6036.560610424711,17185.4,2.8468860182273392,304.7,"GLYPHOSATE<br>2,4-D<br>PENDIMETHALIN<br>ATRAZINE<br>METRIBUZIN",304.7,32027,"Pershing County, Nevada(6)"
32029,32,029,Storey County,Nevada,263.7985115830116,231.2,0.8764264764520723,374.1,"2,4-D<br>GLYPHOSATE<br>CLOPYRALID<br>PICLORAM<br>TRICLOPYR",374.1,32029,"Storey County, Nevada(6)"
32031,32,031,Washoe County,Nevada,6315.844133976834,4976.5,0.7879390140786291,425.1,"GLYPHOSATE<br>2,4-D<br>PENDIMETHALIN<br>METRIBUZIN<br>METHOXYFENOZIDE",425.1,32031,"Washoe County, Nevada(6)"
32033,32,033,White Pine County,Nevada,8886.624126254826,7000.9,0.78780197075247,279.6,"PENDIMETHALIN<br>TRIFLURALIN<br>GLYPHOSATE<br>2,4-D<br>METRIBUZIN",279.6,32033,"White Pine County, Nevada(6)"
32510,32,510,Carson City,Nevada,144.5333474903475,554.6,3.8371767459204418,453,"2,4-D<br>GLYPHOSATE<br>PENDIMETHALIN<br>METRIBUZIN<br>METHOXYFENOZIDE",453,32510,"Carson City, Nevada(6)"
33001,33,001,Belknap County,New Hampshire,401.8480996138996,1700.5,4.231698499094211,481.9,CAPTAN<br>CHLOROTHALONIL<br>PHOSPHORIC ACID<br>METOLACHLOR & METOLACHLOR-S<br>GLYPHOSATE,481.9,33001,"Belknap County, New Hampshire(6)"
33003,33,003,Carroll County,New Hampshire,931.8597583011584,2411.6,2.5879430660215492,458.7,CAPTAN<br>PETROLEUM OIL<br>MANCOZEB<br>GLYPHOSATE<br>ATRAZINE,458.7,33003,"Carroll County, New Hampshire(6)"
33005,33,005,Cheshire County,New Hampshire,706.7054976833977,3448.4,4.879543192042458,476.2,GLYPHOSATE<br>ATRAZINE<br>METOLACHLOR & METOLACHLOR-S<br>CAPTAN<br>PETROLEUM OIL,476.2,33005,"Cheshire County, New Hampshire(6)"
33007,33,007,Coos County,New Hampshire,1794.5654413127413,2425.2999999999997,1.351469243844276,481.5,GLYPHOSATE<br>ATRAZINE<br>METOLACHLOR & METOLACHLOR-S<br>ACETOCHLOR<br>CAPTAN,481.5,33007,"Coos County, New Hampshire(6)"
33009,33,009,Grafton County,New Hampshire,1708.5907162162162,5316.7,3.1117458087178265,447.3,GLYPHOSATE<br>ATRAZINE<br>CAPTAN<br>METOLACHLOR & METOLACHLOR-S<br>PETROLEUM OIL,447.3,33009,"Grafton County, New Hampshire(6)"
33011,33,011,Hillsborough County,New Hampshire,876.5333872586873,9400.6,10.724748351457428,456.3,CAPTAN<br>CHLOROTHALONIL<br>PHOSPHORIC ACID<br>PETROLEUM OIL<br>MANCOZEB,456.3,33011,"Hillsborough County, New Hampshire(6)"
33013,33,013,Merrimack County,New Hampshire,932.8868444015444,6301.9,6.755267305803553,492.1,GLYPHOSATE<br>ATRAZINE<br>METOLACHLOR & METOLACHLOR-S<br>CAPTAN<br>PETROLEUM OIL,492.1,33013,"Merrimack County, New Hampshire(6)"
33015,33,015,Rockingham County,New Hampshire,695.4257714285715,10315.7,14.833646413202484,475.6,CAPTAN<br>PETROLEUM OIL<br>MANCOZEB<br>CHLOROTHALONIL<br>CHLORPYRIFOS,475.6,33015,"Rockingham County, New Hampshire(6)"
33017,33,017,Strafford County,New Hampshire,367.4610471042471,2010.7,5.471872504161165,502.4,CAPTAN<br>GLYPHOSATE<br>METOLACHLOR & METOLACHLOR-S<br>PETROLEUM OIL<br>ATRAZINE,502.4,33017,"Strafford County, New Hampshire(6)"
33019,33,019,Sullivan County,New Hampshire,537.8730953667954,4110.9,7.642880886608813,496.6,GLYPHOSATE<br>ATRAZINE<br>METOLACHLOR & METOLACHLOR-S<br>ACETOCHLOR<br>PENDIMETHALIN,496.6,33019,"Sullivan County, New Hampshire(6)"
34001,34,001,Atlantic County,New Jersey,555.5750019305019,9188.8,16.53926106839027,486.5,SULFUR<br>CAPTAN<br>CHLOROTHALONIL<br>GLYPHOSATE<br>METOLACHLOR & METOLACHLOR-S,486.5,34001,"Atlantic County, New Jersey(7)"
34003,34,003,Bergen County,New Jersey,232.79319613899617,11546.3,49.59895818048709,464.9,SULFUR<br>CAPTAN<br>CHLOROTHALONIL<br>PETROLEUM OIL<br>PHOSMET,464.9,34003,"Bergen County, New Jersey(7)"
34005,34,005,Burlington County,New Jersey,799.2808749034749,31326.5,39.193356157537416,508.7,GLYPHOSATE<br>PENDIMETHALIN<br>METOLACHLOR & METOLACHLOR-S<br>ATRAZINE<br>PARAQUAT,508.7,34005,"Burlington County, New Jersey(7)"
34007,34,007,Camden County,New Jersey,221.36288301158305,8375.3,37.83515956268853,514.3,SULFUR<br>CAPTAN<br>CHLOROTHALONIL<br>MANCOZEB<br>CHLORPYRIFOS,514.3,34007,"Camden County, New Jersey(7)"
34009,34,009,Cape May County,New Jersey,251.5201494208494,6585.9,26.184383299567457,547.2,SULFUR<br>CAPTAN<br>CHLOROTHALONIL<br>MANCOZEB<br>COPPER SULFATE,547.2,34009,"Cape May County, New Jersey(7)"
34011,34,011,Cumberland County,New Jersey,483.3776722007722,26444,54.70670558613724,491.1,GLYPHOSATE<br>METOLACHLOR & METOLACHLOR-S<br>ATRAZINE<br>PENDIMETHALIN<br>SULFUR,491.1,34011,"Cumberland County, New Jersey(7)"
34013,34,013,Essex County,New Jersey,126.08194247104248,9599,76.13302755233664,439,SULFUR<br>CAPTAN<br>CHLOROTHALONIL<br>PETROLEUM OIL<br>PHOSMET,439,34013,"Essex County, New Jersey(7)"
34015,34,015,Gloucester County,New Jersey,322.0074057915058,43861.1,136.21146349782805,530.6,GLYPHOSATE<br>SULFUR<br>CAPTAN<br>CHLOROTHALONIL<br>ATRAZINE,530.6,34015,"Gloucester County, New Jersey(7)"
34017,34,017,Hudson County,New Jersey,46.19229536679536,NA,NA,378.8,NA,378.8,34017,"Hudson County, New Jersey(7)"
34019,34,019,Hunterdon County,New Jersey,427.8325416988417,34467.4,80.56282923953496,477.4,GLYPHOSATE<br>ATRAZINE<br>METOLACHLOR & METOLACHLOR-S<br>PENDIMETHALIN<br>SULFUR,477.4,34019,"Hunterdon County, New Jersey(7)"
34021,34,021,Mercer County,New Jersey,224.48053243243243,10949.4,48.7766127483492,474.5,GLYPHOSATE<br>METOLACHLOR & METOLACHLOR-S<br>ATRAZINE<br>PENDIMETHALIN<br>CAPTAN,474.5,34021,"Mercer County, New Jersey(7)"
34023,34,023,Middlesex County,New Jersey,309.2500725868726,12682.8,41.01146975943628,443.8,GLYPHOSATE<br>SULFUR<br>ATRAZINE<br>METOLACHLOR & METOLACHLOR-S<br>CAPTAN,443.8,34023,"Middlesex County, New Jersey(7)"
34025,34,025,Monmouth County,New Jersey,468.2017915057915,14251.9,30.439652856013705,520,GLYPHOSATE<br>CAPTAN<br>MANCOZEB<br>METOLACHLOR & METOLACHLOR-S<br>PENDIMETHALIN,520,34025,"Monmouth County, New Jersey(7)"
34027,34,027,Morris County,New Jersey,461.0235702702703,10617.5,23.030275857209645,469,SULFUR<br>CAPTAN<br>CHLOROTHALONIL<br>MANCOZEB<br>GLYPHOSATE,469,34027,"Morris County, New Jersey(7)"
34029,34,029,Ocean County,New Jersey,628.2873297297298,6030.5999999999995,9.598474638338134,524.3,SULFUR<br>CAPTAN<br>CHLOROTHALONIL<br>GLYPHOSATE<br>METOLACHLOR & METOLACHLOR-S,524.3,34029,"Ocean County, New Jersey(7)"
34031,34,031,Passaic County,New Jersey,186.13076138996135,9454.8,50.796547166060904,447.1,SULFUR<br>CAPTAN<br>CHLOROTHALONIL<br>PETROLEUM OIL<br>PHOSMET,447.1,34031,"Passaic County, New Jersey(7)"
34033,34,033,Salem County,New Jersey,331.8591586872587,64769.6,195.17195263258753,496,GLYPHOSATE<br>METOLACHLOR & METOLACHLOR-S<br>ATRAZINE<br>PENDIMETHALIN<br>CHLOROTHALONIL,496,34033,"Salem County, New Jersey(7)"
34035,34,035,Somerset County,New Jersey,301.86566254826255,6075.1,20.12517736769318,450.3,GLYPHOSATE<br>PENDIMETHALIN<br>CHLOROTHALONIL<br>METOLACHLOR & METOLACHLOR-S<br>ATRAZINE,450.3,34035,"Somerset County, New Jersey(7)"
34037,34,037,Sussex County,New Jersey,518.4864861003861,15726.5,30.331552357866343,506.2,GLYPHOSATE<br>CAPTAN<br>ATRAZINE<br>METOLACHLOR & METOLACHLOR-S<br>MANCOZEB,506.2,34037,"Sussex County, New Jersey(7)"
34039,34,039,Union County,New Jersey,102.76671274131274,1103.3,10.735966642985437,448,METOLACHLOR & METOLACHLOR-S<br>THIOPHANATE-METHYL<br>BENTAZONE<br>GLYPHOSATE<br>CHLOROTHALONIL,448,34039,"Union County, New Jersey(7)"
34041,34,041,Warren County,New Jersey,356.53896525096525,49886.6,139.9190687752324,501.1,GLYPHOSATE<br>ATRAZINE<br>METOLACHLOR & METOLACHLOR-S<br>PENDIMETHALIN<br>CHLOROTHALONIL,501.1,34041,"Warren County, New Jersey(7)"
35001,35,001,Bernalillo County,New Mexico,1161.239908108108,5033.3,4.33441872334568,385.2,CHLOROPICRIN<br>SULFUR<br>PENDIMETHALIN<br>GLYPHOSATE<br>TRIFLURALIN,385.2,35001,"Bernalillo County, New Mexico(7)"
35003,35,003,Catron County,New Mexico,6924.155078764479,19342.9,2.793539396499402,322.9,METAM<br>SULFURIC ACID<br>PENDIMETHALIN<br>TRIFLURALIN<br>EPTC,322.9,35003,"Catron County, New Mexico(7)"
35005,35,005,Chaves County,New Mexico,6067.149501544402,35963.5,5.927577685508728,341.3,"2,4-D<br>PROPARGITE<br>METOLACHLOR & METOLACHLOR-S<br>GLYPHOSATE<br>DICHLORPROP",341.3,35005,"Chaves County, New Mexico(7)"
35006,35,006,Cibola County,New Mexico,4539.963385714285,1773.7,0.3906859701955369,357.6,"2,4-D<br>DICAMBA<br>GLYPHOSATE<br>PENDIMETHALIN<br>TRIFLURALIN",357.6,35006,"Cibola County, New Mexico(7)"
35007,35,007,Colfax County,New Mexico,3757.958793050193,8203.8,2.183046821900164,295.5,"DICHLORPROP<br>TRIFLURALIN<br>GLYPHOSATE<br>DICAMBA<br>2,4-D",295.5,35007,"Colfax County, New Mexico(7)"
35009,35,009,Curry County,New Mexico,1405.5173173745177,147583.1,105.00269059344122,365.9,"GLYPHOSATE<br>ATRAZINE<br>2,4-D<br>BACILLUS AMYLOLIQUEFACIEN<br>CHLOROPICRIN",365.9,35009,"Curry County, New Mexico(7)"
35011,35,011,De Baca County,New Mexico,2323.096116216216,9618.5,4.140379699685565,415.5,TRIFLURALIN<br>DICHLORPROP<br>GLYPHOSATE<br>HEXAZINONE<br>DICAMBA,415.5,35011,"DeBaca County, New Mexico(7)"
35013,35,013,Doña Ana County,New Mexico,3808.161194208494,304276,79.90102952121546,413.4,BACILLUS AMYLOLIQUEFACIEN<br>CHLOROPICRIN<br>GLYPHOSATE<br>PARAQUAT<br>TRIFLURALIN,413.4,35013,"Dona Ana County, New Mexico(7)"
35015,35,015,Eddy County,New Mexico,4176.328978378378,74148.6,17.754492135049926,360.1,"BACILLUS AMYLOLIQUEFACIEN<br>CHLOROPICRIN<br>GLYPHOSATE<br>2,4-D<br>TRIFLURALIN",360.1,35015,"Eddy County, New Mexico(7)"
35017,35,017,Grant County,New Mexico,3961.188531660231,30531.9,7.7077623940316045,318.8,BACILLUS AMYLOLIQUEFACIEN<br>CHLOROPICRIN<br>GLYPHOSATE<br>ATRAZINE<br>METOLACHLOR & METOLACHLOR-S,318.8,35017,"Grant County, New Mexico(7)"
35019,35,019,Guadalupe County,New Mexico,3029.757580694981,31914.1,10.533549021661129,341,BACILLUS AMYLOLIQUEFACIEN<br>CHLOROPICRIN<br>DICHLORPROP<br>DICAMBA<br>TRIFLURALIN,341,35019,"Guadalupe County, New Mexico(7)"
35021,35,021,Harding County,New Mexico,2125.468386872587,2912.6,1.3703332488918352,485.4,"TRIFLURALIN<br>DICHLORPROP<br>GLYPHOSATE<br>DICAMBA<br>2,4-D",485.4,35021,"Harding County, New Mexico(7)"
35023,35,023,Hidalgo County,New Mexico,3438.534788030888,37261.5,10.836447003445375,321.8,BACILLUS AMYLOLIQUEFACIEN<br>CHLOROPICRIN<br>GLYPHOSATE<br>TRIFLURALIN<br>METOLACHLOR & METOLACHLOR-S,321.8,35023,"Hidalgo County, New Mexico(7)"
35025,35,025,Lea County,New Mexico,4391.531475289576,106071.4,24.153623991276454,355.7,"BACILLUS AMYLOLIQUEFACIEN<br>CHLOROPICRIN<br>GLYPHOSATE<br>2,4-D<br>METOLACHLOR & METOLACHLOR-S",355.7,35025,"Lea County, New Mexico(7)"
35027,35,027,Lincoln County,New Mexico,4831.092684169884,9020.4,1.867155235824244,326.1,"2,4-D<br>DICHLORPROP<br>DICAMBA<br>GLYPHOSATE<br>TRICLOPYR",326.1,35027,"Lincoln County, New Mexico(7)"
35028,35,028,Los Alamos County,New Mexico,109.12229613899612,361,3.3082148449311495,379.1,"2,4-D<br>DICAMBA<br>GLYPHOSATE<br>CLOPYRALID<br>PICLORAM",379.1,35028,"Los Alamos County, New Mexico(7)"
35029,35,029,Luna County,New Mexico,2965.163637065637,198670.1,67.00139497077012,367.4,BACILLUS AMYLOLIQUEFACIEN<br>CHLOROPICRIN<br>GLYPHOSATE<br>METHOMYL<br>METOLACHLOR & METOLACHLOR-S,367.4,35029,"Luna County, New Mexico(7)"
35031,35,031,McKinley County,New Mexico,5451.038337837837,42522.8,7.800862398055842,305.9,"CHLOROPICRIN<br>NAPROPAMIDE<br>2,4-D<br>DICAMBA<br>GLYPHOSATE",305.9,35031,"McKinley County, New Mexico(7)"
35033,35,033,Mora County,New Mexico,1926.2404,4668.7,2.423736933354736,311.4,DICHLORPROP<br>TRIFLURALIN<br>GLYPHOSATE<br>DICAMBA<br>HEXAZINONE,311.4,35033,"Mora County, New Mexico(7)"
35035,35,035,Otero County,New Mexico,6612.531257915058,7087.4,1.071813458955908,400.5,"2,4-D<br>GLYPHOSATE<br>DICHLORPROP<br>DICAMBA<br>PARAQUAT",400.5,35035,"Otero County, New Mexico(7)"
35037,35,037,Quay County,New Mexico,2873.941528957529,48737.3,16.958347798286134,363.9,"GLYPHOSATE<br>2,4-D<br>ATRAZINE<br>DICAMBA<br>METOLACHLOR & METOLACHLOR-S",363.9,35037,"Quay County, New Mexico(7)"
35039,35,039,Rio Arriba County,New Mexico,5860.8468127413125,16859,2.876546775348064,302.9,"CHLOROPICRIN<br>PENDIMETHALIN<br>TRIFLURALIN<br>GLYPHOSATE<br>2,4-DB",302.9,35039,"Rio Arriba County, New Mexico(7)"
35041,35,041,Roosevelt County,New Mexico,2446.0397393822395,116648.4,47.68867738406416,319.5,"GLYPHOSATE<br>SULFURIC ACID<br>ATRAZINE<br>METOLACHLOR & METOLACHLOR-S<br>2,4-D",319.5,35041,"Roosevelt County, New Mexico(7)"
35043,35,043,Sandoval County,New Mexico,3710.177095752896,7336.6,1.9774258237964797,406.3,CHLOROPICRIN<br>PENDIMETHALIN<br>TRIFLURALIN<br>GLYPHOSATE<br>SULFUR,406.3,35043,"Sandoval County, New Mexico(7)"
35045,35,045,San Juan County,New Mexico,5517.206442857143,88481.6,16.037391552486277,323.8,SULFURIC ACID<br>PENDIMETHALIN<br>METAM<br>TRIFLURALIN<br>METAM POTASSIUM,323.8,35045,"San Juan County, New Mexico(7)"
35047,35,047,San Miguel County,New Mexico,4721.492764092664,8981.6,1.9022797341353137,318.1,"DICHLORPROP<br>TRIFLURALIN<br>DICAMBA<br>GLYPHOSATE<br>2,4-D",318.1,35047,"San Miguel County, New Mexico(7)"
35049,35,049,Santa Fe County,New Mexico,1910.3711540540544,13716.1,7.179808997268758,355.6,GLYPHOSATE<br>CHLOROPICRIN<br>ATRAZINE<br>PENDIMETHALIN<br>TRIFLURALIN,355.6,35049,"Santa Fe County, New Mexico(7)"
35051,35,051,Sierra County,New Mexico,4181.194220849421,81414.5,19.471590100748877,397.9,BACILLUS AMYLOLIQUEFACIEN<br>CHLOROPICRIN<br>METAM<br>GLYPHOSATE<br>SULFURIC ACID,397.9,35051,"Sierra County, New Mexico(7)"
35053,35,053,Socorro County,New Mexico,6646.355823938224,37938.2,5.708120510695159,370.5,METAM<br>BACILLUS AMYLOLIQUEFACIEN<br>CHLOROPICRIN<br>GLYPHOSATE<br>SULFURIC ACID,370.5,35053,"Socorro County, New Mexico(7)"
35055,35,055,Taos County,New Mexico,2202.362786872587,11356,5.156280367471073,318.2,"PENDIMETHALIN<br>TRIFLURALIN<br>GLYPHOSATE<br>ATRAZINE<br>2,4-DB",318.2,35055,"Taos County, New Mexico(7)"
35057,35,057,Torrance County,New Mexico,3345.19744980695,36305.4,10.852991652882904,434.5,SULFURIC ACID<br>GLYPHOSATE<br>TRIFLURALIN<br>DICHLORPROP<br>METOLACHLOR & METOLACHLOR-S,434.5,35057,"Torrance County, New Mexico(7)"
35059,35,059,Union County,New Mexico,3825.032580694981,37686.4,9.852569672269995,351.9,SULFURIC ACID<br>GLYPHOSATE<br>DICHLORPROP<br>METOLACHLOR & METOLACHLOR-S<br>PROPARGITE,351.9,35059,"Union County, New Mexico(7)"
35061,35,061,Valencia County,New Mexico,1066.711761389961,14319.8,13.424244972550806,395,PENDIMETHALIN<br>CHLOROPICRIN<br>TRIFLURALIN<br>GLYPHOSATE<br>ATRAZINE,395,35061,"Valencia County, New Mexico(7)"
36001,36,001,Albany County,New York,522.8854922779923,23150,44.27355576293613,508.4,PETROLEUM OIL<br>CAPTAN<br>MANCOZEB<br>PHOSMET<br>METOLACHLOR & METOLACHLOR-S,508.4,36001,"Albany County, New York(7)"
36003,36,003,Allegany County,New York,1029.5019972972973,10383.4,10.085847358488907,475.6,GLYPHOSATE<br>METOLACHLOR & METOLACHLOR-S<br>ATRAZINE<br>CHLOROTHALONIL<br>MANCOZEB,475.6,36003,"Allegany County, New York(7)"
36005,36,005,Bronx County,New York,42.175935135135134,NA,NA,416.3,NA,416.3,36005,"Bronx County, New York(7)"
36007,36,007,Broome County,New York,705.6473316602317,3955.4,5.605349616633314,490.4,GLYPHOSATE<br>CAPTAN<br>PHOSMET<br>MANCOZEB<br>PHOSPHORIC ACID,490.4,36007,"Broome County, New York(7)"
36009,36,009,Cattaraugus County,New York,1308.176474131274,15596.1,11.92201534609997,495.2,GLYPHOSATE<br>METOLACHLOR & METOLACHLOR-S<br>ATRAZINE<br>DICAMBA<br>PENDIMETHALIN,495.2,36009,"Cattaraugus County, New York(7)"
36011,36,011,Cayuga County,New York,691.5859347490348,34632.2,50.07649557327602,507.1,GLYPHOSATE<br>METOLACHLOR & METOLACHLOR-S<br>ATRAZINE<br>MANCOZEB<br>CHLOROTHALONIL,507.1,36011,"Cayuga County, New York(7)"
36013,36,013,Chautauqua County,New York,1060.4054907335908,18439,17.388631199225365,515.2,GLYPHOSATE<br>METOLACHLOR & METOLACHLOR-S<br>ATRAZINE<br>DICAMBA<br>PENDIMETHALIN,515.2,36013,"Chautauqua County, New York(7)"
36015,36,015,Chemung County,New York,407.33144362934365,5343.5,13.118309631068858,510.9,GLYPHOSATE<br>CAPTAN<br>PHOSMET<br>MANCOZEB<br>METOLACHLOR & METOLACHLOR-S,510.9,36015,"Chemung County, New York(7)"
36017,36,017,Chenango County,New York,893.4389498069498,6767.6,7.574776095739179,496.9,GLYPHOSATE<br>METOLACHLOR & METOLACHLOR-S<br>ATRAZINE<br>CHLOROTHALONIL<br>MANCOZEB,496.9,36017,"Chenango County, New York(7)"
36019,36,019,Clinton County,New York,1037.7463416988417,85877.2,82.75355599848689,498.2,PETROLEUM OIL<br>CAPTAN<br>GLYPHOSATE<br>ATRAZINE<br>MANCOZEB,498.2,36019,"Clinton County, New York(7)"
36021,36,021,Columbia County,New York,634.6605077220078,91035.5,143.43967978526737,495.7,PETROLEUM OIL<br>PHOSMET<br>GLYPHOSATE<br>CAPTAN<br>ATRAZINE,495.7,36021,"Columbia County, New York(7)"
36023,36,023,Cortland County,New York,498.7714100386101,7526.1,15.089277068662378,541,GLYPHOSATE<br>METOLACHLOR & METOLACHLOR-S<br>ATRAZINE<br>MANCOZEB<br>DICAMBA,541,36023,"Cortland County, New York(7)"
36025,36,025,Delaware County,New York,1442.5894428571428,20420.3,14.155309468753812,468.7,GLYPHOSATE<br>ATRAZINE<br>PENDIMETHALIN<br>PETROLEUM OIL<br>PHOSMET,468.7,36025,"Delaware County, New York(7)"
36027,36,027,Dutchess County,New York,795.5979193050193,25291.9,31.789801589844902,462,GLYPHOSATE<br>PETROLEUM OIL<br>PHOSMET<br>ATRAZINE<br>PENDIMETHALIN,462,36027,"Dutchess County, New York(7)"
36029,36,029,Erie County,New York,1042.758079150579,60939.8,58.44097611752957,516.8,GLYPHOSATE<br>METOLACHLOR & METOLACHLOR-S<br>ATRAZINE<br>MANCOZEB<br>ACETOCHLOR,516.8,36029,"Erie County, New York(7)"
36031,36,031,Essex County,New York,1794.1131984555984,3385.4,1.8869489410780809,411.2,GLYPHOSATE<br>ATRAZINE<br>PETROLEUM OIL<br>CAPTAN<br>METOLACHLOR & METOLACHLOR-S,411.2,36031,"Essex County, New York(7)"
36033,36,033,Franklin County,New York,1629.2884772200773,19967.6,12.25541104548232,485.3,GLYPHOSATE<br>ATRAZINE<br>ACETOCHLOR<br>CHLOROTHALONIL<br>SIMAZINE,485.3,36033,"Franklin County, New York(7)"
36035,36,035,Fulton County,New York,495.4574081081081,7361,14.85697837904533,524.4,PETROLEUM OIL<br>CAPTAN<br>MANCOZEB<br>PHOSMET<br>METOLACHLOR & METOLACHLOR-S,524.4,36035,"Fulton County, New York(7)"
36037,36,037,Genesee County,New York,492.9741451737452,135482.1,274.82597480289826,508.8,GLYPHOSATE<br>METOLACHLOR & METOLACHLOR-S<br>ATRAZINE<br>MANCOZEB<br>CHLOROTHALONIL,508.8,36037,"Genesee County, New York(7)"
36039,36,039,Greene County,New York,647.1584934362934,10524.1,16.2620132575545,508.3,GLYPHOSATE<br>ATRAZINE<br>METOLACHLOR & METOLACHLOR-S<br>METHOMYL<br>PENDIMETHALIN,508.3,36039,"Greene County, New York(7)"
36041,36,041,Hamilton County,New York,1717.3703907335907,1206,0.7022363996183991,474.2,PETROLEUM OIL<br>CAPTAN<br>MANCOZEB<br>PHOSMET<br>COPPER SULFATE,474.2,36041,"Hamilton County, New York(7)"
36043,36,043,Herkimer County,New York,1410.5792752895752,7043.4000000000005,4.993267747077933,497.5,GLYPHOSATE<br>METOLACHLOR & METOLACHLOR-S<br>ATRAZINE<br>MANCOZEB<br>CAPTAN,497.5,36043,"Herkimer County, New York(7)"
36045,36,045,Jefferson County,New York,1267.924416988417,97360.8,76.78754245560792,534.9,ATRAZINE<br>GLYPHOSATE<br>METOLACHLOR & METOLACHLOR-S<br>PENDIMETHALIN<br>DICAMBA,534.9,36045,"Jefferson County, New York(7)"
36047,36,047,Kings County,New York,69.3762474903475,260.4,3.753446019637054,413.6,PHOSPHORIC ACID<br>CHLOROTHALONIL<br>MANCOZEB<br>ETHALFLURALIN<br>COPPER HYDROXIDE,413.6,36047,"Kings County, New York(7)"
36049,36,049,Lewis County,New York,1276.303427027027,47619.600000000006,37.31056345349107,495.9,ATRAZINE<br>GLYPHOSATE<br>METOLACHLOR & METOLACHLOR-S<br>PENDIMETHALIN<br>DICAMBA,495.9,36049,"Lewis County, New York(7)"
36051,36,051,Livingston County,New York,631.651183011583,123214.9,195.0679478071056,500.9,GLYPHOSATE<br>METOLACHLOR & METOLACHLOR-S<br>ATRAZINE<br>ACETOCHLOR<br>MESOTRIONE,500.9,36051,"Livingston County, New York(7)"
36053,36,053,Madison County,New York,654.8471173745173,20252.8,30.927524093256572,488.2,METOLACHLOR & METOLACHLOR-S<br>GLYPHOSATE<br>ATRAZINE<br>BENTAZONE<br>TRIFLURALIN,488.2,36053,"Madison County, New York(7)"
36055,36,055,Monroe County,New York,656.9409409266409,103282.8,157.21778559624488,509.6,GLYPHOSATE<br>METOLACHLOR & METOLACHLOR-S<br>MANCOZEB<br>CHLOROTHALONIL<br>ATRAZINE,509.6,36055,"Monroe County, New York(7)"
36057,36,057,Montgomery County,New York,403.1091258687258,26624.2,66.04712791511022,525,"METOLACHLOR & METOLACHLOR-S<br>ATRAZINE<br>2,4-D<br>PENDIMETHALIN<br>GLYPHOSATE",525,36057,"Montgomery County, New York(7)"
36059,36,059,Nassau County,New York,284.54263783783784,1990.9,6.996842424489729,492.3,CHLOROTHALONIL<br>PHOSPHORIC ACID<br>MANCOZEB<br>PENDIMETHALIN<br>METOLACHLOR & METOLACHLOR-S,492.3,36059,"Nassau County, New York(7)"
36061,36,061,New York County,New York,22.65786833976834,0.30000000000000004,0.01324043354393802,427.3,METOLACHLOR & METOLACHLOR-S<br>TRIFLURALIN<br>BIFENTHRIN<br>HALOSULFURON<br>PENDIMETHALIN,427.3,36061,"New York County, New York(7)"
36063,36,063,Niagara County,New York,522.3460007722008,133670.3,255.9037492435874,549,GLYPHOSATE<br>CAPTAN<br>METOLACHLOR & METOLACHLOR-S<br>MANCOZEB<br>ATRAZINE,549,36063,"Niagara County, New York(7)"
36065,36,065,Oneida County,New York,1212.4367525096525,23418.8,19.31548177793592,493.9,GLYPHOSATE<br>METOLACHLOR & METOLACHLOR-S<br>ATRAZINE<br>MANCOZEB<br>CAPTAN,493.9,36065,"Oneida County, New York(7)"
36067,36,067,Onondaga County,New York,778.3891111969112,28742.9,36.92613319808996,500.2,GLYPHOSATE<br>METOLACHLOR & METOLACHLOR-S<br>ATRAZINE<br>MANCOZEB<br>CAPTAN,500.2,36067,"Onondaga County, New York(7)"
36069,36,069,Ontario County,New York,644.0726351351351,98735.6,153.29885887681587,518.5,GLYPHOSATE<br>METOLACHLOR & METOLACHLOR-S<br>ATRAZINE<br>ACETOCHLOR<br>MANCOZEB,518.5,36069,"Ontario County, New York(7)"
36071,36,071,Orange County,New York,812.0744571428571,66040.9,81.32370057833542,471.3,PETROLEUM OIL<br>PHOSMET<br>MANCOZEB<br>GLYPHOSATE<br>CAPTAN,471.3,36071,"Orange County, New York(7)"
36073,36,073,Orleans County,New York,391.2605115830116,216356.1,552.9719805472803,547.5,GLYPHOSATE<br>MANCOZEB<br>CAPTAN<br>METOLACHLOR & METOLACHLOR-S<br>CHLOROTHALONIL,547.5,36073,"Orleans County, New York(7)"
36075,36,075,Oswego County,New York,951.6160648648648,24166.7,25.395430880448423,545.7,MANCOZEB<br>CHLOROTHALONIL<br>GLYPHOSATE<br>METOLACHLOR & METOLACHLOR-S<br>PENDIMETHALIN,545.7,36075,"Oswego County, New York(7)"
36077,36,077,Otsego County,New York,1001.7329822393824,6481.9000000000005,6.470686415365559,496.2,GLYPHOSATE<br>METOLACHLOR & METOLACHLOR-S<br>ATRAZINE<br>CAPTAN<br>MANCOZEB,496.2,36077,"Otsego County, New York(7)"
36079,36,079,Putnam County,New York,230.2510111969112,5621.9,24.416396569881456,488.2,METHOMYL<br>METOLACHLOR & METOLACHLOR-S<br>PETROLEUM OIL<br>PHOSMET<br>MANCOZEB,488.2,36079,"Putnam County, New York(7)"
36081,36,081,Queens County,New York,108.7235718146718,2828.9,26.0191966910551,399.2,PETROLEUM OIL<br>PHOSMET<br>CAPTAN<br>METOLACHLOR & METOLACHLOR-S<br>MANCOZEB,399.2,36081,"Queens County, New York(7)"
36083,36,083,Rensselaer County,New York,652.4561023166024,48323.9,74.06459963884433,504.3,PETROLEUM OIL<br>CAPTAN<br>METOLACHLOR & METOLACHLOR-S<br>PHOSMET<br>MANCOZEB,504.3,36083,"Rensselaer County, New York(7)"
36085,36,085,Richmond County,New York,57.52226988416989,169.3,2.943207914793907,508.6,ATRAZINE<br>PENDIMETHALIN<br>CYHALOTHRIN-LAMBDA<br>MANCOZEB<br>CHLOROTHALONIL,508.6,36085,"Richmond County, New York(7)"
36087,36,087,Rockland County,New York,173.68378301158302,2643.8,15.221916255841135,459.8,PETROLEUM OIL<br>PHOSMET<br>CAPTAN<br>MANCOZEB<br>SULFUR,459.8,36087,"Rockland County, New York(7)"
36089,36,089,St. Lawrence County,New York,2679.513391891892,46229.7,17.253020693939934,465.8,ATRAZINE<br>GLYPHOSATE<br>METOLACHLOR & METOLACHLOR-S<br>PENDIMETHALIN<br>DICAMBA,465.8,36089,"St. Lawrence County, New York(7)"
36091,36,091,Saratoga County,New York,809.966140926641,42955.7,53.03394528425172,501.4,PETROLEUM OIL<br>CAPTAN<br>METOLACHLOR & METOLACHLOR-S<br>PHOSMET<br>MANCOZEB,501.4,36091,"Saratoga County, New York(7)"
36093,36,093,Schenectady County,New York,204.6678420849421,9846.3,48.10868136242696,493.1,PETROLEUM OIL<br>CAPTAN<br>METOLACHLOR & METOLACHLOR-S<br>MANCOZEB<br>PHOSMET,493.1,36093,"Schenectady County, New York(7)"
36095,36,095,Schoharie County,New York,621.8160428571429,29372,47.235834998789144,484.7,PETROLEUM OIL<br>CAPTAN<br>PHOSMET<br>MANCOZEB<br>METOLACHLOR & METOLACHLOR-S,484.7,36095,"Schoharie County, New York(7)"
36097,36,097,Schuyler County,New York,328.34185444015446,5672.7,17.276810504930435,534.6,"GLYPHOSATE<br>METOLACHLOR & METOLACHLOR-S<br>PENDIMETHALIN<br>2,4-D<br>MANCOZEB",534.6,36097,"Schuyler County, New York(7)"
36099,36,099,Seneca County,New York,323.69605057915055,55404.8,171.16303983589182,517,GLYPHOSATE<br>METOLACHLOR & METOLACHLOR-S<br>ATRAZINE<br>ACETOCHLOR<br>DICAMBA,517,36099,"Seneca County, New York(7)"
36101,36,101,Steuben County,New York,1390.5032347490348,33046.299999999996,23.76571242278653,490.2,GLYPHOSATE<br>METOLACHLOR & METOLACHLOR-S<br>ATRAZINE<br>CHLOROTHALONIL<br>MANCOZEB,490.2,36101,"Steuben County, New York(7)"
36103,36,103,Suffolk County,New York,910.9293316602316,30359.6,33.32816163100988,514.9,CHLOROTHALONIL<br>PETROLEUM OIL<br>PHOSPHORIC ACID<br>PHOSMET<br>CAPTAN,514.9,36103,"Suffolk County, New York(7)"
36105,36,105,Sullivan County,New York,968.140596138996,4715.9,4.871090024328385,440.3,GLYPHOSATE<br>ATRAZINE<br>PENDIMETHALIN<br>PETROLEUM OIL<br>PHOSMET,440.3,36105,"Sullivan County, New York(7)"
36107,36,107,Tioga County,New York,518.7644849420849,6391.5,12.320619829465675,498.9,"GLYPHOSATE<br>METOLACHLOR & METOLACHLOR-S<br>CAPTAN<br>2,4-D<br>PENDIMETHALIN",498.9,36107,"Tioga County, New York(7)"
36109,36,109,Tompkins County,New York,474.6416444015444,12216.1,25.737522495319105,446.7,GLYPHOSATE<br>METOLACHLOR & METOLACHLOR-S<br>PENDIMETHALIN<br>MANCOZEB<br>ATRAZINE,446.7,36109,"Tompkins County, New York(7)"
36111,36,111,Ulster County,New York,1124.2307969111969,161268.3,143.44768035449806,454.8,PETROLEUM OIL<br>PHOSMET<br>CAPTAN<br>MANCOZEB<br>GLYPHOSATE,454.8,36111,"Ulster County, New York(7)"
36113,36,113,Warren County,New York,867.2175606177606,985.2,1.1360471059859476,518.3,CHLOROTHALONIL<br>METOLACHLOR & METOLACHLOR-S<br>MANCOZEB<br>PENDIMETHALIN<br>GLYPHOSATE,518.3,36113,"Warren County, New York(7)"
36115,36,115,Washington County,New York,831.1865301158301,30744,36.9880873739805,487.9,"METOLACHLOR & METOLACHLOR-S<br>ATRAZINE<br>2,4-D<br>PETROLEUM OIL<br>CAPTAN",487.9,36115,"Washington County, New York(7)"
36117,36,117,Wayne County,New York,603.8275575289575,441145.8,730.5824229111042,515.6,CAPTAN<br>MANCOZEB<br>GLYPHOSATE<br>SULFUR<br>METOLACHLOR & METOLACHLOR-S,515.6,36117,"Wayne County, New York(7)"
36119,36,119,Westchester County,New York,430.8154208494208,6239,14.481840013291132,456.3,METHOMYL<br>PETROLEUM OIL<br>METOLACHLOR & METOLACHLOR-S<br>PHOSMET<br>MANCOZEB,456.3,36119,"Westchester County, New York(7)"
36121,36,121,Wyoming County,New York,592.6974386100386,158962.19999999998,268.2012602801007,523.2,GLYPHOSATE<br>METOLACHLOR & METOLACHLOR-S<br>CHLOROTHALONIL<br>MANCOZEB<br>ATRAZINE,523.2,36121,"Wyoming County, New York(7)"
36123,36,123,Yates County,New York,338.13792432432433,36913.3,109.16640028994406,514.6,GLYPHOSATE<br>METOLACHLOR & METOLACHLOR-S<br>ATRAZINE<br>ACETOCHLOR<br>MANCOZEB,514.6,36123,"Yates County, New York(7)"
37001,37,001,Alamance County,North Carolina,423.46070926640925,12470.8,29.449721608420393,504.7,"CHLOROPICRIN<br>DECAN-1-OL<br>GLYPHOSATE<br>2,4-D<br>FATTY ALCOHOLS",504.7,37001,"Alamance County, North Carolina(6)"
37003,37,003,Alexander County,North Carolina,259.987844015444,23657.4,90.99425432596256,474.6,"CHLOROPICRIN<br>GLYPHOSATE<br>2,4-D<br>ATRAZINE<br>CHLORPYRIFOS",474.6,37003,"Alexander County, North Carolina(6)"
37005,37,005,Alleghany County,North Carolina,234.83408416988416,13320.8,56.72430408510649,364.5,"2,4-D<br>MANCOZEB<br>CHLOROTHALONIL<br>GLYPHOSATE<br>TRICLOPYR",364.5,37005,"Alleghany County, North Carolina(6)"
37007,37,007,Anson County,North Carolina,531.4587416988417,50654.1,95.3114438160918,554.9,GLYPHOSATE<br>PARAQUAT<br>ATRAZINE<br>METOLACHLOR & METOLACHLOR-S<br>DICAMBA,554.9,37007,"Anson County, North Carolina(6)"
37009,37,009,Ashe County,North Carolina,426.263844015444,14465.8,33.93625850067614,423.6,"2,4-D<br>GLYPHOSATE<br>TRICLOPYR<br>MANCOZEB<br>CHLOROPICRIN",423.6,37009,"Ashe County, North Carolina(6)"
37011,37,011,Avery County,North Carolina,247.33673243243243,2670.9,10.798638656430208,445.6,"2,4-D<br>CHLOROPICRIN<br>DICHLOROPROPENE<br>CHLOROTHALONIL<br>MANCOZEB",445.6,37011,"Avery County, North Carolina(6)"
37013,37,013,Beaufort County,North Carolina,832.73221003861,252975.9,303.790218452425,463.7,"GLYPHOSATE<br>CHLOROPICRIN<br>ATRAZINE<br>2,4-D<br>METOLACHLOR & METOLACHLOR-S",463.7,37013,"Beaufort County, North Carolina(6)"
37015,37,015,Bertie County,North Carolina,699.17318996139,337785.3,483.1210705013636,460.7,CHLOROPICRIN<br>GLYPHOSATE<br>DECAN-1-OL<br>METOLACHLOR & METOLACHLOR-S<br>ETHEPHON,460.7,37015,"Bertie County, North Carolina(6)"
37017,37,017,Bladen County,North Carolina,874.9515698841699,52893.2,60.45271740812151,459.7,GLYPHOSATE<br>METOLACHLOR & METOLACHLOR-S<br>ATRAZINE<br>DICHLOROPROPENE<br>CHLOROTHALONIL,459.7,37017,"Bladen County, North Carolina(6)"
37019,37,019,Brunswick County,North Carolina,850.0651621621622,18532.9,21.801740413477365,493,GLYPHOSATE<br>METOLACHLOR & METOLACHLOR-S<br>ATRAZINE<br>DICHLOROPROPENE<br>METHYL BROMIDE,493,37019,"Brunswick County, North Carolina(6)"
37021,37,021,Buncombe County,North Carolina,656.487071042471,23405.9,35.65325355582786,457.3,"CHLOROPICRIN<br>2,4-D<br>DICHLOROPROPENE<br>GLYPHOSATE<br>METOLACHLOR & METOLACHLOR-S",457.3,37021,"Buncombe County, North Carolina(6)"
37023,37,023,Burke County,North Carolina,506.2343158301158,5930.7,11.715325916369226,480,"2,4-D<br>GLYPHOSATE<br>METOLACHLOR & METOLACHLOR-S<br>ATRAZINE<br>MANCOZEB",480,37023,"Burke County, North Carolina(6)"
37025,37,025,Cabarrus County,North Carolina,361.2306652509653,24170.1,66.9104323776272,476.3,"GLYPHOSATE<br>PARAQUAT<br>ATRAZINE<br>METOLACHLOR & METOLACHLOR-S<br>2,4-D",476.3,37025,"Cabarrus County, North Carolina(6)"
37027,37,027,Caldwell County,North Carolina,471.8828444015444,4478.2,9.490067403656903,497.2,"2,4-D<br>GLYPHOSATE<br>TRICLOPYR<br>MANCOZEB<br>CHLOROTHALONIL",497.2,37027,"Caldwell County, North Carolina(6)"
37029,37,029,Camden County,North Carolina,240.32488725868728,78944.40000000001,328.49032366349866,359.6,"GLYPHOSATE<br>ATRAZINE<br>METOLACHLOR & METOLACHLOR-S<br>2,4-D<br>GLUFOSINATE",359.6,37029,"Camden County, North Carolina(6)"
37031,37,031,Carteret County,North Carolina,507.6039081081081,33381.8,65.76348106620652,479.6,"DICHLOROPROPENE<br>GLYPHOSATE<br>ATRAZINE<br>2,4-D<br>METOLACHLOR & METOLACHLOR-S",479.6,37031,"Carteret County, North Carolina(6)"
37033,37,033,Caswell County,North Carolina,425.481,23665.5,55.62058000239729,487.6,"CHLOROPICRIN<br>DECAN-1-OL<br>FATTY ALCOHOLS<br>GLYPHOSATE<br>2,4-D",487.6,37033,"Caswell County, North Carolina(6)"
37035,37,035,Catawba County,North Carolina,401.3717281853282,13781.9,34.33699743205726,451.9,"GLYPHOSATE<br>ATRAZINE<br>METOLACHLOR & METOLACHLOR-S<br>DICHLOROPROPENE<br>2,4-D",451.9,37035,"Catawba County, North Carolina(6)"
37037,37,037,Chatham County,North Carolina,681.4790965250966,26054.9,38.23286749785213,470.8,"CHLOROPICRIN<br>2,4-D<br>GLYPHOSATE<br>ATRAZINE<br>DICHLOROPROPENE",470.8,37037,"Chatham County, North Carolina(6)"
37039,37,039,Cherokee County,North Carolina,455.5374656370656,5197.5,11.409599411831772,467,"2,4-D<br>GLYPHOSATE<br>METOLACHLOR & METOLACHLOR-S<br>ATRAZINE<br>PARAQUAT",467,37039,"Cherokee County, North Carolina(6)"
37041,37,041,Chowan County,North Carolina,172.65634710424712,102980.6,596.4483885311322,427.7,GLYPHOSATE<br>METOLACHLOR & METOLACHLOR-S<br>ETHEPHON<br>ACETOCHLOR<br>CHLOROTHALONIL,427.7,37041,"Chowan County, North Carolina(6)"
37043,37,043,Clay County,North Carolina,214.9998003861004,7531.3,35.02933484810293,445.7,"GLYPHOSATE<br>CHLOROTHALONIL<br>CHLOROPICRIN<br>2,4-D<br>DICHLOROPROPENE",445.7,37043,"Clay County, North Carolina(6)"
37045,37,045,Cleveland County,North Carolina,464.25085173745174,44721.1,96.32960248243371,511.2,"GLYPHOSATE<br>PARAQUAT<br>METOLACHLOR & METOLACHLOR-S<br>ATRAZINE<br>2,4-D",511.2,37045,"Cleveland County, North Carolina(6)"
37047,37,047,Columbus County,North Carolina,938.1932409266408,155173.4,165.39599011258846,487,GLYPHOSATE<br>DICHLOROPROPENE<br>METOLACHLOR & METOLACHLOR-S<br>METHYL BROMIDE<br>ATRAZINE,487,37047,"Columbus County, North Carolina(6)"
37049,37,049,Craven County,North Carolina,706.5384613899614,166224.2,235.26560701733052,501.5,"CHLOROPICRIN<br>GLYPHOSATE<br>DECAN-1-OL<br>ATRAZINE<br>2,4-D",501.5,37049,"Craven County, North Carolina(6)"
37051,37,051,Cumberland County,North Carolina,652.5626548262549,102882.4,157.65903739525592,474.8,DICHLOROPROPENE<br>GLYPHOSATE<br>METHYL BROMIDE<br>DECAN-1-OL<br>CHLOROPICRIN,474.8,37051,"Cumberland County, North Carolina(6)"
37053,37,053,Currituck County,North Carolina,261.9090247104247,50635.9,193.3339259919918,318.7,"GLYPHOSATE<br>ATRAZINE<br>METOLACHLOR & METOLACHLOR-S<br>2,4-D<br>GLUFOSINATE",318.7,37053,"Currituck County, North Carolina(6)"
37055,37,055,Dare County,North Carolina,383.22724015444015,11165.4,29.13519403135423,426.6,"GLYPHOSATE<br>ATRAZINE<br>METOLACHLOR & METOLACHLOR-S<br>2,4-D<br>GLUFOSINATE",426.6,37055,"Dare County, North Carolina(6)"
37057,37,057,Davidson County,North Carolina,552.9929637065637,20019.7,36.202449784918265,495.6,"CHLOROPICRIN<br>GLYPHOSATE<br>ATRAZINE<br>METOLACHLOR & METOLACHLOR-S<br>2,4-D",495.6,37057,"Davidson County, North Carolina(6)"
37059,37,059,Davie County,North Carolina,263.6978915057915,15523.4,58.8681233337016,492.4,"GLYPHOSATE<br>ATRAZINE<br>2,4-D<br>METOLACHLOR & METOLACHLOR-S<br>DICHLOROPROPENE",492.4,37059,"Davie County, North Carolina(6)"
37061,37,061,Duplin County,North Carolina,814.7165231660232,191987.9,235.6499402441561,482.2,GLYPHOSATE<br>DICHLOROPROPENE<br>METOLACHLOR & METOLACHLOR-S<br>ATRAZINE<br>METHYL BROMIDE,482.2,37061,"Duplin County, North Carolina(6)"
37063,37,063,Durham County,North Carolina,287.5475833976834,2848,9.904447696439744,458.3,"CHLOROPICRIN<br>DECAN-1-OL<br>FATTY ALCOHOLS<br>2,4-D<br>DICHLOROPROPENE",458.3,37063,"Durham County, North Carolina(6)"
37065,37,065,Edgecombe County,North Carolina,505.4339359073359,369828.4,731.7047268227013,499,CHLOROPICRIN<br>DECAN-1-OL<br>GLYPHOSATE<br>METOLACHLOR & METOLACHLOR-S<br>DICHLOROPROPENE,499,37065,"Edgecombe County, North Carolina(6)"
37067,37,067,Forsyth County,North Carolina,408.0441471042471,6544.8,16.039440943942605,469.3,"GLYPHOSATE<br>CHLOROPICRIN<br>DECAN-1-OL<br>FATTY ALCOHOLS<br>2,4-D",469.3,37067,"Forsyth County, North Carolina(6)"
37069,37,069,Franklin County,North Carolina,491.7998756756757,39968.9,81.27065901569696,481.7,CHLOROPICRIN<br>DECAN-1-OL<br>GLYPHOSATE<br>FATTY ALCOHOLS<br>ETHEPHON,481.7,37069,"Franklin County, North Carolina(6)"
37071,37,071,Gaston County,North Carolina,355.74888996139,8159.4,22.93584106723581,502.9,"GLYPHOSATE<br>PARAQUAT<br>METOLACHLOR & METOLACHLOR-S<br>2,4-D<br>DICAMBA",502.9,37071,"Gaston County, North Carolina(6)"
37073,37,073,Gates County,North Carolina,340.6106984555985,95301,279.7944997973201,293.7,"GLYPHOSATE<br>METOLACHLOR & METOLACHLOR-S<br>ETHEPHON<br>ACETOCHLOR<br>2,4-D",293.7,37073,"Gates County, North Carolina(6)"
37075,37,075,Graham County,North Carolina,291.96706061776064,6850.2,23.462235724488764,422.7,"2,4-D<br>CHLOROPICRIN<br>CHLOROTHALONIL<br>DICHLOROPROPENE<br>MANCOZEB",422.7,37075,"Graham County, North Carolina(6)"
37077,37,077,Granville County,North Carolina,531.9884976833977,24510.6,46.073552542459275,519,"CHLOROPICRIN<br>DECAN-1-OL<br>FATTY ALCOHOLS<br>GLYPHOSATE<br>2,4-D",519,37077,"Granville County, North Carolina(6)"
37079,37,079,Greene County,North Carolina,266.733194980695,330577.7,1239.3571787115804,472.5,CHLOROPICRIN<br>DECAN-1-OL<br>GLYPHOSATE<br>FATTY ALCOHOLS<br>DICHLOROPROPENE,472.5,37079,"Greene County, North Carolina(6)"
37081,37,081,Guilford County,North Carolina,645.984633976834,20622.5,31.924133973656648,480.5,"CHLOROPICRIN<br>DECAN-1-OL<br>GLYPHOSATE<br>FATTY ALCOHOLS<br>2,4-D",480.5,37081,"Guilford County, North Carolina(6)"
37083,37,083,Halifax County,North Carolina,723.7347227799228,425739.7,588.253798801721,500.2,GLYPHOSATE<br>CHLOROPICRIN<br>DECAN-1-OL<br>ETHEPHON<br>ACETOCHLOR,500.2,37083,"Halifax County, North Carolina(6)"
37085,37,085,Harnett County,North Carolina,595.0964467181467,153098.30000000002,257.2663655518538,487.9,DICHLOROPROPENE<br>METHYL BROMIDE<br>GLYPHOSATE<br>DECAN-1-OL<br>CHLOROPICRIN,487.9,37085,"Harnett County, North Carolina(6)"
37087,37,087,Haywood County,North Carolina,553.5574710424711,18850.9,34.05409733608976,509.2,"2,4-D<br>GLYPHOSATE<br>CHLOROPICRIN<br>CHLOROTHALONIL<br>DICHLOROPROPENE",509.2,37087,"Haywood County, North Carolina(6)"
37089,37,089,Henderson County,North Carolina,372.9459826254826,97786.9,262.201242420136,466.7,CHLOROPICRIN<br>PETROLEUM OIL<br>ZIRAM<br>DICHLOROPROPENE<br>CAPTAN,466.7,37089,"Henderson County, North Carolina(6)"
37091,37,091,Hertford County,North Carolina,353.16191235521234,229557.9,650.0075233738946,441,CHLOROPICRIN<br>DECAN-1-OL<br>GLYPHOSATE<br>METOLACHLOR & METOLACHLOR-S<br>ETHEPHON,441,37091,"Hertford County, North Carolina(6)"
37093,37,093,Hoke County,North Carolina,390.1512057915058,39061.7,100.11938812480388,488.4,GLYPHOSATE<br>ACETOCHLOR<br>METOLACHLOR & METOLACHLOR-S<br>ETHEPHON<br>GLUFOSINATE,488.4,37093,"Hoke County, North Carolina(6)"
37095,37,095,Hyde County,North Carolina,612.3390084942085,168733,275.554876725767,441.4,"GLYPHOSATE<br>ATRAZINE<br>2,4-D<br>METOLACHLOR & METOLACHLOR-S<br>DICHLOROPROPENE",441.4,37095,"Hyde County, North Carolina(6)"
37097,37,097,Iredell County,North Carolina,574.4343393822394,20007.1,34.829220031511554,482.7,"GLYPHOSATE<br>ATRAZINE<br>METOLACHLOR & METOLACHLOR-S<br>2,4-D<br>PARAQUAT",482.7,37097,"Iredell County, North Carolina(6)"
37099,37,099,Jackson County,North Carolina,491.10756216216214,10385.6,21.147302139425637,431.4,"GLYPHOSATE<br>METOLACHLOR & METOLACHLOR-S<br>ATRAZINE<br>2,4-D<br>CHLOROPICRIN",431.4,37099,"Jackson County, North Carolina(6)"
37101,37,101,Johnston County,North Carolina,792.0133366795367,411101.4,519.0586836877209,489.6,CHLOROPICRIN<br>DECAN-1-OL<br>GLYPHOSATE<br>FATTY ALCOHOLS<br>DICHLOROPROPENE,489.6,37101,"Johnston County, North Carolina(6)"
37103,37,103,Jones County,North Carolina,471.36562007722006,143331.3,304.07669523398664,522.3,"GLYPHOSATE<br>CHLOROPICRIN<br>2,4-D<br>ATRAZINE<br>METOLACHLOR & METOLACHLOR-S",522.3,37103,"Jones County, North Carolina(6)"
37105,37,105,Lee County,North Carolina,255.07071467181467,44532.3,174.58805514893092,462.7,CHLOROPICRIN<br>GLYPHOSATE<br>DECAN-1-OL<br>CHLORPYRIFOS<br>ACEPHATE,462.7,37105,"Lee County, North Carolina(6)"
37107,37,107,Lenoir County,North Carolina,399.0849447876448,343405.2,860.4814701359575,506.1,CHLOROPICRIN<br>GLYPHOSATE<br>DECAN-1-OL<br>FATTY ALCOHOLS<br>ATRAZINE,506.1,37107,"Lenoir County, North Carolina(6)"
37109,37,109,Lincoln County,North Carolina,295.85002046332045,21377.4,72.2575579562969,500,GLYPHOSATE<br>PARAQUAT<br>METOLACHLOR & METOLACHLOR-S<br>DICAMBA<br>ATRAZINE,500,37109,"Lincoln County, North Carolina(6)"
37111,37,111,McDowell County,North Carolina,439.9523876447876,4176.3,9.492618104329726,537.2,"2,4-D<br>GLYPHOSATE<br>PARAQUAT<br>METOLACHLOR & METOLACHLOR-S<br>SULFENTRAZONE",537.2,37111,"McDowell County, North Carolina(6)"
37113,37,113,Macon County,North Carolina,515.5617633204633,3897.4,7.559521045352331,440,"2,4-D<br>GLYPHOSATE<br>PARAQUAT<br>SULFENTRAZONE<br>SULFUR",440,37113,"Macon County, North Carolina(6)"
37115,37,115,Madison County,North Carolina,449.6132525096525,14416.6,32.064446320319476,474.4,"2,4-D<br>GLYPHOSATE<br>METOLACHLOR & METOLACHLOR-S<br>ATRAZINE<br>CHLORPYRIFOS",474.4,37115,"Madison County, North Carolina(6)"
37117,37,117,Martin County,North Carolina,456.4102463320463,375209,822.0871529843548,494,CHLOROPICRIN<br>DECAN-1-OL<br>GLYPHOSATE<br>ETHEPHON<br>ACETOCHLOR,494,37117,"Martin County, North Carolina(6)"
37119,37,119,Mecklenburg County,North Carolina,523.6096992277992,5468.1,10.443083862014316,462.4,GLYPHOSATE<br>PARAQUAT<br>ATRAZINE<br>METOLACHLOR & METOLACHLOR-S<br>SULFUR,462.4,37119,"Mecklenburg County, North Carolina(6)"
37121,37,121,Mitchell County,North Carolina,221.2495084942085,6731.3,30.424022389076633,478.8,"CHLOROPICRIN<br>2,4-D<br>DICHLOROPROPENE<br>CHLOROTHALONIL<br>MANCOZEB",478.8,37121,"Mitchell County, North Carolina(6)"
37123,37,123,Montgomery County,North Carolina,491.53499073359075,13354.8,27.16958151863949,454.1,SULFUR<br>CHLOROPICRIN<br>GLYPHOSATE<br>PARAQUAT<br>ATRAZINE,454.1,37123,"Montgomery County, North Carolina(6)"
37125,37,125,Moore County,North Carolina,697.624105019305,63260.5,90.67992281925152,499.4,CHLOROPICRIN<br>DICHLOROPROPENE<br>METHYL BROMIDE<br>DECAN-1-OL<br>GLYPHOSATE,499.4,37125,"Moore County, North Carolina(6)"
37127,37,127,Nash County,North Carolina,540.4412768339769,411677.4,761.7430748659617,429.6,CHLOROPICRIN<br>DECAN-1-OL<br>GLYPHOSATE<br>DICHLOROPROPENE<br>MALEIC HYDRAZIDE,429.6,37127,"Nash County, North Carolina(6)"
37129,37,129,New Hanover County,North Carolina,192.22371196911195,32182.6,167.4226330889467,484.4,DICHLOROPROPENE<br>BIFENTHRIN<br>CARBARYL<br>ATRAZINE<br>METHOMYL,484.4,37129,"New Hanover County, North Carolina(6)"
37131,37,131,Northampton County,North Carolina,536.7079332046332,290440.9,541.152612121465,476.2,GLYPHOSATE<br>ETHEPHON<br>ACETOCHLOR<br>METOLACHLOR & METOLACHLOR-S<br>ACEPHATE,476.2,37131,"Northampton County, North Carolina(6)"
37133,37,133,Onslow County,North Carolina,762.0816799227799,48553,63.711018489408865,536.5,GLYPHOSATE<br>DICHLOROPROPENE<br>METHYL BROMIDE<br>METOLACHLOR & METOLACHLOR-S<br>DECAN-1-OL,536.5,37133,"Onslow County, North Carolina(6)"
37135,37,135,Orange County,North Carolina,397.5412961389962,9896.1,24.893262904037854,459.2,"CHLOROPICRIN<br>DECAN-1-OL<br>GLYPHOSATE<br>2,4-D<br>FATTY ALCOHOLS",459.2,37135,"Orange County, North Carolina(6)"
37137,37,137,Pamlico County,North Carolina,336.5138111969112,77305.7,229.7251923332339,495.3,"GLYPHOSATE<br>DICHLOROPROPENE<br>ATRAZINE<br>METOLACHLOR & METOLACHLOR-S<br>2,4-D",495.3,37137,"Pamlico County, North Carolina(6)"
37139,37,139,Pasquotank County,North Carolina,226.87654864864865,109082.8,480.80244807025247,402.6,"GLYPHOSATE<br>METOLACHLOR & METOLACHLOR-S<br>ATRAZINE<br>CHLOROTHALONIL<br>2,4-D",402.6,37139,"Pasquotank County, North Carolina(6)"
37141,37,141,Pender County,North Carolina,871.2960154440154,29595,33.966642192112275,493.2,GLYPHOSATE<br>METOLACHLOR & METOLACHLOR-S<br>ATRAZINE<br>GLUFOSINATE<br>DICHLOROPROPENE,493.2,37141,"Pender County, North Carolina(6)"
37143,37,143,Perquimans County,North Carolina,247.17142084942083,116468.3,471.20455754855897,427.1,"GLYPHOSATE<br>METOLACHLOR & METOLACHLOR-S<br>ATRAZINE<br>2,4-D<br>ACETOCHLOR",427.1,37143,"Perquimans County, North Carolina(6)"
37145,37,145,Person County,North Carolina,392.3377945945946,42919.5,109.39425309343196,510.5,CHLOROPICRIN<br>DECAN-1-OL<br>FATTY ALCOHOLS<br>GLYPHOSATE<br>CLOMAZONE,510.5,37145,"Person County, North Carolina(6)"
37147,37,147,Pitt County,North Carolina,652.363,419044.9,642.3492748669069,455.6,"CHLOROPICRIN<br>GLYPHOSATE<br>DECAN-1-OL<br>FATTY ALCOHOLS<br>2,4-D",455.6,37147,"Pitt County, North Carolina(6)"
37149,37,149,Polk County,North Carolina,237.68583976833975,6127.5,25.779827717007297,464.6,"2,4-D<br>PETROLEUM OIL<br>ZIRAM<br>CAPTAN<br>GLYPHOSATE",464.6,37149,"Polk County, North Carolina(6)"
37151,37,151,Randolph County,North Carolina,782.331961003861,36799.1,47.03770500796194,493.5,"CHLOROPICRIN<br>GLYPHOSATE<br>2,4-D<br>DICHLOROPROPENE<br>ATRAZINE",493.5,37151,"Randolph County, North Carolina(6)"
37153,37,153,Richmond County,North Carolina,473.68707606177605,22131.4,46.72156180405,518.5,GLYPHOSATE<br>PARAQUAT<br>METOLACHLOR & METOLACHLOR-S<br>CHLOROPICRIN<br>ATRAZINE,518.5,37153,"Richmond County, North Carolina(6)"
37155,37,155,Robeson County,North Carolina,947.289857915058,217230,229.3173501066647,496.2,GLYPHOSATE<br>METOLACHLOR & METOLACHLOR-S<br>ATRAZINE<br>DICHLOROPROPENE<br>METHYL BROMIDE,496.2,37155,"Robeson County, North Carolina(6)"
37157,37,157,Rockingham County,North Carolina,565.6395972972973,28626.8,50.60961102578874,488.9,"CHLOROPICRIN<br>DECAN-1-OL<br>FATTY ALCOHOLS<br>GLYPHOSATE<br>2,4-D",488.9,37157,"Rockingham County, North Carolina(6)"
37159,37,159,Rowan County,North Carolina,511.607144015444,26458.8,51.71702606092084,485.1,"GLYPHOSATE<br>ATRAZINE<br>METOLACHLOR & METOLACHLOR-S<br>DICHLOROPROPENE<br>2,4-D",485.1,37159,"Rowan County, North Carolina(6)"
37161,37,161,Rutherford County,North Carolina,565.4344664092664,9524.6,16.844746059583166,506.2,"2,4-D<br>GLYPHOSATE<br>CHLOROPICRIN<br>PARAQUAT<br>METOLACHLOR & METOLACHLOR-S",506.2,37161,"Rutherford County, North Carolina(6)"
37163,37,163,Sampson County,North Carolina,945.9274173745174,385747,407.7976733887952,512.7,DICHLOROPROPENE<br>GLYPHOSATE<br>METHYL BROMIDE<br>DECAN-1-OL<br>CHLOROPICRIN,512.7,37163,"Sampson County, North Carolina(6)"
37165,37,165,Scotland County,North Carolina,319.13899073359073,33179.4,103.96535980681011,484.6,GLYPHOSATE<br>METOLACHLOR & METOLACHLOR-S<br>ACETOCHLOR<br>GLUFOSINATE<br>ETHEPHON,484.6,37165,"Scotland County, North Carolina(6)"
37167,37,167,Stanly County,North Carolina,395.07843204633207,85877.1,217.36721884612757,519.7,GLYPHOSATE<br>PARAQUAT<br>ATRAZINE<br>METOLACHLOR & METOLACHLOR-S<br>DICAMBA,519.7,37167,"Stanly County, North Carolina(6)"
37169,37,169,Stokes County,North Carolina,449.32077876447875,12782.3,28.44805004377534,480.2,"CHLOROPICRIN<br>DECAN-1-OL<br>FATTY ALCOHOLS<br>GLYPHOSATE<br>2,4-D",480.2,37169,"Stokes County, North Carolina(6)"
37171,37,171,Surry County,North Carolina,532.6416250965251,26653.1,50.039461326684595,500.6,"GLYPHOSATE<br>2,4-D<br>ETHEPHON<br>TRICLOPYR<br>ATRAZINE",500.6,37171,"Surry County, North Carolina(6)"
37173,37,173,Swain County,North Carolina,527.7183316602317,2739.8,5.191784775375217,534.3,"CHLOROPICRIN<br>DICHLOROPROPENE<br>2,4-D<br>CHLOROTHALONIL<br>GLYPHOSATE",534.3,37173,"Swain County, North Carolina(6)"
37175,37,175,Transylvania County,North Carolina,378.35660154440154,6196.2,16.376613952836905,428.2,"CHLOROPICRIN<br>DICHLOROPROPENE<br>2,4-D<br>CHLOROTHALONIL<br>GLYPHOSATE",428.2,37175,"Transylvania County, North Carolina(6)"
37177,37,177,Tyrrell County,North Carolina,390.774776061776,95867.5,245.32673517505825,514.1,"GLYPHOSATE<br>ATRAZINE<br>METOLACHLOR & METOLACHLOR-S<br>2,4-D<br>GLUFOSINATE",514.1,37177,"Tyrrell County, North Carolina(6)"
37179,37,179,Union County,North Carolina,632.7363416988417,197244,311.7317388004254,487.9,GLYPHOSATE<br>PARAQUAT<br>ATRAZINE<br>METOLACHLOR & METOLACHLOR-S<br>DICAMBA,487.9,37179,"Union County, North Carolina(6)"
37181,37,181,Vance County,North Carolina,252.3943945945946,15849.8,62.79774963092405,486,CHLOROPICRIN<br>DECAN-1-OL<br>GLYPHOSATE<br>FATTY ALCOHOLS<br>CLOMAZONE,486,37181,"Vance County, North Carolina(6)"
37183,37,183,Wake County,North Carolina,834.6028046332046,153484.1,183.90077189766208,457.5,CHLOROPICRIN<br>DICHLOROPROPENE<br>GLYPHOSATE<br>DECAN-1-OL<br>CHLORPYRIFOS,457.5,37183,"Wake County, North Carolina(6)"
37185,37,185,Warren County,North Carolina,429.3896868725869,18229.5,42.45444303232475,476.3,GLYPHOSATE<br>CHLOROPICRIN<br>DECAN-1-OL<br>ETHEPHON<br>FATTY ALCOHOLS,476.3,37185,"Warren County, North Carolina(6)"
37187,37,187,Washington County,North Carolina,346.50818571428573,167492.4,483.37213060272785,484,"GLYPHOSATE<br>METOLACHLOR & METOLACHLOR-S<br>ATRAZINE<br>2,4-D<br>ACETOCHLOR",484,37187,"Washington County, North Carolina(6)"
37189,37,189,Watauga County,North Carolina,312.43816409266407,8311.6,26.602383944155154,428.8,"2,4-D<br>GLYPHOSATE<br>TRICLOPYR<br>CHLOROPICRIN<br>ATRAZINE",428.8,37189,"Watauga County, North Carolina(6)"
37191,37,191,Wayne County,North Carolina,553.919359073359,424948.9,767.1674460175734,522.2,CHLOROPICRIN<br>GLYPHOSATE<br>DECAN-1-OL<br>FATTY ALCOHOLS<br>ATRAZINE,522.2,37191,"Wayne County, North Carolina(6)"
37193,37,193,Wilkes County,North Carolina,753.6742455598455,18665.3,24.765739455691513,441.6,"2,4-D<br>GLYPHOSATE<br>TRICLOPYR<br>MANCOZEB<br>PETROLEUM OIL",441.6,37193,"Wilkes County, North Carolina(6)"
37195,37,195,Wilson County,North Carolina,367.5725420849421,397073.8,1080.2596890064776,456.4,CHLOROPICRIN<br>DECAN-1-OL<br>GLYPHOSATE<br>FATTY ALCOHOLS<br>DICHLOROPROPENE,456.4,37195,"Wilson County, North Carolina(6)"
37197,37,197,Yadkin County,North Carolina,334.9413277992278,29424.3,87.84911731656375,459.8,"GLYPHOSATE<br>2,4-D<br>ETHEPHON<br>CHLORPYRIFOS<br>ATRAZINE",459.8,37197,"Yadkin County, North Carolina(6)"
37199,37,199,Yancey County,North Carolina,312.59074285714286,4753.9,15.208063925848824,487.7,"2,4-D<br>GLYPHOSATE<br>MALEIC HYDRAZIDE<br>CHLOROTHALONIL<br>CHLOROPICRIN",487.7,37199,"Yancey County, North Carolina(6)"
38001,38,001,Adams County,North Dakota,987.5420451737452,74294.7,75.23193606093886,293.6,"GLYPHOSATE<br>2,4-D<br>DICAMBA<br>DIMETHENAMID & DIMETHENAMID-P<br>ATRAZINE",293.6,38001,"Adams County, North Dakota(6)"
38003,38,003,Barnes County,North Dakota,1491.552506177606,539390.4,361.63017913616267,446.9,GLYPHOSATE<br>METOLACHLOR & METOLACHLOR-S<br>GLUFOSINATE<br>BENTAZONE<br>ATRAZINE,446.9,38003,"Barnes County, North Dakota(6)"
38005,38,005,Benson County,North Dakota,1388.5488691119692,383031.7,275.8503560951107,495.9,GLYPHOSATE<br>CHLORPYRIFOS<br>ACETOCHLOR<br>BROMOXYNIL<br>FLUROXYPYR,495.9,38005,"Benson County, North Dakota(6)"
38007,38,007,Billings County,North Dakota,1148.4831142857142,40912.2,35.62281368450495,NA,"GLYPHOSATE<br>BROMOXYNIL<br>MANCOZEB<br>2,4-D<br>FLUROXYPYR",*,38007,"Billings County, North Dakota(6)"
38009,38,009,Bottineau County,North Dakota,1668.8501084942086,571000.2,342.15187876591824,504.5,GLYPHOSATE<br>GLUFOSINATE<br>BROMOXYNIL<br>CHLORPYRIFOS<br>FLUROXYPYR,504.5,38009,"Bottineau County, North Dakota(6)"
38011,38,011,Bowman County,North Dakota,1161.8033397683398,110282,94.92312186156214,432.4,"GLYPHOSATE<br>BROMOXYNIL<br>FLUROXYPYR<br>2,4-D<br>CLOPYRALID",432.4,38011,"Bowman County, North Dakota(6)"
38013,38,013,Burke County,North Dakota,1103.6140528957528,91637.4,83.03391911289486,386.2,"GLYPHOSATE<br>2,4-D<br>GLUFOSINATE<br>BROMOXYNIL<br>FLUROXYPYR",386.2,38013,"Burke County, North Dakota(6)"
38015,38,015,Burleigh County,North Dakota,1632.6869332046333,292164.7,178.94716620689795,463.6,"GLYPHOSATE<br>DICAMBA<br>2,4-D<br>CLOPYRALID<br>FLUROXYPYR",463.6,38015,"Burleigh County, North Dakota(6)"
38017,38,017,Cass County,North Dakota,1764.9264656370656,824652.9,467.24490569771945,489.7,GLYPHOSATE<br>METOLACHLOR & METOLACHLOR-S<br>GLUFOSINATE<br>ATRAZINE<br>ACETOCHLOR,489.7,38017,"Cass County, North Dakota(6)"
38019,38,019,Cavalier County,North Dakota,1489.1183544401545,397636.7,267.0282713354202,399.4,GLYPHOSATE<br>GLUFOSINATE<br>ETHALFLURALIN<br>BROMOXYNIL<br>MCPA,399.4,38019,"Cavalier County, North Dakota(6)"
38021,38,021,Dickey County,North Dakota,1131.4881891891891,392843.8,347.19213488344684,349.6,GLYPHOSATE<br>ATRAZINE<br>METOLACHLOR & METOLACHLOR-S<br>GLUFOSINATE<br>METAM,349.6,38021,"Dickey County, North Dakota(6)"
38023,38,023,Divide County,North Dakota,1261.123859073359,179565.9,142.38561796137958,358.1,"GLYPHOSATE<br>2,4-D<br>BROMOXYNIL<br>FLUROXYPYR<br>TEBUCONAZOLE",358.1,38023,"Divide County, North Dakota(6)"
38025,38,025,Dunn County,North Dakota,2008.4824142857144,72655.3,36.1742276074838,320.8,"GLYPHOSATE<br>ACETOCHLOR<br>2,4-D<br>METOLACHLOR & METOLACHLOR-S<br>MANCOZEB",320.8,38025,"Dunn County, North Dakota(6)"
38027,38,027,Eddy County,North Dakota,630.2358258687259,155939.3,247.43007870911032,477.5,GLYPHOSATE<br>DICAMBA<br>METOLACHLOR & METOLACHLOR-S<br>ACETOCHLOR<br>GLUFOSINATE,477.5,38027,"Eddy County, North Dakota(6)"
38029,38,029,Emmons County,North Dakota,1508.393767953668,416514.8000000001,276.1313450433148,443.4,"GLYPHOSATE<br>DICAMBA<br>2,4-D<br>ACETOCHLOR<br>CLOPYRALID",443.4,38029,"Emmons County, North Dakota(6)"
38031,38,031,Foster County,North Dakota,634.0767444015444,197135.6,310.9017981507285,490.8,GLYPHOSATE<br>DICAMBA<br>METOLACHLOR & METOLACHLOR-S<br>GLUFOSINATE<br>METAM,490.8,38031,"Foster County, North Dakota(6)"
38033,38,033,Golden Valley County,North Dakota,1000.880477992278,39252.4,39.21786952897571,379.6,"GLYPHOSATE<br>BROMOXYNIL<br>MANCOZEB<br>2,4-D<br>FLUROXYPYR",379.6,38033,"Golden Valley County, North Dakota(6)"
38035,38,035,Grand Forks County,North Dakota,1436.209184942085,847736,590.2594196500595,457.6,GLYPHOSATE<br>METAM<br>THIOPHANATE-METHYL<br>ETHALFLURALIN<br>DIMETHENAMID & DIMETHENAMID-P,457.6,38035,"Grand Forks County, North Dakota(6)"
38037,38,037,Grant County,North Dakota,1659.2254185328186,106015,63.89427187882915,400.4,"GLYPHOSATE<br>2,4-D<br>DICAMBA<br>CLOPYRALID<br>FLUROXYPYR",400.4,38037,"Grant County, North Dakota(6)"
38039,38,039,Griggs County,North Dakota,708.6819420849421,168016.9,237.0836478571675,425.2,GLYPHOSATE<br>METOLACHLOR & METOLACHLOR-S<br>GLUFOSINATE<br>BENTAZONE<br>SULFENTRAZONE,425.2,38039,"Griggs County, North Dakota(6)"
38041,38,041,Hettinger County,North Dakota,1132.2339023166023,242263.9,213.96983388707667,453.5,"GLYPHOSATE<br>BROMOXYNIL<br>FLUROXYPYR<br>2,4-D<br>CLOPYRALID",453.5,38041,"Hettinger County, North Dakota(6)"
38043,38,043,Kidder County,North Dakota,1351.055574903475,227587.7,168.45176780848544,378.1,GLYPHOSATE<br>METAM<br>DICAMBA<br>MANCOZEB<br>METOLACHLOR & METOLACHLOR-S,378.1,38043,"Kidder County, North Dakota(6)"
38045,38,045,LaMoure County,North Dakota,1145.9998370656372,452654.6999999999,394.9867053725193,390.6,GLYPHOSATE<br>METOLACHLOR & METOLACHLOR-S<br>GLUFOSINATE<br>ATRAZINE<br>METAM,390.6,38045,"LaMoure County, North Dakota(6)"
38047,38,047,Logan County,North Dakota,992.594213899614,155308.6,156.4673638282029,291.9,GLYPHOSATE<br>GLUFOSINATE<br>METOLACHLOR & METOLACHLOR-S<br>ATRAZINE<br>CHLORPYRIFOS,291.9,38047,"Logan County, North Dakota(6)"
38049,38,049,McHenry County,North Dakota,1873.9335745173744,356705.2,190.3510374383832,514.7,GLYPHOSATE<br>GLUFOSINATE<br>ACETOCHLOR<br>METAM<br>CHLORPYRIFOS,514.7,38049,"McHenry County, North Dakota(6)"
38051,38,051,McIntosh County,North Dakota,974.558611969112,146042.5,149.8550197046832,391.8,GLYPHOSATE<br>METOLACHLOR & METOLACHLOR-S<br>GLUFOSINATE<br>ATRAZINE<br>ACETOCHLOR,391.8,38051,"McIntosh County, North Dakota(6)"
38053,38,053,McKenzie County,North Dakota,2760.120325096525,139525,50.55033243709063,339.8,"GLYPHOSATE<br>2,4-D<br>FLUROXYPYR<br>METOLACHLOR & METOLACHLOR-S<br>CLOPYRALID",339.8,38053,"McKenzie County, North Dakota(6)"
38055,38,055,McLean County,North Dakota,2110.2620969111967,400676.5,189.87049077291044,527.4,"GLYPHOSATE<br>2,4-D<br>FLUROXYPYR<br>CLOPYRALID<br>METOLACHLOR & METOLACHLOR-S",527.4,38055,"McLean County, North Dakota(6)"
38057,38,057,Mercer County,North Dakota,1042.776067953668,128339.7,123.07503398294553,526.4,"GLYPHOSATE<br>2,4-D<br>CLOPYRALID<br>METOLACHLOR & METOLACHLOR-S<br>FLUROXYPYR",526.4,38057,"Mercer County, North Dakota(6)"
38059,38,059,Morton County,North Dakota,1925.87881003861,253390,131.5711033732803,484.9,"GLYPHOSATE<br>DICAMBA<br>2,4-D<br>FLUROXYPYR<br>CLOPYRALID",484.9,38059,"Morton County, North Dakota(6)"
38061,38,061,Mountrail County,North Dakota,1825.154662162162,206193.4,112.9731108681682,503.1,"GLYPHOSATE<br>2,4-D<br>BROMOXYNIL<br>FLUROXYPYR<br>GLUFOSINATE",503.1,38061,"Mountrail County, North Dakota(6)"
38063,38,063,Nelson County,North Dakota,981.810516988417,277362.60000000003,282.50114986624476,466.4,GLYPHOSATE<br>METAM<br>BROMOXYNIL<br>DICAMBA<br>ETHALFLURALIN,466.4,38063,"Nelson County, North Dakota(6)"
38065,38,065,Oliver County,North Dakota,722.4005586872587,62380,86.35098526689474,219,"GLYPHOSATE<br>2,4-D<br>FLUROXYPYR<br>METOLACHLOR & METOLACHLOR-S<br>CLOPYRALID",219,38065,"Oliver County, North Dakota(6)"
38067,38,067,Pembina County,North Dakota,1118.5301679536678,505266.8,451.72389129600066,469.9,GLYPHOSATE<br>THIOPHANATE-METHYL<br>ETHALFLURALIN<br>BENTAZONE<br>BROMOXYNIL,469.9,38067,"Pembina County, North Dakota(6)"
38069,38,069,Pierce County,North Dakota,1018.2799729729728,277068.5,272.09461774159234,369.1,GLYPHOSATE<br>BROMOXYNIL<br>GLUFOSINATE<br>FLUROXYPYR<br>CHLORPYRIFOS,369.1,38069,"Pierce County, North Dakota(6)"
38071,38,071,Ramsey County,North Dakota,1185.3615737451737,325182.8,274.33215923524364,474.6,GLYPHOSATE<br>GLUFOSINATE<br>BROMOXYNIL<br>DICAMBA<br>DIMETHENAMID & DIMETHENAMID-P,474.6,38071,"Ramsey County, North Dakota(6)"
38073,38,073,Ransom County,North Dakota,862.4682903474903,276116.2,320.14649476417526,375.6,GLYPHOSATE<br>METAM<br>ATRAZINE<br>METOLACHLOR & METOLACHLOR-S<br>GLUFOSINATE,375.6,38073,"Ransom County, North Dakota(6)"
38075,38,075,Renville County,North Dakota,877.23948996139,194640,221.87783635751137,447.5,"GLYPHOSATE<br>2,4-D<br>BROMOXYNIL<br>FLUROXYPYR<br>GLUFOSINATE",447.5,38075,"Renville County, North Dakota(6)"
38077,38,077,Richland County,North Dakota,1435.6675652509653,616117.2000000001,429.15032345409173,465.1,GLYPHOSATE<br>ATRAZINE<br>METOLACHLOR & METOLACHLOR-S<br>GLUFOSINATE<br>ACETOCHLOR,465.1,38077,"Richland County, North Dakota(6)"
38079,38,079,Rolette County,North Dakota,903.0375814671814,157830,174.77677921617698,580.9,GLYPHOSATE<br>GLUFOSINATE<br>METAM<br>DICAMBA<br>CHLORPYRIFOS,580.9,38079,"Rolette County, North Dakota(6)"
38081,38,081,Sargent County,North Dakota,858.4793915057915,333896.3,388.9392142708733,504.9,GLYPHOSATE<br>ATRAZINE<br>METOLACHLOR & METOLACHLOR-S<br>METAM<br>GLUFOSINATE,504.9,38081,"Sargent County, North Dakota(6)"
38083,38,083,Sheridan County,North Dakota,972.2213563706564,234737,241.44398645621527,477.4,GLYPHOSATE<br>DICAMBA<br>GLUFOSINATE<br>METOLACHLOR & METOLACHLOR-S<br>METAM,477.4,38083,"Sheridan County, North Dakota(6)"
38085,38,085,Sioux County,North Dakota,1094.0465297297296,78803.2,72.0291119788729,424.2,"GLYPHOSATE<br>2,4-D<br>DICAMBA<br>MANCOZEB<br>FLUROXYPYR",424.2,38085,"Sioux County, North Dakota(6)"
38087,38,087,Slope County,North Dakota,1215.258781081081,125170.7,102.99921461061116,NA,"GLYPHOSATE<br>BROMOXYNIL<br>FLUROXYPYR<br>2,4-D<br>CLOPYRALID",*,38087,"Slope County, North Dakota(6)"
38089,38,089,Stark County,North Dakota,1334.906922007722,200970.1,150.54989729002054,432.9,"GLYPHOSATE<br>BROMOXYNIL<br>FLUROXYPYR<br>2,4-D<br>CLOPYRALID",432.9,38089,"Stark County, North Dakota(6)"
38091,38,091,Steele County,North Dakota,712.1395803088803,334809.6,470.14603493149633,347.1,GLYPHOSATE<br>METOLACHLOR & METOLACHLOR-S<br>BENTAZONE<br>GLUFOSINATE<br>ATRAZINE,347.1,38091,"Steele County, North Dakota(6)"
38093,38,093,Stutsman County,North Dakota,2221.8932324324323,831133.9,374.0656336983891,357.4,GLYPHOSATE<br>DICAMBA<br>ACETOCHLOR<br>ATRAZINE<br>METOLACHLOR & METOLACHLOR-S,357.4,38093,"Stutsman County, North Dakota(6)"
38095,38,095,Towner County,North Dakota,1025.1079938223938,293101.5,285.9225581756429,381.6,GLYPHOSATE<br>GLUFOSINATE<br>BROMOXYNIL<br>ETHALFLURALIN<br>METAM,381.6,38095,"Towner County, North Dakota(6)"
38097,38,097,Traill County,North Dakota,861.8669602316602,474464.4,550.507702340126,434.5,GLYPHOSATE<br>METOLACHLOR & METOLACHLOR-S<br>BENTAZONE<br>GLUFOSINATE<br>ATRAZINE,434.5,38097,"Traill County, North Dakota(6)"
38099,38,099,Walsh County,North Dakota,1281.6009254826254,977470.6,762.694986063547,441.2,METAM<br>GLYPHOSATE<br>MANCOZEB<br>CHLOROTHALONIL<br>ETHALFLURALIN,441.2,38099,"Walsh County, North Dakota(6)"
38101,38,101,Ward County,North Dakota,2013.0197845559849,357893.5,177.78936041552177,460.7,"GLYPHOSATE<br>2,4-D<br>BROMOXYNIL<br>FLUROXYPYR<br>GLUFOSINATE",460.7,38101,"Ward County, North Dakota(6)"
38103,38,103,Wells County,North Dakota,1270.5269675675677,470631.2,370.4220469251641,411.5,GLYPHOSATE<br>DICAMBA<br>METOLACHLOR & METOLACHLOR-S<br>ACETOCHLOR<br>ATRAZINE,411.5,38103,"Wells County, North Dakota(6)"
38105,38,105,Williams County,North Dakota,2077.590484942085,360089.9,173.3209227756152,356.8,"GLYPHOSATE<br>2,4-D<br>BROMOXYNIL<br>FLUROXYPYR<br>TEBUCONAZOLE",356.8,38105,"Williams County, North Dakota(6)"
39001,39,001,Adams County,Ohio,583.8692119691119,60253.7,103.19725507839856,521.2,"GLYPHOSATE<br>ATRAZINE<br>2,4-D<br>ACETOCHLOR<br>METOLACHLOR & METOLACHLOR-S",521.2,39001,"Adams County, Ohio(6)"
39003,39,003,Allen County,Ohio,402.5433942084942,170856.8,424.44318415893827,452.6,"GLYPHOSATE<br>ATRAZINE<br>METOLACHLOR & METOLACHLOR-S<br>ACETOCHLOR<br>2,4-D",452.6,39003,"Allen County, Ohio(6)"
39005,39,005,Ashland County,Ohio,422.9838575289575,80944.4,191.36522247650677,474.7,"GLYPHOSATE<br>METOLACHLOR & METOLACHLOR-S<br>ATRAZINE<br>2,4-D<br>GLUFOSINATE",474.7,39005,"Ashland County, Ohio(6)"
39007,39,007,Ashtabula County,Ohio,702.4140015444016,57200.4,81.43402590812991,467.1,"GLYPHOSATE<br>ATRAZINE<br>METOLACHLOR & METOLACHLOR-S<br>ACETOCHLOR<br>2,4-D",467.1,39007,"Ashtabula County, Ohio(6)"
39009,39,009,Athens County,Ohio,503.64071814671814,2983.7,5.924262857418139,484.1,GLYPHOSATE<br>ATRAZINE<br>GLUFOSINATE<br>SULFUR<br>CAPTAN,484.1,39009,"Athens County, Ohio(6)"
39011,39,011,Auglaize County,Ohio,401.3861861003861,184419.8,459.45726680757485,444.4,"GLYPHOSATE<br>ATRAZINE<br>METOLACHLOR & METOLACHLOR-S<br>ACETOCHLOR<br>2,4-D",444.4,39011,"Auglaize County, Ohio(6)"
39013,39,013,Belmont County,Ohio,532.1241583011583,968.3,1.8196881026626603,490.5,SULFUR<br>GLYPHOSATE<br>CAPTAN<br>PETROLEUM OIL<br>ZIRAM,490.5,39013,"Belmont County, Ohio(6)"
39015,39,015,Brown County,Ohio,489.541228957529,122275.2,249.7750807636433,496.9,"GLYPHOSATE<br>ATRAZINE<br>METOLACHLOR & METOLACHLOR-S<br>2,4-D<br>ACETOCHLOR",496.9,39015,"Brown County, Ohio(6)"
39017,39,017,Butler County,Ohio,466.5135505791506,65338.9,140.0578823892369,462.7,"GLYPHOSATE<br>ATRAZINE<br>METOLACHLOR & METOLACHLOR-S<br>2,4-D<br>GLUFOSINATE",462.7,39017,"Butler County, Ohio(6)"
39019,39,019,Carroll County,Ohio,394.610388030888,12835.8,32.52778028488009,468.8,GLYPHOSATE<br>SIMAZINE<br>ACETOCHLOR<br>ATRAZINE<br>GLUFOSINATE,468.8,39019,"Carroll County, Ohio(6)"
39021,39,021,Champaign County,Ohio,428.9749884169884,197437.1,460.25317403372657,485.5,"GLYPHOSATE<br>ATRAZINE<br>ACETOCHLOR<br>METOLACHLOR & METOLACHLOR-S<br>2,4-D",485.5,39021,"Champaign County, Ohio(6)"
39023,39,023,Clark County,Ohio,395.87723552123555,148350.5,374.7386479666427,492.3,"GLYPHOSATE<br>ATRAZINE<br>ACETOCHLOR<br>METOLACHLOR & METOLACHLOR-S<br>2,4-D",492.3,39023,"Clark County, Ohio(6)"
39025,39,025,Clermont County,Ohio,452.5580756756757,50653.6,111.9272922582885,475.7,"GLYPHOSATE<br>ATRAZINE<br>GLUFOSINATE<br>METOLACHLOR & METOLACHLOR-S<br>2,4-D",475.7,39025,"Clermont County, Ohio(6)"
39027,39,027,Clinton County,Ohio,408.7295355212355,162254.3,396.9722907180758,491.8,"GLYPHOSATE<br>ATRAZINE<br>METOLACHLOR & METOLACHLOR-S<br>2,4-D<br>GLUFOSINATE",491.8,39027,"Clinton County, Ohio(6)"
39029,39,029,Columbiana County,Ohio,531.9144664092664,60789.5,114.28435178754332,469.3,GLYPHOSATE<br>ATRAZINE<br>METOLACHLOR & METOLACHLOR-S<br>ACETOCHLOR<br>SULFUR,469.3,39029,"Columbiana County, Ohio(6)"
39031,39,031,Coshocton County,Ohio,563.907949034749,30366,53.84921431233237,483.3,GLYPHOSATE<br>SIMAZINE<br>ACETOCHLOR<br>ATRAZINE<br>GLUFOSINATE,483.3,39031,"Coshocton County, Ohio(6)"
39033,39,033,Crawford County,Ohio,401.78365057915056,185552.6,461.82217651847066,457.9,"GLYPHOSATE<br>METOLACHLOR & METOLACHLOR-S<br>ATRAZINE<br>2,4-D<br>GLUFOSINATE",457.9,39033,"Crawford County, Ohio(6)"
39035,39,035,Cuyahoga County,Ohio,457.20966177606175,598.7,1.3094648911711742,476.4,CAPTAN<br>PETROLEUM OIL<br>GLYPHOSATE<br>MANCOZEB<br>PHOSMET,476.4,39035,"Cuyahoga County, Ohio(6)"
39037,39,037,Darke County,Ohio,598.0994359073359,301694.9,504.422645947357,402.8,"GLYPHOSATE<br>ATRAZINE<br>METOLACHLOR & METOLACHLOR-S<br>ACETOCHLOR<br>2,4-D",402.8,39037,"Darke County, Ohio(6)"
39039,39,039,Defiance County,Ohio,411.4374799227799,162692.4,395.4243547052026,477.2,"GLYPHOSATE<br>ATRAZINE<br>METOLACHLOR & METOLACHLOR-S<br>2,4-D<br>ACETOCHLOR",477.2,39039,"Defiance County, Ohio(6)"
39041,39,041,Delaware County,Ohio,443.1442884169885,129123.3,291.3798132460594,452.9,"GLYPHOSATE<br>ATRAZINE<br>METOLACHLOR & METOLACHLOR-S<br>ACETOCHLOR<br>2,4-D",452.9,39041,"Delaware County, Ohio(6)"
39043,39,043,Erie County,Ohio,251.2869308880309,71352.6,283.94871053518295,466.7,"GLYPHOSATE<br>METOLACHLOR & METOLACHLOR-S<br>ATRAZINE<br>2,4-D<br>CAPTAN",466.7,39043,"Erie County, Ohio(6)"
39045,39,045,Fairfield County,Ohio,504.3629081081081,167827.7,332.75186835116517,471,GLYPHOSATE<br>ATRAZINE<br>METOLACHLOR & METOLACHLOR-S<br>ACETOCHLOR<br>SIMAZINE,471,39045,"Fairfield County, Ohio(6)"
39047,39,047,Fayette County,Ohio,406.35902895752895,243933.9,600.2915712880468,506,"GLYPHOSATE<br>ATRAZINE<br>METOLACHLOR & METOLACHLOR-S<br>ACETOCHLOR<br>2,4-D",506,39047,"Fayette County, Ohio(6)"
39049,39,049,Franklin County,Ohio,532.4168664092664,49124.8,92.26755029627104,455.9,"GLYPHOSATE<br>ATRAZINE<br>METOLACHLOR & METOLACHLOR-S<br>ACETOCHLOR<br>2,4-D",455.9,39049,"Franklin County, Ohio(6)"
39051,39,051,Fulton County,Ohio,405.4480478764479,194581.8,479.91795994364946,435.7,"GLYPHOSATE<br>ATRAZINE<br>METOLACHLOR & METOLACHLOR-S<br>ACETOCHLOR<br>2,4-D",435.7,39051,"Fulton County, Ohio(6)"
39053,39,053,Gallia County,Ohio,466.52736254826254,10524.3,22.558805431077484,522.5,"GLYPHOSATE<br>ATRAZINE<br>2,4-D<br>METOLACHLOR & METOLACHLOR-S<br>ACETOCHLOR",522.5,39053,"Gallia County, Ohio(6)"
39055,39,055,Geauga County,Ohio,400.4277239382239,10622.1,26.52688454118808,466,GLYPHOSATE<br>ATRAZINE<br>METOLACHLOR & METOLACHLOR-S<br>ACETOCHLOR<br>CAPTAN,466,39055,"Geauga County, Ohio(6)"
39057,39,057,Greene County,Ohio,413.6303579150579,120563.1,291.4754627965642,458,"GLYPHOSATE<br>ATRAZINE<br>METOLACHLOR & METOLACHLOR-S<br>2,4-D<br>GLUFOSINATE",458,39057,"Greene County, Ohio(6)"
39059,39,059,Guernsey County,Ohio,522.2391976833977,4062.3,7.778619487047253,505.7,GLYPHOSATE<br>ATRAZINE<br>GLUFOSINATE<br>SULFUR<br>SULFENTRAZONE,505.7,39059,"Guernsey County, Ohio(6)"
39061,39,061,Hamilton County,Ohio,405.4519146718147,22565.7,55.65567502194527,470.8,CHLOROTHALONIL<br>ATRAZINE<br>GLYPHOSATE<br>METOLACHLOR & METOLACHLOR-S<br>CHLORPYRIFOS,470.8,39061,"Hamilton County, Ohio(6)"
39063,39,063,Hancock County,Ohio,531.3212567567567,251701.4,473.7273293683241,431.2,"GLYPHOSATE<br>ATRAZINE<br>METOLACHLOR & METOLACHLOR-S<br>2,4-D<br>ACETOCHLOR",431.2,39063,"Hancock County, Ohio(6)"
39065,39,065,Hardin County,Ohio,470.2830567567568,232373.4,494.11391004075625,492.7,"GLYPHOSATE<br>ATRAZINE<br>METOLACHLOR & METOLACHLOR-S<br>ACETOCHLOR<br>2,4-D",492.7,39065,"Hardin County, Ohio(6)"
39067,39,067,Harrison County,Ohio,402.32920386100386,4521.2,11.237563558925684,500.6,GLYPHOSATE<br>SIMAZINE<br>ACETOCHLOR<br>ATRAZINE<br>GLUFOSINATE,500.6,39067,"Harrison County, Ohio(6)"
39069,39,069,Henry County,Ohio,416.0111980694981,227011.8,545.686753273588,438.5,GLYPHOSATE<br>ATRAZINE<br>METOLACHLOR & METOLACHLOR-S<br>ACETOCHLOR<br>METAM,438.5,39069,"Henry County, Ohio(6)"
39071,39,071,Highland County,Ohio,553.0810725868726,178063.19999999998,321.94773754806363,500.1,"GLYPHOSATE<br>ATRAZINE<br>METOLACHLOR & METOLACHLOR-S<br>2,4-D<br>ACETOCHLOR",500.1,39071,"Highland County, Ohio(6)"
39073,39,073,Hocking County,Ohio,421.3474216216216,4354,10.333515233682808,475.7,GLYPHOSATE<br>ATRAZINE<br>GLUFOSINATE<br>CAPTAN<br>PETROLEUM OIL,475.7,39073,"Hocking County, Ohio(6)"
39075,39,075,Holmes County,Ohio,422.61247297297297,20879.5,49.40578268577343,340,GLYPHOSATE<br>SIMAZINE<br>ACETOCHLOR<br>ATRAZINE<br>GLUFOSINATE,340,39075,"Holmes County, Ohio(6)"
39077,39,077,Huron County,Ohio,492.241828957529,166244.9,337.73013632765395,480.1,"GLYPHOSATE<br>METOLACHLOR & METOLACHLOR-S<br>ATRAZINE<br>2,4-D<br>GLUFOSINATE",480.1,39077,"Huron County, Ohio(6)"
39079,39,079,Jackson County,Ohio,420.3084656370656,10801.1,25.69803104876479,516.2,"GLYPHOSATE<br>ATRAZINE<br>2,4-D<br>ACETOCHLOR<br>METOLACHLOR & METOLACHLOR-S",516.2,39079,"Jackson County, Ohio(6)"
39081,39,081,Jefferson County,Ohio,408.1224332046332,2258.3,5.533388552713262,516.3,"GLYPHOSATE<br>SIMAZINE<br>ACETOCHLOR<br>ATRAZINE<br>2,4-D",516.3,39081,"Jefferson County, Ohio(6)"
39083,39,083,Knox County,Ohio,525.4966876447877,144578.3,275.12694827436945,493.1,GLYPHOSATE<br>ATRAZINE<br>METOLACHLOR & METOLACHLOR-S<br>ACETOCHLOR<br>SIMAZINE,493.1,39083,"Knox County, Ohio(6)"
39085,39,085,Lake County,Ohio,229.3936749034749,1881.7,8.202928876708517,488.5,GLYPHOSATE<br>SULFUR<br>CAPTAN<br>ATRAZINE<br>PETROLEUM OIL,488.5,39085,"Lake County, Ohio(6)"
39087,39,087,Lawrence County,Ohio,453.39080270270273,3878.4,8.55420969477218,566,"GLYPHOSATE<br>ATRAZINE<br>2,4-D<br>ACETOCHLOR<br>CAPTAN",566,39087,"Lawrence County, Ohio(6)"
39089,39,089,Licking County,Ohio,682.4242532818532,157541.7,230.85595103392745,496.8,"GLYPHOSATE<br>ATRAZINE<br>METOLACHLOR & METOLACHLOR-S<br>ACETOCHLOR<br>2,4-D",496.8,39089,"Licking County, Ohio(6)"
39091,39,091,Logan County,Ohio,458.5029111969112,178007.4,388.23613907993695,432.3,"GLYPHOSATE<br>ATRAZINE<br>METOLACHLOR & METOLACHLOR-S<br>ACETOCHLOR<br>2,4-D",432.3,39091,"Logan County, Ohio(6)"
39093,39,093,Lorain County,Ohio,490.53403706563705,81060.09999999999,165.24867567783795,487.6,"GLYPHOSATE<br>METOLACHLOR & METOLACHLOR-S<br>ATRAZINE<br>2,4-D<br>GLUFOSINATE",487.6,39093,"Lorain County, Ohio(6)"
39095,39,095,Lucas County,Ohio,339.6608953667954,59678.1,175.6990598978266,477.1,"GLYPHOSATE<br>ATRAZINE<br>METOLACHLOR & METOLACHLOR-S<br>ACETOCHLOR<br>2,4-D",477.1,39095,"Lucas County, Ohio(6)"
39097,39,097,Madison County,Ohio,466.6856007722008,258981,554.9367702184884,484.4,"GLYPHOSATE<br>ATRAZINE<br>METOLACHLOR & METOLACHLOR-S<br>ACETOCHLOR<br>2,4-D",484.4,39097,"Madison County, Ohio(6)"
39099,39,099,Mahoning County,Ohio,411.4853725868726,39462.5,95.90255846012776,438.8,GLYPHOSATE<br>ATRAZINE<br>METOLACHLOR & METOLACHLOR-S<br>ACETOCHLOR<br>SULFUR,438.8,39099,"Mahoning County, Ohio(6)"
39101,39,101,Marion County,Ohio,403.8051386100386,203654.7,504.3390500205416,495.1,"GLYPHOSATE<br>ATRAZINE<br>METOLACHLOR & METOLACHLOR-S<br>ACETOCHLOR<br>2,4-D",495.1,39101,"Marion County, Ohio(6)"
39103,39,103,Medina County,Ohio,421.4569567567568,52087.5,123.58913327906512,489.1,"GLYPHOSATE<br>ATRAZINE<br>METOLACHLOR & METOLACHLOR-S<br>ACETOCHLOR<br>2,4-D",489.1,39103,"Medina County, Ohio(6)"
39105,39,105,Meigs County,Ohio,430.09956525096527,4243.7,9.866785142002596,505.4,GLYPHOSATE<br>ATRAZINE<br>GLUFOSINATE<br>SULFENTRAZONE<br>METRIBUZIN,505.4,39105,"Meigs County, Ohio(6)"
39107,39,107,Mercer County,Ohio,462.4448691119691,225842,488.3652411014602,436.5,"GLYPHOSATE<br>ATRAZINE<br>ACETOCHLOR<br>METOLACHLOR & METOLACHLOR-S<br>2,4-D",436.5,39107,"Mercer County, Ohio(6)"
39109,39,109,Miami County,Ohio,406.57931737451736,174463.6,429.1010205009868,473.5,"GLYPHOSATE<br>ATRAZINE<br>ACETOCHLOR<br>METOLACHLOR & METOLACHLOR-S<br>2,4-D",473.5,39109,"Miami County, Ohio(6)"
39111,39,111,Monroe County,Ohio,455.7211362934363,2060,4.520308223478091,503.9,GLYPHOSATE<br>ATRAZINE<br>GLUFOSINATE<br>SULFUR<br>CAPTAN,503.9,39111,"Monroe County, Ohio(6)"
39113,39,113,Montgomery County,Ohio,461.34925714285714,81929.1,177.58585005075795,487.4,"GLYPHOSATE<br>ATRAZINE<br>METOLACHLOR & METOLACHLOR-S<br>2,4-D<br>GLUFOSINATE",487.4,39113,"Montgomery County, Ohio(6)"
39115,39,115,Morgan County,Ohio,416.4240467181467,4465.3,10.722963851850524,492.3,GLYPHOSATE<br>ATRAZINE<br>GLUFOSINATE<br>SULFUR<br>CAPTAN,492.3,39115,"Morgan County, Ohio(6)"
39117,39,117,Morrow County,Ohio,406.1316776061776,145417.4,358.0548083742682,444.6,"GLYPHOSATE<br>ATRAZINE<br>METOLACHLOR & METOLACHLOR-S<br>ACETOCHLOR<br>2,4-D",444.6,39117,"Morrow County, Ohio(6)"
39119,39,119,Muskingum County,Ohio,664.5427891891892,23797.9,35.810937064016436,509.4,GLYPHOSATE<br>ATRAZINE<br>GLUFOSINATE<br>PETROLEUM OIL<br>ZIRAM,509.4,39119,"Muskingum County, Ohio(6)"
39121,39,121,Noble County,Ohio,398.01020463320464,1285.3,3.2293141860131387,373.4,GLYPHOSATE<br>ATRAZINE<br>SULFUR<br>CAPTAN<br>PETROLEUM OIL,373.4,39121,"Noble County, Ohio(6)"
39123,39,123,Ottawa County,Ohio,254.7008108108108,70274.1,275.908426739163,497.9,"GLYPHOSATE<br>METOLACHLOR & METOLACHLOR-S<br>ATRAZINE<br>2,4-D<br>GLUFOSINATE",497.9,39123,"Ottawa County, Ohio(6)"
39125,39,125,Paulding County,Ohio,416.4329096525096,190011.6,456.28382290572154,430,"GLYPHOSATE<br>ATRAZINE<br>METOLACHLOR & METOLACHLOR-S<br>2,4-D<br>ACETOCHLOR",430,39125,"Paulding County, Ohio(6)"
39127,39,127,Perry County,Ohio,407.93828223938226,23033.7,56.46368826567641,504.3,GLYPHOSATE<br>ATRAZINE<br>GLUFOSINATE<br>SULFENTRAZONE<br>METRIBUZIN,504.3,39127,"Perry County, Ohio(6)"
39129,39,129,Pickaway County,Ohio,501.26284324324325,260452.5,519.5926718103312,493.7,"GLYPHOSATE<br>ATRAZINE<br>METOLACHLOR & METOLACHLOR-S<br>ACETOCHLOR<br>2,4-D",493.7,39129,"Pickaway County, Ohio(6)"
39131,39,131,Pike County,Ohio,440.27995135135137,37820.5,85.90102702591278,553.3,"GLYPHOSATE<br>ATRAZINE<br>2,4-D<br>ACETOCHLOR<br>METOLACHLOR & METOLACHLOR-S",553.3,39131,"Pike County, Ohio(6)"
39133,39,133,Portage County,Ohio,487.4057455598456,38596.1,79.18679734820856,455.8,"GLYPHOSATE<br>ATRAZINE<br>METOLACHLOR & METOLACHLOR-S<br>ACETOCHLOR<br>2,4-D",455.8,39133,"Portage County, Ohio(6)"
39135,39,135,Preble County,Ohio,424.2243772200772,160959.5,379.42067604591745,495.8,"GLYPHOSATE<br>ATRAZINE<br>METOLACHLOR & METOLACHLOR-S<br>2,4-D<br>GLUFOSINATE",495.8,39135,"Preble County, Ohio(6)"
39137,39,137,Putnam County,Ohio,482.5421416988417,233032.9,482.92756189041336,443,"GLYPHOSATE<br>ATRAZINE<br>METOLACHLOR & METOLACHLOR-S<br>2,4-D<br>ACETOCHLOR",443,39137,"Putnam County, Ohio(6)"
39139,39,139,Richland County,Ohio,495.22455405405407,89172.3,180.06437538286275,484.5,"GLYPHOSATE<br>ATRAZINE<br>METOLACHLOR & METOLACHLOR-S<br>2,4-D<br>GLUFOSINATE",484.5,39139,"Richland County, Ohio(6)"
39141,39,141,Ross County,Ohio,689.1625845559846,140516.4,203.89441207190936,521.9,"GLYPHOSATE<br>ATRAZINE<br>METOLACHLOR & METOLACHLOR-S<br>ACETOCHLOR<br>2,4-D",521.9,39141,"Ross County, Ohio(6)"
39143,39,143,Sandusky County,Ohio,408.24341351351353,173507.2,425.0091838756797,471.1,"GLYPHOSATE<br>METOLACHLOR & METOLACHLOR-S<br>ATRAZINE<br>2,4-D<br>GLUFOSINATE",471.1,39143,"Sandusky County, Ohio(6)"
39145,39,145,Scioto County,Ohio,610.1518888030888,30435.7,49.88216960157991,484.1,"GLYPHOSATE<br>ATRAZINE<br>2,4-D<br>ACETOCHLOR<br>METOLACHLOR & METOLACHLOR-S",484.1,39145,"Scioto County, Ohio(6)"
39147,39,147,Seneca County,Ohio,551.0238312741312,235880.8,428.0773110204205,491.3,"GLYPHOSATE<br>METOLACHLOR & METOLACHLOR-S<br>ATRAZINE<br>2,4-D<br>GLUFOSINATE",491.3,39147,"Seneca County, Ohio(6)"
39149,39,149,Shelby County,Ohio,407.69198262548264,182804.5,448.38875374188893,439,"GLYPHOSATE<br>ATRAZINE<br>METOLACHLOR & METOLACHLOR-S<br>ACETOCHLOR<br>2,4-D",439,39149,"Shelby County, Ohio(6)"
39151,39,151,Stark County,Ohio,575.2035023166023,71369.9,124.07765201804476,454.5,GLYPHOSATE<br>ATRAZINE<br>METOLACHLOR & METOLACHLOR-S<br>ACETOCHLOR<br>SIMAZINE,454.5,39151,"Stark County, Ohio(6)"
39153,39,153,Summit County,Ohio,412.799288030888,8322.2,20.16040298833385,461.9,GLYPHOSATE<br>ATRAZINE<br>METOLACHLOR & METOLACHLOR-S<br>ACETOCHLOR<br>CAPTAN,461.9,39153,"Summit County, Ohio(6)"
39155,39,155,Trumbull County,Ohio,617.587942084942,54578.6,88.37381088715192,424.9,"GLYPHOSATE<br>ATRAZINE<br>METOLACHLOR & METOLACHLOR-S<br>ACETOCHLOR<br>2,4-D",424.9,39155,"Trumbull County, Ohio(6)"
39157,39,157,Tuscarawas County,Ohio,567.5627579150579,20816,36.676120322742086,458.8,GLYPHOSATE<br>SIMAZINE<br>ACETOCHLOR<br>ATRAZINE<br>GLUFOSINATE,458.8,39157,"Tuscarawas County, Ohio(6)"
39159,39,159,Union County,Ohio,431.7090405405405,204396.8,473.4596239728403,464.4,"GLYPHOSATE<br>ATRAZINE<br>METOLACHLOR & METOLACHLOR-S<br>ACETOCHLOR<br>2,4-D",464.4,39159,"Union County, Ohio(6)"
39161,39,161,Van Wert County,Ohio,409.147822007722,224349.7,548.3340932846656,431.8,"GLYPHOSATE<br>ATRAZINE<br>METOLACHLOR & METOLACHLOR-S<br>2,4-D<br>ACETOCHLOR",431.8,39161,"Van Wert County, Ohio(6)"
39163,39,163,Vinton County,Ohio,412.3583667953668,3600,8.73027029371882,497,GLYPHOSATE<br>ATRAZINE<br>GLUFOSINATE<br>SULFUR<br>CAPTAN,497,39163,"Vinton County, Ohio(6)"
39165,39,165,Warren County,Ohio,401.4154030888031,61167,152.37830817983917,466.9,"GLYPHOSATE<br>ATRAZINE<br>METOLACHLOR & METOLACHLOR-S<br>2,4-D<br>GLUFOSINATE",466.9,39165,"Warren County, Ohio(6)"
39167,39,167,Washington County,Ohio,631.9711308880309,8977.9,14.206186898734549,544.3,GLYPHOSATE<br>ATRAZINE<br>GLUFOSINATE<br>CAPTAN<br>PETROLEUM OIL,544.3,39167,"Washington County, Ohio(6)"
39169,39,169,Wayne County,Ohio,554.7865088803089,111104.5,200.2653240869813,434.7,GLYPHOSATE<br>ATRAZINE<br>METOLACHLOR & METOLACHLOR-S<br>ACETOCHLOR<br>SIMAZINE,434.7,39169,"Wayne County, Ohio(6)"
39171,39,171,Williams County,Ohio,420.6582069498069,160179,380.78182560958,417.4,"GLYPHOSATE<br>ATRAZINE<br>METOLACHLOR & METOLACHLOR-S<br>2,4-D<br>ACETOCHLOR",417.4,39171,"Williams County, Ohio(6)"
39173,39,173,Wood County,Ohio,617.1636590733591,273065,442.45152154615465,468.1,"GLYPHOSATE<br>ATRAZINE<br>METOLACHLOR & METOLACHLOR-S<br>2,4-D<br>ACETOCHLOR",468.1,39173,"Wood County, Ohio(6)"
39175,39,175,Wyandot County,Ohio,406.8773142857143,184678.5,453.8923491574083,425.9,"GLYPHOSATE<br>METOLACHLOR & METOLACHLOR-S<br>ATRAZINE<br>2,4-D<br>GLUFOSINATE",425.9,39175,"Wyandot County, Ohio(6)"
40001,40,001,Adair County,Oklahoma,573.8785938223938,17613.1,30.691334699706488,446.3,"2,4-D<br>DICAMBA<br>AMINOPYRALID<br>GLYPHOSATE<br>METOLACHLOR & METOLACHLOR-S",446.3,40001,"Adair County, Oklahoma(6)"
40003,40,003,Alfalfa County,Oklahoma,866.560872972973,136874.4,157.95128105705385,480.5,"GLYPHOSATE<br>METOLACHLOR & METOLACHLOR-S<br>2,4-D<br>PARAQUAT<br>DICAMBA",480.5,40003,"Alfalfa County, Oklahoma(6)"
40005,40,005,Atoka County,Oklahoma,975.4488903474904,23821.4,24.42096170873079,425.4,"2,4-D<br>TRICLOPYR<br>PARAQUAT<br>AMINOPYRALID<br>DICAMBA",425.4,40005,"Atoka County, Oklahoma(6)"
40007,40,007,Beaver County,Oklahoma,1814.828991891892,144931.5,79.85959043387018,379.6,"GLYPHOSATE<br>2,4-D<br>ATRAZINE<br>METOLACHLOR & METOLACHLOR-S<br>DICAMBA",379.6,40007,"Beaver County, Oklahoma(6)"
40009,40,009,Beckham County,Oklahoma,901.6713212355212,45248.1,50.182476623520074,434.1,"GLYPHOSATE<br>2,4-D<br>ETHEPHON<br>DICAMBA<br>ACEPHATE",434.1,40009,"Beckham County, Oklahoma(6)"
40011,40,011,Blaine County,Oklahoma,928.4582405405404,43601.1,46.960755041191526,465.1,"GLYPHOSATE<br>2,4-D<br>MCPA<br>DICAMBA<br>PARAQUAT",465.1,40011,"Blaine County, Oklahoma(6)"
40013,40,013,Bryan County,Oklahoma,904.344116988417,36766.3,40.65521001279529,435.6,"2,4-D<br>TRICLOPYR<br>GLYPHOSATE<br>METOLACHLOR & METOLACHLOR-S<br>ATRAZINE",435.6,40013,"Bryan County, Oklahoma(6)"
40015,40,015,Caddo County,Oklahoma,1277.747657915058,117456.9,91.92495816557256,488.3,"GLYPHOSATE<br>2,4-D<br>METOLACHLOR & METOLACHLOR-S<br>ETHEPHON<br>PENDIMETHALIN",488.3,40015,"Caddo County, Oklahoma(6)"
40017,40,017,Canadian County,Oklahoma,896.568628957529,64188.4,71.5934039256248,429.1,"2,4-D<br>GLYPHOSATE<br>CHLORPYRIFOS<br>MCPA<br>DICAMBA",429.1,40017,"Canadian County, Oklahoma(6)"
40019,40,019,Carter County,Oklahoma,822.2974706563707,29212.4,35.5253433732226,435.6,"2,4-D<br>TRICLOPYR<br>PARAQUAT<br>AMINOPYRALID<br>GLYPHOSATE",435.6,40019,"Carter County, Oklahoma(6)"
40021,40,021,Cherokee County,Oklahoma,749.1233752895753,17862.4,23.844403457701812,493.2,"2,4-D<br>DICAMBA<br>AMINOPYRALID<br>GLYPHOSATE<br>CHLORPYRIFOS",493.2,40021,"Cherokee County, Oklahoma(6)"
40023,40,023,Choctaw County,Oklahoma,770.3791104247105,42623,55.32730498949007,485.9,"2,4-D<br>GLYPHOSATE<br>DICAMBA<br>TRICLOPYR<br>CHLORPYRIFOS",485.9,40023,"Choctaw County, Oklahoma(6)"
40025,40,025,Cimarron County,Oklahoma,1834.7999305019305,217725.6,118.66449108728638,239.6,"GLYPHOSATE<br>ATRAZINE<br>METOLACHLOR & METOLACHLOR-S<br>2,4-D<br>DICAMBA",239.6,40025,"Cimarron County, Oklahoma(6)"
40027,40,027,Cleveland County,Oklahoma,538.9053266409267,6569.2,12.18989621228418,412.5,"2,4-D<br>CHLORPYRIFOS<br>GLYPHOSATE<br>DICAMBA<br>PICLORAM",412.5,40027,"Cleveland County, Oklahoma(6)"
40029,40,029,Coal County,Oklahoma,516.7700637065637,18676,36.13986434516986,434.6,"2,4-D<br>TRICLOPYR<br>PARAQUAT<br>METOLACHLOR & METOLACHLOR-S<br>GLYPHOSATE",434.6,40029,"Coal County, Oklahoma(6)"
40031,40,031,Comanche County,Oklahoma,1069.3169942084942,72144.3,67.46764560063973,458.8,"GLYPHOSATE<br>2,4-D<br>ETHEPHON<br>PARAQUAT<br>DICAMBA",458.8,40031,"Comanche County, Oklahoma(6)"
40033,40,033,Cotton County,Oklahoma,632.6344212355212,41794.4,66.06406258827404,393.2,"GLYPHOSATE<br>2,4-D<br>ETHEPHON<br>DICAMBA<br>PARAQUAT",393.2,40033,"Cotton County, Oklahoma(6)"
40035,40,035,Craig County,Oklahoma,761.2519555984557,42653.3,56.030463614990985,474.7,"2,4-D<br>GLYPHOSATE<br>DICAMBA<br>ATRAZINE<br>TRICLOPYR",474.7,40035,"Craig County, Oklahoma(6)"
40037,40,037,Creek County,Oklahoma,949.889883011583,13418.2,14.126058441067087,499.3,"2,4-D<br>PICLORAM<br>TRICLOPYR<br>DICAMBA<br>GLYPHOSATE",499.3,40037,"Creek County, Oklahoma(6)"
40039,40,039,Custer County,Oklahoma,988.77411003861,74116.9,74.9583744634109,429.8,"GLYPHOSATE<br>2,4-D<br>METOLACHLOR & METOLACHLOR-S<br>DICAMBA<br>MCPA",429.8,40039,"Custer County, Oklahoma(6)"
40041,40,041,Delaware County,Oklahoma,737.750940926641,21591.8,29.267058572476973,414.2,"2,4-D<br>GLYPHOSATE<br>DICAMBA<br>ATRAZINE<br>ACETOCHLOR",414.2,40041,"Delaware County, Oklahoma(6)"
40043,40,043,Dewey County,Oklahoma,999.6231791505792,20443.5,20.451206440982773,505.5,"GLYPHOSATE<br>2,4-D<br>MCPA<br>DICAMBA<br>PARAQUAT",505.5,40043,"Dewey County, Oklahoma(6)"
40045,40,045,Ellis County,Oklahoma,1231.4710343629345,27053.6,21.968523209313965,387.1,"GLYPHOSATE<br>2,4-D<br>DICAMBA<br>PARAQUAT<br>ATRAZINE",387.1,40045,"Ellis County, Oklahoma(6)"
40047,40,047,Garfield County,Oklahoma,1058.5024416988415,331807,313.4683368962919,433.1,"GLYPHOSATE<br>METOLACHLOR & METOLACHLOR-S<br>PARAQUAT<br>2,4-D<br>ATRAZINE",433.1,40047,"Garfield County, Oklahoma(6)"
40049,40,049,Garvin County,Oklahoma,802.1421366795366,49740.7,62.009833077590685,473,"2,4-D<br>GLYPHOSATE<br>TRICLOPYR<br>METOLACHLOR & METOLACHLOR-S<br>ATRAZINE",473,40049,"Garvin County, Oklahoma(6)"
40051,40,051,Grady County,Oklahoma,1100.5353884169883,52101.3,47.34177614673762,446.6,"2,4-D<br>CHLORPYRIFOS<br>GLYPHOSATE<br>DIURON<br>HEXAZINONE",446.6,40051,"Grady County, Oklahoma(6)"
40053,40,053,Grant County,Oklahoma,1000.7353011583012,325908.4,325.6689352546845,478.1,"GLYPHOSATE<br>METOLACHLOR & METOLACHLOR-S<br>PARAQUAT<br>DICAMBA<br>2,4-D",478.1,40053,"Grant County, Oklahoma(6)"
40055,40,055,Greer County,Oklahoma,639.2819405405405,49309.1,77.13200838789068,415.1,"GLYPHOSATE<br>2,4-D<br>ETHEPHON<br>PARAQUAT<br>DICAMBA",415.1,40055,"Greer County, Oklahoma(6)"
40057,40,057,Harmon County,Oklahoma,537.2555872586872,86724.6,161.42149482801435,387.7,"GLYPHOSATE<br>ETHEPHON<br>2,4-D<br>PARAQUAT<br>DICAMBA",387.7,40057,"Harmon County, Oklahoma(6)"
40059,40,059,Harper County,Oklahoma,1038.5789922779925,44004.5,42.36991151099799,474.1,"GLYPHOSATE<br>2,4-D<br>ATRAZINE<br>DICAMBA<br>METOLACHLOR & METOLACHLOR-S",474.1,40059,"Harper County, Oklahoma(6)"
40061,40,061,Haskell County,Oklahoma,576.7224795366795,22252.3,38.58406909659008,466,"2,4-D<br>DICAMBA<br>AMINOPYRALID<br>GLYPHOSATE<br>METOLACHLOR & METOLACHLOR-S",466,40061,"Haskell County, Oklahoma(6)"
40063,40,063,Hughes County,Oklahoma,804.4692069498069,40079.6,49.82117358098043,435.6,"2,4-D<br>DICAMBA<br>AMINOPYRALID<br>GLYPHOSATE<br>METSULFURON",435.6,40063,"Hughes County, Oklahoma(6)"
40065,40,065,Jackson County,Oklahoma,802.6488405405405,345112.8,429.96735629442287,405.3,"GLYPHOSATE<br>ETHEPHON<br>PARAQUAT<br>2,4-D<br>DICAMBA",405.3,40065,"Jackson County, Oklahoma(6)"
40067,40,067,Jefferson County,Oklahoma,758.9521181467181,38579.8,50.832982842458954,482.7,"2,4-D<br>TRICLOPYR<br>PARAQUAT<br>AMINOPYRALID<br>DICAMBA",482.7,40067,"Jefferson County, Oklahoma(6)"
40069,40,069,Johnston County,Oklahoma,643.0472907335908,25313.6,39.3650674915715,522.7,"2,4-D<br>TRICLOPYR<br>PARAQUAT<br>METOLACHLOR & METOLACHLOR-S<br>GLYPHOSATE",522.7,40069,"Johnston County, Oklahoma(6)"
40071,40,071,Kay County,Oklahoma,919.6057444015444,445505.4,484.4526066873619,489.7,"GLYPHOSATE<br>METOLACHLOR & METOLACHLOR-S<br>PARAQUAT<br>DICAMBA<br>2,4-D",489.7,40071,"Kay County, Oklahoma(6)"
40073,40,073,Kingfisher County,Oklahoma,898.0815602316602,66604.6,74.16319736352158,458,"GLYPHOSATE<br>2,4-D<br>CHLORPYRIFOS<br>MCPA<br>DICAMBA",458,40073,"Kingfisher County, Oklahoma(6)"
40075,40,075,Kiowa County,Oklahoma,1015.0733154440154,108245.4,106.63801161264011,487,"GLYPHOSATE<br>2,4-D<br>ETHEPHON<br>PARAQUAT<br>DICAMBA",487,40075,"Kiowa County, Oklahoma(6)"
40077,40,077,Latimer County,Oklahoma,722.1098173745173,21822.8,30.220888118298152,518.5,"2,4-D<br>GLYPHOSATE<br>DICAMBA<br>CHLORPYRIFOS<br>TRICLOPYR",518.5,40077,"Latimer County, Oklahoma(6)"
40079,40,079,Le Flore County,Oklahoma,1589.408428957529,65597.3,41.2715188902228,445.9,"2,4-D<br>GLYPHOSATE<br>METOLACHLOR & METOLACHLOR-S<br>CHLORPYRIFOS<br>ATRAZINE",445.9,40079,"Le Flore County, Oklahoma(6)"
40081,40,081,Lincoln County,Oklahoma,952.3679007722008,23176.4,24.335553499029174,467.4,"2,4-D<br>GLYPHOSATE<br>DICAMBA<br>PICLORAM<br>TRICLOPYR",467.4,40081,"Lincoln County, Oklahoma(6)"
40083,40,083,Logan County,Oklahoma,743.7328486486487,33323.3,44.80547021762981,422.7,"2,4-D<br>GLYPHOSATE<br>DICAMBA<br>MCPA<br>CHLORPYRIFOS",422.7,40083,"Logan County, Oklahoma(6)"
40085,40,085,Love County,Oklahoma,513.911659073359,14959.6,29.109283153789217,377.9,"2,4-D<br>TRICLOPYR<br>GLYPHOSATE<br>PENDIMETHALIN<br>ATRAZINE",377.9,40085,"Love County, Oklahoma(6)"
40087,40,087,McClain County,Oklahoma,570.7168644787645,24496,42.921458125076065,468.8,"2,4-D<br>GLYPHOSATE<br>CHLORPYRIFOS<br>DICAMBA<br>ATRAZINE",468.8,40087,"McClain County, Oklahoma(6)"
40089,40,089,McCurtain County,Oklahoma,1850.773376061776,74238.8,40.11231248526563,513.5,"GLYPHOSATE<br>2,4-D<br>ATRAZINE<br>DICAMBA<br>CHLORPYRIFOS",513.5,40089,"McCurtain County, Oklahoma(6)"
40091,40,091,McIntosh County,Oklahoma,618.2874262548263,19499.4,31.537759255617388,452.3,"2,4-D<br>DICAMBA<br>AMINOPYRALID<br>GLYPHOSATE<br>CHLORPYRIFOS",452.3,40091,"McIntosh County, Oklahoma(6)"
40093,40,093,Major County,Oklahoma,954.9955876447876,117943.5,123.5016177308971,384.1,"GLYPHOSATE<br>METOLACHLOR & METOLACHLOR-S<br>2,4-D<br>PENDIMETHALIN<br>ATRAZINE",384.1,40093,"Major County, Oklahoma(6)"
40095,40,095,Marshall County,Oklahoma,371.488022007722,12850.6,34.592232423937695,440.4,"2,4-D<br>TRICLOPYR<br>PARAQUAT<br>PETROLEUM OIL<br>AMINOPYRALID",440.4,40095,"Marshall County, Oklahoma(6)"
40097,40,097,Mayes County,Oklahoma,655.3230416988417,24391.4,37.2204217583566,519.6,"2,4-D<br>GLYPHOSATE<br>ATRAZINE<br>DICAMBA<br>ACETOCHLOR",519.6,40097,"Mayes County, Oklahoma(6)"
40099,40,099,Murray County,Oklahoma,416.3728957528958,17893,42.973498473394706,373.2,"2,4-D<br>TRICLOPYR<br>PARAQUAT<br>AMINOPYRALID<br>DICAMBA",373.2,40099,"Murray County, Oklahoma(6)"
40101,40,101,Muskogee County,Oklahoma,810.6363092664093,50535.6,62.340656867112855,488.2,"2,4-D<br>METOLACHLOR & METOLACHLOR-S<br>ATRAZINE<br>GLYPHOSATE<br>DICAMBA",488.2,40101,"Muskogee County, Oklahoma(6)"
40103,40,103,Noble County,Oklahoma,731.7090698841699,155483.69999999998,212.4938809691305,457.2,"GLYPHOSATE<br>METOLACHLOR & METOLACHLOR-S<br>PARAQUAT<br>2,4-D<br>ATRAZINE",457.2,40103,"Noble County, Oklahoma(6)"
40105,40,105,Nowata County,Oklahoma,565.8148297297297,33519.2,59.24058232268491,512.3,"2,4-D<br>GLYPHOSATE<br>DICAMBA<br>ATRAZINE<br>TRICLOPYR",512.3,40105,"Nowata County, Oklahoma(6)"
40107,40,107,Okfuskee County,Oklahoma,618.4556100386101,19637.6,31.75264268162112,500.9,"2,4-D<br>GLYPHOSATE<br>DICAMBA<br>PICLORAM<br>TRICLOPYR",500.9,40107,"Okfuskee County, Oklahoma(6)"
40109,40,109,Oklahoma County,Oklahoma,708.8970138996139,15553.3,21.940140380112375,432,"2,4-D<br>GLYPHOSATE<br>PETROLEUM OIL<br>DICAMBA<br>CHLORPYRIFOS",432,40109,"Oklahoma County, Oklahoma(6)"
40111,40,111,Okmulgee County,Oklahoma,697.440122007722,28665.5,41.10101942153912,520.3,"2,4-D<br>DICAMBA<br>AMINOPYRALID<br>GLYPHOSATE<br>METOLACHLOR & METOLACHLOR-S",520.3,40111,"Okmulgee County, Oklahoma(6)"
40113,40,113,Osage County,Oklahoma,2246.671154054054,107010.6,47.63073572512044,431.8,"2,4-D<br>GLYPHOSATE<br>DICAMBA<br>TRICLOPYR<br>ATRAZINE",431.8,40113,"Osage County, Oklahoma(6)"
40115,40,115,Ottawa County,Oklahoma,470.8148783783783,50359,106.96136063807258,492.6,"GLYPHOSATE<br>ATRAZINE<br>2,4-D<br>ACETOCHLOR<br>DICAMBA",492.6,40115,"Ottawa County, Oklahoma(6)"
40117,40,117,Pawnee County,Oklahoma,568.3505640926641,31462.3,55.35720730783048,534.7,"2,4-D<br>GLYPHOSATE<br>DICAMBA<br>ATRAZINE<br>TRICLOPYR",534.7,40117,"Pawnee County, Oklahoma(6)"
40119,40,119,Payne County,Oklahoma,684.8980111969112,21009.5,30.675370137641817,466.4,"2,4-D<br>GLYPHOSATE<br>DICAMBA<br>PICLORAM<br>TRICLOPYR",466.4,40119,"Payne County, Oklahoma(6)"
40121,40,121,Pittsburg County,Oklahoma,1305.5063787644788,49791.1,38.13930043537736,461.6,"2,4-D<br>DICAMBA<br>AMINOPYRALID<br>GLYPHOSATE<br>CHLORPYRIFOS",461.6,40121,"Pittsburg County, Oklahoma(6)"
40123,40,123,Pontotoc County,Oklahoma,720.3495953667954,21272.6,29.53093905629001,453.1,"2,4-D<br>TRICLOPYR<br>PARAQUAT<br>AMINOPYRALID<br>GLYPHOSATE",453.1,40123,"Pontotoc County, Oklahoma(6)"
40125,40,125,Pottawatomie County,Oklahoma,787.7898216216216,21432.1,27.205352762597528,479,"2,4-D<br>GLYPHOSATE<br>DICAMBA<br>PICLORAM<br>TRICLOPYR",479,40125,"Pottawatomie County, Oklahoma(6)"
40127,40,127,Pushmataha County,Oklahoma,1395.5335745173743,26861.6,19.24826495793174,461.5,"2,4-D<br>GLYPHOSATE<br>DICAMBA<br>TRICLOPYR<br>CHLORPYRIFOS",461.5,40127,"Pushmataha County, Oklahoma(6)"
40129,40,129,Roger Mills County,Oklahoma,1141.1292714285714,30380.6,26.623276398796385,468.6,"GLYPHOSATE<br>2,4-D<br>DICAMBA<br>ETHEPHON<br>METOLACHLOR & METOLACHLOR-S",468.6,40129,"Roger Mills County, Oklahoma(6)"
40131,40,131,Rogers County,Oklahoma,675.743822007722,24275.3,35.9238208465968,456.4,"2,4-D<br>GLYPHOSATE<br>DICAMBA<br>TRICLOPYR<br>ATRAZINE",456.4,40131,"Rogers County, Oklahoma(6)"
40133,40,133,Seminole County,Oklahoma,632.8161725868725,11336.4,17.914207144324756,449.1,"2,4-D<br>DICAMBA<br>PICLORAM<br>TRICLOPYR<br>GLYPHOSATE",449.1,40133,"Seminole County, Oklahoma(6)"
40135,40,135,Sequoyah County,Oklahoma,673.5739760617761,44775.3,66.4742130653419,518.9,"2,4-D<br>METOLACHLOR & METOLACHLOR-S<br>ATRAZINE<br>GLYPHOSATE<br>DICAMBA",518.9,40135,"Sequoyah County, Oklahoma(6)"
40137,40,137,Stephens County,Oklahoma,870.2082142857142,37630.6,43.24321395987742,468.7,"2,4-D<br>TRICLOPYR<br>GLYPHOSATE<br>PARAQUAT<br>AMINOPYRALID",468.7,40137,"Stephens County, Oklahoma(6)"
40139,40,139,Texas County,Oklahoma,2041.2830764478765,350841.3,171.87292837920052,376.7,"GLYPHOSATE<br>2,4-D<br>ATRAZINE<br>METOLACHLOR & METOLACHLOR-S<br>DICAMBA",376.7,40139,"Texas County, Oklahoma(6)"
40141,40,141,Tillman County,Oklahoma,871.1300961389961,360870.6,414.25569108384934,434.9,"GLYPHOSATE<br>ETHEPHON<br>PARAQUAT<br>2,4-D<br>DICAMBA",434.9,40141,"Tillman County, Oklahoma(6)"
40143,40,143,Tulsa County,Oklahoma,570.2390293436293,8104.2,14.211934965813017,462.2,"2,4-D<br>GLYPHOSATE<br>DICAMBA<br>TEBUCONAZOLE<br>TRICLOPYR",462.2,40143,"Tulsa County, Oklahoma(6)"
40145,40,145,Wagoner County,Oklahoma,561.9135667953668,35149.6,62.553392687171936,427.3,"GLYPHOSATE<br>2,4-D<br>ATRAZINE<br>FOMESAFEN<br>ACETOCHLOR",427.3,40145,"Wagoner County, Oklahoma(6)"
40147,40,147,Washington County,Oklahoma,415.5218227799228,24040,57.85496376379866,454.3,"2,4-D<br>GLYPHOSATE<br>DICAMBA<br>ATRAZINE<br>TRICLOPYR",454.3,40147,"Washington County, Oklahoma(6)"
40149,40,149,Washita County,Oklahoma,1003.0847787644788,126535,126.1458679054585,447.6,"GLYPHOSATE<br>2,4-D<br>ETHEPHON<br>DICAMBA<br>MCPA",447.6,40149,"Washita County, Oklahoma(6)"
40151,40,151,Woods County,Oklahoma,1286.47558996139,48151.9,37.42931492500775,465.9,"GLYPHOSATE<br>2,4-D<br>METOLACHLOR & METOLACHLOR-S<br>MCPA<br>ATRAZINE",465.9,40151,"Woods County, Oklahoma(6)"
40153,40,153,Woodward County,Oklahoma,1242.7803818532818,31936.800000000003,25.69786300647474,364.6,"2,4-D<br>GLYPHOSATE<br>METOLACHLOR & METOLACHLOR-S<br>ATRAZINE<br>MCPA",364.6,40153,"Woodward County, Oklahoma(6)"
41001,41,001,Baker County,Oregon,3067.952438610039,150046.2,48.9076030357171,298,DICHLOROPROPENE<br>METAM<br>CHLOROPICRIN<br>PETROLEUM OIL<br>KAOLIN CLAY,298,41001,"Baker County, Oregon(6)"
41003,41,003,Benton County,Oregon,675.2053374517375,32487.4,48.11484477093924,336.5,GLYPHOSATE<br>SULFUR<br>PETROLEUM OIL<br>ETHOPROPHOS<br>CALCIUM POLYSULFIDE,336.5,41003,"Benton County, Oregon(6)"
41005,41,005,Clackamas County,Oregon,1870.7023328185328,70511.8,37.69268833580911,439.4,CALCIUM POLYSULFIDE<br>GLYPHOSATE<br>ETHOPROPHOS<br>GLUFOSINATE<br>ZIRAM,439.4,41005,"Clackamas County, Oregon(6)"
41007,41,007,Clatsop County,Oregon,828.2350212355212,13523.4,16.327974129645522,480,ETHOPROPHOS<br>CHLOROTHALONIL<br>METOLACHLOR & METOLACHLOR-S<br>GLYPHOSATE<br>DIQUAT,480,41007,"Clatsop County, Oregon(6)"
41009,41,009,Columbia County,Oregon,658.6812162162162,9951.8,15.108674355658655,464.7,GLYPHOSATE<br>GLUFOSINATE<br>ZIRAM<br>PETROLEUM OIL<br>COPPER SULFATE,464.7,41009,"Columbia County, Oregon(6)"
41011,41,011,Coos County,Oregon,1596.0362640926642,24554.2,15.384487528520474,418.3,PETROLEUM OIL<br>KAOLIN CLAY<br>METAM<br>GLYPHOSATE<br>CHLOROPICRIN,418.3,41011,"Coos County, Oregon(6)"
41013,41,013,Crook County,Oregon,2978.9153957528956,8403.6,2.8210267441570163,462.1,"GLYPHOSATE<br>DICHLOROPROPENE<br>2,4-D<br>PETROLEUM OIL<br>PENDIMETHALIN",462.1,41013,"Crook County, Oregon(6)"
41015,41,015,Curry County,Oregon,1628.3875204633205,21115.4,12.967060809942891,389.4,PETROLEUM OIL<br>KAOLIN CLAY<br>METAM<br>CHLOROPICRIN<br>CALCIUM POLYSULFIDE,389.4,41015,"Curry County, Oregon(6)"
41017,41,017,Deschutes County,Oregon,3017.59586023166,6885.3,2.2817170750861973,414.5,"GLYPHOSATE<br>DICHLOROPROPENE<br>2,4-D<br>PENDIMETHALIN<br>CALCIUM POLYSULFIDE",414.5,41017,"Deschutes County, Oregon(6)"
41019,41,019,Douglas County,Oregon,5035.652526254827,19138.2,3.8005402279481113,398.2,SULFUR<br>PETROLEUM OIL<br>GLYPHOSATE<br>PARAQUAT<br>GLUFOSINATE,398.2,41019,"Douglas County, Oregon(6)"
41021,41,021,Gilliam County,Oregon,1204.7157362934363,63012.6,52.30495302889596,226.4,"GLYPHOSATE<br>2,4-D<br>PETROLEUM OIL<br>PARAQUAT<br>SULFUR",226.4,41021,"Gilliam County, Oregon(6)"
41023,41,023,Grant County,Oregon,4527.770611969112,8608.4,1.9012447267632748,362.1,"GLYPHOSATE<br>DICHLOROPROPENE<br>2,4-D<br>SULFUR<br>ATRAZINE",362.1,41023,"Grant County, Oregon(6)"
41025,41,025,Harney County,Oregon,10134.391083397684,32743.9,3.2309686621075397,339.2,"GLYPHOSATE<br>2,4-D<br>PENDIMETHALIN<br>CHLORPYRIFOS<br>TERBACIL",339.2,41025,"Harney County, Oregon(6)"
41027,41,027,Hood River County,Oregon,522.1920285714285,615982.7,1179.6095426526454,427.3,PETROLEUM OIL<br>SULFUR<br>MANCOZEB<br>COPPER<br>GLYPHOSATE,427.3,41027,"Hood River County, Oregon(6)"
41029,41,029,Jackson County,Oregon,2783.2380509652507,37214.5,13.370936771683503,433.8,SULFUR<br>PETROLEUM OIL<br>KAOLIN CLAY<br>GLYPHOSATE<br>CALCIUM POLYSULFIDE,433.8,41029,"Jackson County, Oregon(6)"
41031,41,031,Jefferson County,Oregon,1781.6876355212355,30559.2,17.151828070614556,399,"DICHLOROPROPENE<br>GLYPHOSATE<br>2,4-D<br>GLUFOSINATE<br>MANCOZEB",399,41031,"Jefferson County, Oregon(6)"
41033,41,033,Josephine County,Oregon,1638.641215830116,16240.6,9.911016422086458,459.6,SULFUR<br>GLYPHOSATE<br>METAM<br>PETROLEUM OIL<br>DICHLOROPROPENE,459.6,41033,"Josephine County, Oregon(6)"
41035,41,035,Klamath County,Oregon,5949.869333976834,240441.7,40.41125720643198,440.5,"DICHLOROPROPENE<br>GLYPHOSATE<br>MANCOZEB<br>2,4-D<br>PENDIMETHALIN",440.5,41035,"Klamath County, Oregon(6)"
41037,41,037,Lake County,Oregon,8138.571858687259,35572.9,4.37090199824541,421.7,"GLYPHOSATE<br>PENDIMETHALIN<br>CHLORPYRIFOS<br>2,4-D<br>TERBACIL",421.7,41037,"Lake County, Oregon(6)"
41039,41,039,Lane County,Oregon,4554.071363706564,47062.6,10.33418149198604,322.6,SULFUR<br>GLYPHOSATE<br>PETROLEUM OIL<br>GLUFOSINATE<br>ZIRAM,322.6,41039,"Lane County, Oregon(6)"
41041,41,041,Lincoln County,Oregon,980.9781285714286,23358.4,23.811336175268448,387.6,ETHOPROPHOS<br>PETROLEUM OIL<br>CHLOROTHALONIL<br>METOLACHLOR & METOLACHLOR-S<br>SULFUR,387.6,41041,"Lincoln County, Oregon(6)"
41043,41,043,Linn County,Oregon,2289.497041312741,53361,23.30686567273488,412.5,GLYPHOSATE<br>GLUFOSINATE<br>PETROLEUM OIL<br>ZIRAM<br>COPPER SULFATE,412.5,41043,"Linn County, Oregon(6)"
41045,41,045,Malheur County,Oregon,9887.66098069498,826916.7000000001,83.63117441167346,350.4,CHLOROPICRIN<br>METAM<br>GLYPHOSATE<br>DICHLOROPROPENE<br>METHOMYL,350.4,41045,"Malheur County, Oregon(6)"
41047,41,047,Marion County,Oregon,1180.834283011583,205937.9,174.40033962663998,444.6,GLYPHOSATE<br>CALCIUM POLYSULFIDE<br>SULFUR<br>PETROLEUM OIL<br>GLUFOSINATE,444.6,41047,"Marion County, Oregon(6)"
41049,41,049,Morrow County,Oregon,2030.5197926640928,1982303,976.253965689824,394.3,METAM<br>DICHLOROPROPENE<br>BACILLUS AMYLOLIQUEFACIEN<br>GLYPHOSATE<br>CHLOROPICRIN,394.3,41049,"Morrow County, Oregon(6)"
41051,41,051,Multnomah County,Oregon,431.0173223938224,33446.4,77.59873736452727,457.4,CALCIUM POLYSULFIDE<br>ETHOPROPHOS<br>GLYPHOSATE<br>CHLOROTHALONIL<br>METOLACHLOR & METOLACHLOR-S,457.4,41051,"Multnomah County, Oregon(6)"
41053,41,053,Polk County,Oregon,740.9203162162162,115895,156.42032950568924,422.3,SULFUR<br>PETROLEUM OIL<br>GLYPHOSATE<br>GLUFOSINATE<br>ZIRAM,422.3,41053,"Polk County, Oregon(6)"
41055,41,055,Sherman County,Oregon,823.6106683397684,64965.9,78.87938135983357,323.2,"GLYPHOSATE<br>2,4-D<br>PARAQUAT<br>BROMOXYNIL<br>PROPICONAZOLE",323.2,41055,"Sherman County, Oregon(6)"
41057,41,057,Tillamook County,Oregon,1103.1775034749037,4190.1,3.79821015820354,395.3,SULFUR<br>GLYPHOSATE<br>PETROLEUM OIL<br>METRIBUZIN<br>ATRAZINE,395.3,41057,"Tillamook County, Oregon(6)"
41059,41,059,Umatilla County,Oregon,3215.435132818533,882951.3,274.597764696947,384.3,DICHLOROPROPENE<br>CHLOROPICRIN<br>METAM<br>BACILLUS AMYLOLIQUEFACIEN<br>GLYPHOSATE,384.3,41059,"Umatilla County, Oregon(6)"
41061,41,061,Union County,Oregon,2036.9310776061775,48221.4,23.67355505060598,400.1,DICHLOROPROPENE<br>GLYPHOSATE<br>PETROLEUM OIL<br>CHLOROPICRIN<br>KAOLIN CLAY,400.1,41061,"Union County, Oregon(6)"
41063,41,063,Wallowa County,Oregon,3145.8823664092665,22672.2,7.206944621352202,385.9,PETROLEUM OIL<br>KAOLIN CLAY<br>GLYPHOSATE<br>BROMOXYNIL<br>SULFUR,385.9,41063,"Wallowa County, Oregon(6)"
41065,41,065,Wasco County,Oregon,2381.1078104247104,191575.3,80.45637377747686,425.7,PETROLEUM OIL<br>SULFUR<br>GLYPHOSATE<br>COPPER<br>CALCIUM POLYSULFIDE,425.7,41065,"Wasco County, Oregon(6)"
41067,41,067,Washington County,Oregon,724.2685714285715,89479.8,123.54505432081233,416,CALCIUM POLYSULFIDE<br>SULFUR<br>PETROLEUM OIL<br>GLYPHOSATE<br>GLUFOSINATE,416,41067,"Washington County, Oregon(6)"
41069,41,069,Wheeler County,Oregon,1716.0135173745173,3095,1.8035988461998351,433.6,"GLYPHOSATE<br>2,4-D<br>PENDIMETHALIN<br>CHLORPYRIFOS<br>TERBACIL",433.6,41069,"Wheeler County, Oregon(6)"
41071,41,071,Yamhill County,Oregon,715.934340926641,95548.2,133.45944528422956,434.4,SULFUR<br>PETROLEUM OIL<br>GLYPHOSATE<br>CALCIUM POLYSULFIDE<br>PARAQUAT,434.4,41071,"Yamhill County, Oregon(6)"
42001,42,001,Adams County,Pennsylvania,518.5732895752896,311395.10000000003,600.4842637672912,444.9,CAPTAN<br>MANCOZEB<br>GLYPHOSATE<br>COPPER SULFATE<br>THIOPHANATE-METHYL,444.9,42001,"Adams County, Pennsylvania(6)"
42003,42,003,Allegheny County,Pennsylvania,729.9488154440154,4781.1,6.549911307263016,464.7,"GLYPHOSATE<br>2,4-D<br>DICAMBA<br>METOLACHLOR & METOLACHLOR-S<br>ATRAZINE",464.7,42003,"Allegheny County, Pennsylvania(6)"
42005,42,005,Armstrong County,Pennsylvania,653.3180154440155,19246.8,29.460078468706037,472.8,"GLYPHOSATE<br>ATRAZINE<br>2,4-D<br>METOLACHLOR & METOLACHLOR-S<br>DICAMBA",472.8,42005,"Armstrong County, Pennsylvania(6)"
42007,42,007,Beaver County,Pennsylvania,434.69297567567565,8726.300000000001,20.07462850402877,474.4,"GLYPHOSATE<br>ATRAZINE<br>2,4-D<br>SULFUR<br>CAPTAN",474.4,42007,"Beaver County, Pennsylvania(6)"
42009,42,009,Bedford County,Pennsylvania,1011.9837528957528,88649.09999999999,87.59933126034285,456.3,GLYPHOSATE<br>ATRAZINE<br>METOLACHLOR & METOLACHLOR-S<br>CAPTAN<br>MANCOZEB,456.3,42009,"Bedford County, Pennsylvania(6)"
42011,42,011,Berks County,Pennsylvania,856.4004722007722,128801.6,150.3987961017893,475.7,"GLYPHOSATE<br>ATRAZINE<br>METOLACHLOR & METOLACHLOR-S<br>2,4-D<br>PARAQUAT",475.7,42011,"Berks County, Pennsylvania(6)"
42013,42,013,Blair County,Pennsylvania,525.0642088803089,50199,95.6054500592386,489.2,GLYPHOSATE<br>ATRAZINE<br>METOLACHLOR & METOLACHLOR-S<br>ACETOCHLOR<br>PENDIMETHALIN,489.2,42013,"Blair County, Pennsylvania(6)"
42015,42,015,Bradford County,Pennsylvania,1147.3702135135136,31280.5,27.262778510008427,474.6,"ATRAZINE<br>METOLACHLOR & METOLACHLOR-S<br>GLYPHOSATE<br>2,4-D<br>SIMAZINE",474.6,42015,"Bradford County, Pennsylvania(6)"
42017,42,017,Bucks County,Pennsylvania,604.4444980694981,15505.8,25.65297566529784,464.9,GLYPHOSATE<br>METOLACHLOR & METOLACHLOR-S<br>CAPTAN<br>CHLOROTHALONIL<br>ATRAZINE,464.9,42017,"Bucks County, Pennsylvania(6)"
42019,42,019,Butler County,Pennsylvania,789.4788065637066,29015.1,36.75222154004541,424.7,"GLYPHOSATE<br>ATRAZINE<br>2,4-D<br>METOLACHLOR & METOLACHLOR-S<br>DICAMBA",424.7,42019,"Butler County, Pennsylvania(6)"
42021,42,021,Cambria County,Pennsylvania,687.9599594594595,29980.3,43.57855364657556,475.3,GLYPHOSATE<br>ATRAZINE<br>METOLACHLOR & METOLACHLOR-S<br>PENDIMETHALIN<br>CHLOROTHALONIL,475.3,42021,"Cambria County, Pennsylvania(6)"
42023,42,023,Cameron County,Pennsylvania,396.2324223938224,476.1,1.2015674969848775,510.6,METOLACHLOR & METOLACHLOR-S<br>CHLOROTHALONIL<br>GLYPHOSATE<br>ATRAZINE<br>PENDIMETHALIN,510.6,42023,"Cameron County, Pennsylvania(6)"
42025,42,025,Carbon County,Pennsylvania,381.3538548262548,6193.6,16.2410840263351,490.7,SULFUR<br>METOLACHLOR & METOLACHLOR-S<br>GLYPHOSATE<br>CAPTAN<br>ATRAZINE,490.7,42025,"Carbon County, Pennsylvania(6)"
42027,42,027,Centre County,Pennsylvania,1107.2539131274132,58558.7,52.88642406745016,417.2,GLYPHOSATE<br>ATRAZINE<br>METOLACHLOR & METOLACHLOR-S<br>PENDIMETHALIN<br>ACETOCHLOR,417.2,42027,"Centre County, Pennsylvania(6)"
42029,42,029,Chester County,Pennsylvania,750.5471841698842,76192.8,101.5163358240699,427.2,"GLYPHOSATE<br>ATRAZINE<br>METOLACHLOR & METOLACHLOR-S<br>2,4-D<br>CHLOROTHALONIL",427.2,42029,"Chester County, Pennsylvania(6)"
42031,42,031,Clarion County,Pennsylvania,600.8327942084942,15125.6,25.174391520898386,420.2,"GLYPHOSATE<br>ATRAZINE<br>2,4-D<br>METOLACHLOR & METOLACHLOR-S<br>CAPTAN",420.2,42031,"Clarion County, Pennsylvania(6)"
42033,42,033,Clearfield County,Pennsylvania,1145.054688030888,4679.1,4.086355043920646,429.4,GLYPHOSATE<br>ATRAZINE<br>PENDIMETHALIN<br>SULFUR<br>METOLACHLOR & METOLACHLOR-S,429.4,42033,"Clearfield County, Pennsylvania(6)"
42035,42,035,Clinton County,Pennsylvania,889.6254749034749,11996,13.4843260882357,485.2,ATRAZINE<br>METOLACHLOR & METOLACHLOR-S<br>GLYPHOSATE<br>SIMAZINE<br>MESOTRIONE,485.2,42035,"Clinton County, Pennsylvania(6)"
42037,42,037,Columbia County,Pennsylvania,483.25720694980697,55605.4,115.0637780468226,510.2,GLYPHOSATE<br>ATRAZINE<br>METOLACHLOR & METOLACHLOR-S<br>ACETOCHLOR<br>PENDIMETHALIN,510.2,42037,"Columbia County, Pennsylvania(6)"
42039,42,039,Crawford County,Pennsylvania,1012.3505965250964,74002.3,73.0994778429663,459.8,GLYPHOSATE<br>DICAMBA<br>ACETOCHLOR<br>ATRAZINE<br>METOLACHLOR & METOLACHLOR-S,459.8,42039,"Crawford County, Pennsylvania(6)"
42041,42,041,Cumberland County,Pennsylvania,545.4796343629343,81200.5,148.86073628547848,430,GLYPHOSATE<br>ATRAZINE<br>METOLACHLOR & METOLACHLOR-S<br>PARAQUAT<br>PENDIMETHALIN,430,42041,"Cumberland County, Pennsylvania(6)"
42043,42,043,Dauphin County,Pennsylvania,524.8677081081081,40969.5,78.05681196824824,449,GLYPHOSATE<br>ATRAZINE<br>METOLACHLOR & METOLACHLOR-S<br>PENDIMETHALIN<br>ACETOCHLOR,449,42043,"Dauphin County, Pennsylvania(6)"
42045,42,045,Delaware County,Pennsylvania,183.80696795366796,2405.1,13.084922877386514,445.1,CAPTAN<br>MANCOZEB<br>CHLOROTHALONIL<br>SULFUR<br>THIOPHANATE-METHYL,445.1,42045,"Delaware County, Pennsylvania(6)"
42047,42,047,Elk County,Pennsylvania,826.8973073359074,2047.8,2.476486477622704,456.4,"ATRAZINE<br>GLYPHOSATE<br>METOLACHLOR & METOLACHLOR-S<br>PETROLEUM OIL<br>2,4-D",456.4,42047,"Elk County, Pennsylvania(6)"
42049,42,049,Erie County,Pennsylvania,798.8977142857143,54929.9,68.75711247855081,482.1,GLYPHOSATE<br>DICAMBA<br>ACETOCHLOR<br>ATRAZINE<br>METOLACHLOR & METOLACHLOR-S,482.1,42049,"Erie County, Pennsylvania(6)"
42051,42,051,Fayette County,Pennsylvania,790.7546772200773,32171.3,40.68429934945084,453.7,"GLYPHOSATE<br>METOLACHLOR & METOLACHLOR-S<br>ATRAZINE<br>DICAMBA<br>2,4-D",453.7,42051,"Fayette County, Pennsylvania(6)"
42053,42,053,Forest County,Pennsylvania,427.2569864864865,955.6,2.2365930346939433,437.7,GLYPHOSATE<br>METOLACHLOR & METOLACHLOR-S<br>CHLOROTHALONIL<br>MCPA<br>ACETOCHLOR,437.7,42053,"Forest County, Pennsylvania(6)"
42055,42,055,Franklin County,Pennsylvania,772.2754613899614,193760,250.8949328148608,402.7,GLYPHOSATE<br>ATRAZINE<br>METOLACHLOR & METOLACHLOR-S<br>CAPTAN<br>PARAQUAT,402.7,42055,"Franklin County, Pennsylvania(6)"
42057,42,057,Fulton County,Pennsylvania,437.5493432432432,10665.1,24.374622347612664,390.3,GLYPHOSATE<br>ATRAZINE<br>METOLACHLOR & METOLACHLOR-S<br>PARAQUAT<br>PENDIMETHALIN,390.3,42057,"Fulton County, Pennsylvania(6)"
42059,42,059,Greene County,Pennsylvania,575.9297474903475,7983.5,13.861933742420211,501.4,"2,4-D<br>GLYPHOSATE<br>METOLACHLOR & METOLACHLOR-S<br>ATRAZINE<br>DICAMBA",501.4,42059,"Greene County, Pennsylvania(6)"
42061,42,061,Huntingdon County,Pennsylvania,874.5877737451738,47574,54.395912483749754,436.8,GLYPHOSATE<br>ATRAZINE<br>METOLACHLOR & METOLACHLOR-S<br>ACETOCHLOR<br>PENDIMETHALIN,436.8,42061,"Huntingdon County, Pennsylvania(6)"
42063,42,063,Indiana County,Pennsylvania,827.3897223938224,34896.3,42.17637596347856,431.3,"GLYPHOSATE<br>ATRAZINE<br>2,4-D<br>METOLACHLOR & METOLACHLOR-S<br>DICAMBA",431.3,42063,"Indiana County, Pennsylvania(6)"
42065,42,065,Jefferson County,Pennsylvania,652.4368370656371,12031.9,18.441478648130893,451.8,"GLYPHOSATE<br>ATRAZINE<br>2,4-D<br>METOLACHLOR & METOLACHLOR-S<br>DICAMBA",451.8,42065,"Jefferson County, Pennsylvania(6)"
42067,42,067,Juniata County,Pennsylvania,391.3889911196911,35271.200000000004,90.11801762511423,474.4,GLYPHOSATE<br>ATRAZINE<br>METOLACHLOR & METOLACHLOR-S<br>PENDIMETHALIN<br>ACETOCHLOR,474.4,42067,"Juniata County, Pennsylvania(6)"
42069,42,069,Lackawanna County,Pennsylvania,458.88397142857144,6331.5,13.797605482468988,482.2,GLYPHOSATE<br>METOLACHLOR & METOLACHLOR-S<br>ATRAZINE<br>CAPTAN<br>SULFUR,482.2,42069,"Lackawanna County, Pennsylvania(6)"
42071,42,071,Lancaster County,Pennsylvania,943.9195571428572,310782.9,329.24723049568587,446,"GLYPHOSATE<br>ATRAZINE<br>METOLACHLOR & METOLACHLOR-S<br>2,4-D<br>ACETOCHLOR",446,42071,"Lancaster County, Pennsylvania(6)"
42073,42,073,Lawrence County,Pennsylvania,357.3880193050193,27076.3,75.76163311980315,461.6,"GLYPHOSATE<br>ATRAZINE<br>2,4-D<br>METOLACHLOR & METOLACHLOR-S<br>DICAMBA",461.6,42073,"Lawrence County, Pennsylvania(6)"
42075,42,075,Lebanon County,Pennsylvania,361.833562934363,103993.3,287.4064505145547,437.2,"GLYPHOSATE<br>ATRAZINE<br>METOLACHLOR & METOLACHLOR-S<br>2,4-D<br>ACETOCHLOR",437.2,42075,"Lebanon County, Pennsylvania(6)"
42077,42,077,Lehigh County,Pennsylvania,345.33392162162164,55290.9,160.10851103292887,499.9,SULFUR<br>METOLACHLOR & METOLACHLOR-S<br>GLYPHOSATE<br>ATRAZINE<br>CAPTAN,499.9,42077,"Lehigh County, Pennsylvania(6)"
42079,42,079,Luzerne County,Pennsylvania,889.8029081081081,23543.1,26.458780686677176,505.4,METOLACHLOR & METOLACHLOR-S<br>GLYPHOSATE<br>CAPTAN<br>ATRAZINE<br>SULFUR,505.4,42079,"Luzerne County, Pennsylvania(6)"
42081,42,081,Lycoming County,Pennsylvania,1228.9139579150578,22796.9,18.550444360381913,487.5,ATRAZINE<br>METOLACHLOR & METOLACHLOR-S<br>GLYPHOSATE<br>SIMAZINE<br>PARAQUAT,487.5,42081,"Lycoming County, Pennsylvania(6)"
42083,42,083,McKean County,Pennsylvania,979.6898586872588,1337.2,1.36492175369845,415.2,"PETROLEUM OIL<br>2,4-D<br>ATRAZINE<br>GLYPHOSATE<br>METOLACHLOR & METOLACHLOR-S",415.2,42083,"McKean County, Pennsylvania(6)"
42085,42,085,Mercer County,Pennsylvania,672.5352938223938,81380.1,121.0049505914722,459.2,GLYPHOSATE<br>ACETOCHLOR<br>DICAMBA<br>ATRAZINE<br>METOLACHLOR & METOLACHLOR-S,459.2,42085,"Mercer County, Pennsylvania(6)"
42087,42,087,Mifflin County,Pennsylvania,411.0353007722008,29652.2,72.14027589429234,477.5,GLYPHOSATE<br>ATRAZINE<br>METOLACHLOR & METOLACHLOR-S<br>PENDIMETHALIN<br>ACETOCHLOR,477.5,42087,"Mifflin County, Pennsylvania(6)"
42089,42,089,Monroe County,Pennsylvania,608.3581200772201,8498.1,13.96891028416177,502.1,SULFUR<br>CAPTAN<br>GLYPHOSATE<br>MANCOZEB<br>METOLACHLOR & METOLACHLOR-S,502.1,42089,"Monroe County, Pennsylvania(6)"
42091,42,091,Montgomery County,Pennsylvania,482.93368648648647,12632,26.156800309173445,441.6,"GLYPHOSATE<br>ATRAZINE<br>METOLACHLOR & METOLACHLOR-S<br>CHLOROTHALONIL<br>2,4-D",441.6,42091,"Montgomery County, Pennsylvania(6)"
42093,42,093,Montour County,Pennsylvania,130.3307277992278,23650.7,181.46679911458403,548,GLYPHOSATE<br>ATRAZINE<br>METOLACHLOR & METOLACHLOR-S<br>PENDIMETHALIN<br>ACETOCHLOR,548,42093,"Montour County, Pennsylvania(6)"
42095,42,095,Northampton County,Pennsylvania,369.78527644787647,34978.7,94.59192192832064,505.3,METOLACHLOR & METOLACHLOR-S<br>GLYPHOSATE<br>ATRAZINE<br>SULFUR<br>CAPTAN,505.3,42095,"Northampton County, Pennsylvania(6)"
42097,42,097,Northumberland County,Pennsylvania,457.6759223938224,81076.6,177.14849314322234,497.6,GLYPHOSATE<br>ATRAZINE<br>METOLACHLOR & METOLACHLOR-S<br>PENDIMETHALIN<br>ACETOCHLOR,497.6,42097,"Northumberland County, Pennsylvania(6)"
42099,42,099,Perry County,Pennsylvania,551.446933976834,53250.6,96.56522997775346,482.5,GLYPHOSATE<br>ATRAZINE<br>METOLACHLOR & METOLACHLOR-S<br>ACETOCHLOR<br>PENDIMETHALIN,482.5,42099,"Perry County, Pennsylvania(6)"
42101,42,101,Philadelphia County,Pennsylvania,134.32461274131273,83.8,0.623861839537815,448.7,CHLOROTHALONIL<br>GLYPHOSATE<br>METOLACHLOR & METOLACHLOR-S<br>CAPTAN<br>SULFUR,448.7,42101,"Philadelphia County, Pennsylvania(6)"
42103,42,103,Pike County,Pennsylvania,544.8934146718146,6313.2,11.586119101480412,446,SULFUR<br>CAPTAN<br>MANCOZEB<br>CHLOROTHALONIL<br>PETROLEUM OIL,446,42103,"Pike County, Pennsylvania(6)"
42105,42,105,Potter County,Pennsylvania,1081.2442826254826,10518.9,9.728513869648362,453.7,METOLACHLOR & METOLACHLOR-S<br>GLYPHOSATE<br>ATRAZINE<br>BENTAZONE<br>PETROLEUM OIL,453.7,42105,"Potter County, Pennsylvania(6)"
42107,42,107,Schuylkill County,Pennsylvania,778.5752513513513,46856.5,60.18236505549397,533.4,METOLACHLOR & METOLACHLOR-S<br>SULFUR<br>GLYPHOSATE<br>ATRAZINE<br>CAPTAN,533.4,42107,"Schuylkill County, Pennsylvania(6)"
42109,42,109,Snyder County,Pennsylvania,328.78270193050196,45875.8,139.5322799241951,466,GLYPHOSATE<br>ATRAZINE<br>SULFUR<br>METOLACHLOR & METOLACHLOR-S<br>PENDIMETHALIN,466,42109,"Snyder County, Pennsylvania(6)"
42111,42,111,Somerset County,Pennsylvania,1075.042252123552,113913.7,105.96206779313466,476,GLYPHOSATE<br>METOLACHLOR & METOLACHLOR-S<br>ATRAZINE<br>CHLORPYRIFOS<br>DICAMBA,476,42111,"Somerset County, Pennsylvania(6)"
42113,42,113,Sullivan County,Pennsylvania,449.93737992277994,3475.7,7.724852735277325,479.5,ATRAZINE<br>METOLACHLOR & METOLACHLOR-S<br>GLYPHOSATE<br>SULFUR<br>CHLOROTHALONIL,479.5,42113,"Sullivan County, Pennsylvania(6)"
42115,42,115,Susquehanna County,Pennsylvania,823.4903861003861,4860.9,5.90280115232267,452.9,CAPTAN<br>PETROLEUM OIL<br>PHOSMET<br>GLYPHOSATE<br>SULFUR,452.9,42115,"Susquehanna County, Pennsylvania(6)"
42117,42,117,Tioga County,Pennsylvania,1133.8864162162165,19632.2,17.314079893039665,444.7,"ATRAZINE<br>METOLACHLOR & METOLACHLOR-S<br>GLYPHOSATE<br>2,4-D<br>SIMAZINE",444.7,42117,"Tioga County, Pennsylvania(6)"
42119,42,119,Union County,Pennsylvania,315.95508455598457,30291.9,95.87407033683148,471.4,GLYPHOSATE<br>ATRAZINE<br>METOLACHLOR & METOLACHLOR-S<br>PENDIMETHALIN<br>ACETOCHLOR,471.4,42119,"Union County, Pennsylvania(6)"
42121,42,121,Venango County,Pennsylvania,674.2616868725869,18659.8,27.67441835016511,474,GLYPHOSATE<br>ACETOCHLOR<br>ATRAZINE<br>DICAMBA<br>METOLACHLOR & METOLACHLOR-S,474,42121,"Venango County, Pennsylvania(6)"
42123,42,123,Warren County,Pennsylvania,884.2780366795366,12741.7,14.409155798831184,467.2,GLYPHOSATE<br>ACETOCHLOR<br>ATRAZINE<br>METOLACHLOR & METOLACHLOR-S<br>MCPA,467.2,42123,"Warren County, Pennsylvania(6)"
42125,42,125,Washington County,Pennsylvania,857.0056621621621,19148.6,22.343609669613492,496.3,"GLYPHOSATE<br>2,4-D<br>METOLACHLOR & METOLACHLOR-S<br>ATRAZINE<br>DICAMBA",496.3,42125,"Washington County, Pennsylvania(6)"
42127,42,127,Wayne County,Pennsylvania,725.7660420849421,3072.8,4.233871277819259,410.3,CAPTAN<br>SULFUR<br>METOLACHLOR & METOLACHLOR-S<br>GLYPHOSATE<br>PETROLEUM OIL,410.3,42127,"Wayne County, Pennsylvania(6)"
42129,42,129,Westmoreland County,Pennsylvania,1027.7057312741313,56436.4,54.914941390889354,412.9,GLYPHOSATE<br>METOLACHLOR & METOLACHLOR-S<br>ATRAZINE<br>DICAMBA<br>CHLORPYRIFOS,412.9,42129,"Westmoreland County, Pennsylvania(6)"
42131,42,131,Wyoming County,Pennsylvania,397.2564972972973,7644,19.241976033130587,502.5,GLYPHOSATE<br>METOLACHLOR & METOLACHLOR-S<br>ATRAZINE<br>CAPTAN<br>SULFUR,502.5,42131,"Wyoming County, Pennsylvania(6)"
42133,42,133,York County,Pennsylvania,904.3482447876448,191620.1,211.8875124758996,464.4,GLYPHOSATE<br>ATRAZINE<br>METOLACHLOR & METOLACHLOR-S<br>PARAQUAT<br>CAPTAN,464.4,42133,"York County, Pennsylvania(6)"
44001,44,001,Bristol County,Rhode Island,24.131572586872583,103.2,4.2765551075664305,448.2,GLYPHOSATE<br>ATRAZINE<br>METOLACHLOR & METOLACHLOR-S<br>CHLOROTHALONIL<br>ACETOCHLOR,448.2,44001,"Bristol County, Rhode Island(6)"
44003,44,003,Kent County,Rhode Island,168.5670918918919,243.8,1.4463083942645083,487.2,CAPTAN<br>GLYPHOSATE<br>PETROLEUM OIL<br>MANCOZEB<br>ATRAZINE,487.2,44003,"Kent County, Rhode Island(6)"
44005,44,005,Newport County,Rhode Island,102.4300305019305,4724.5,46.124168633445414,419.7,CHLOROTHALONIL<br>METOLACHLOR & METOLACHLOR-S<br>MANCOZEB<br>GLYPHOSATE<br>ATRAZINE,419.7,44005,"Newport County, Rhode Island(6)"
44007,44,007,Providence County,Rhode Island,409.4818413127413,3990.6,9.745487094633296,439.5,CAPTAN<br>MANCOZEB<br>PETROLEUM OIL<br>CHLOROTHALONIL<br>PHOSPHORIC ACID,439.5,44007,"Providence County, Rhode Island(6)"
44009,44,009,Washington County,Rhode Island,329.2770640926641,2314.4,7.028731279469526,485.1,METOLACHLOR & METOLACHLOR-S<br>CHLOROTHALONIL<br>PHOSPHORIC ACID<br>ATRAZINE<br>GLYPHOSATE,485.1,44009,"Washington County, Rhode Island(6)"
45001,45,001,Abbeville County,South Carolina,491.1925656370656,9718.7,19.78592649787984,423,"2,4-D<br>GLYPHOSATE<br>PICLORAM<br>ETHEPHON<br>TRIBUFOS",423,45001,"Abbeville County, South Carolina(6)"
45003,45,003,Aiken County,South Carolina,1070.669284169884,320750.89999999997,299.5798093233673,387.6,DICHLOROPROPENE<br>PETROLEUM OIL<br>ATRAZINE<br>GLYPHOSATE<br>CHLOROTHALONIL,387.6,45003,"Aiken County, South Carolina(6)"
45005,45,005,Allendale County,South Carolina,408.0929347490347,41721.1,102.23431098030956,425.6,SULFUR<br>GLYPHOSATE<br>CHLOROTHALONIL<br>DICHLOROPROPENE<br>ACETOCHLOR,425.6,45005,"Allendale County, South Carolina(6)"
45007,45,007,Anderson County,South Carolina,713.8508895752896,32609.6,45.681248670014696,445.1,"2,4-D<br>GLYPHOSATE<br>ATRAZINE<br>DICAMBA<br>SULFUR",445.1,45007,"Anderson County, South Carolina(6)"
45009,45,009,Bamberg County,South Carolina,393.3649038610039,63264,160.82776927744027,431.6,DICHLOROPROPENE<br>SULFUR<br>GLYPHOSATE<br>CHLOROTHALONIL<br>ACETOCHLOR,431.6,45009,"Bamberg County, South Carolina(6)"
45011,45,011,Barnwell County,South Carolina,548.3803482625483,52764.8,96.2193487917218,397,DICHLOROPROPENE<br>GLYPHOSATE<br>CHLOROTHALONIL<br>DICAMBA<br>ACETOCHLOR,397,45011,"Barnwell County, South Carolina(6)"
45013,45,013,Beaufort County,South Carolina,576.0189644787645,3920.6,6.806373126182961,372.1,"CHLOROTHALONIL<br>GLYPHOSATE<br>MANCOZEB<br>2,4-D<br>METOLACHLOR & METOLACHLOR-S",372.1,45013,"Beaufort County, South Carolina(6)"
45015,45,015,Berkeley County,South Carolina,1103.6045104247105,5887.7,5.334972759158243,420.8,"GLYPHOSATE<br>DICHLOROPROPENE<br>ACETOCHLOR<br>CHLOROTHALONIL<br>2,4-D",420.8,45015,"Berkeley County, South Carolina(6)"
45017,45,017,Calhoun County,South Carolina,381.14449575289575,205055.7,537.9998984241978,397.6,DICHLOROPROPENE<br>GLYPHOSATE<br>DICAMBA<br>ETHEPHON<br>SULFUR,397.6,45017,"Calhoun County, South Carolina(6)"
45019,45,019,Charleston County,South Carolina,918.1603223938224,16511.5,17.983242792447523,439.1,"SULFUR<br>COPPER HYDROXIDE<br>GLYPHOSATE<br>PARAQUAT<br>2,4-D",439.1,45019,"Charleston County, South Carolina(6)"
45021,45,021,Cherokee County,South Carolina,392.9585378378378,41631.2,105.94298377906716,477.4,"SULFUR<br>2,4-D<br>PETROLEUM OIL<br>GLYPHOSATE<br>CHLOROPICRIN",477.4,45021,"Cherokee County, South Carolina(6)"
45023,45,023,Chester County,South Carolina,580.8619231660232,32070.1,55.21122786840627,461.2,"DICHLOROPROPENE<br>GLYPHOSATE<br>2,4-D<br>ETHEPHON<br>ACETOCHLOR",461.2,45023,"Chester County, South Carolina(6)"
45025,45,025,Chesterfield County,South Carolina,798.9822478764479,73286.4,91.7246912491262,431.3,"GLYPHOSATE<br>SULFUR<br>ATRAZINE<br>PARAQUAT<br>2,4-D",431.3,45025,"Chesterfield County, South Carolina(6)"
45027,45,027,Clarendon County,South Carolina,607.2044640926641,127027.9,209.20119582753028,450.3,DICHLOROPROPENE<br>GLYPHOSATE<br>ATRAZINE<br>DICAMBA<br>PARAQUAT,450.3,45027,"Clarendon County, South Carolina(6)"
45029,45,029,Colleton County,South Carolina,1056.4546633204634,42085.5,39.836541463808985,488.1,DICHLOROPROPENE<br>GLYPHOSATE<br>DECAN-1-OL<br>CHLOROTHALONIL<br>CHLOROPICRIN,488.1,45029,"Colleton County, South Carolina(6)"
45031,45,031,Darlington County,South Carolina,560.6264138996139,197021.7,351.4313544906909,431.1,GLYPHOSATE<br>ATRAZINE<br>METOLACHLOR & METOLACHLOR-S<br>DICAMBA<br>ACETOCHLOR,431.1,45031,"Darlington County, South Carolina(6)"
45033,45,033,Dillon County,South Carolina,405.0746023166023,147136.5,363.233091283762,493.8,GLYPHOSATE<br>ATRAZINE<br>METOLACHLOR & METOLACHLOR-S<br>PARAQUAT<br>DICAMBA,493.8,45033,"Dillon County, South Carolina(6)"
45035,45,035,Dorchester County,South Carolina,568.3903447876448,37459.3,65.90418071579857,450.3,DICHLOROPROPENE<br>GLYPHOSATE<br>CHLOROTHALONIL<br>ACETOCHLOR<br>METOLACHLOR & METOLACHLOR-S,450.3,45035,"Dorchester County, South Carolina(6)"
45037,45,037,Edgefield County,South Carolina,500.6858366795367,48110.4,96.08899728232775,350.7,"PETROLEUM OIL<br>CAPTAN<br>COPPER<br>PHOSMET<br>2,4-D",350.7,45037,"Edgefield County, South Carolina(6)"
45039,45,039,Fairfield County,South Carolina,686.3032613899613,1342.3,1.9558409168586155,410.3,"2,4-D<br>ATRAZINE<br>AMINOPYRALID<br>GLYPHOSATE<br>GLUFOSINATE",410.3,45039,"Fairfield County, South Carolina(6)"
45041,45,041,Florence County,South Carolina,800.5046555984555,166662.1,208.19629072038785,448.1,GLYPHOSATE<br>ATRAZINE<br>PARAQUAT<br>METOLACHLOR & METOLACHLOR-S<br>DICAMBA,448.1,45041,"Florence County, South Carolina(6)"
45043,45,043,Georgetown County,South Carolina,813.6616714285715,42402.9,52.113675117019945,469.5,SULFUR<br>CHLOROPICRIN<br>GLYPHOSATE<br>DECAN-1-OL<br>DICHLOROPROPENE,469.5,45043,"Georgetown County, South Carolina(6)"
45045,45,045,Greenville County,South Carolina,785.933128957529,35296.3,44.91005493917457,467.3,"SULFUR<br>2,4-D<br>PETROLEUM OIL<br>CAPTAN<br>CHLOROTHALONIL",467.3,45045,"Greenville County, South Carolina(6)"
45047,45,047,Greenwood County,South Carolina,455.6037081081081,45203.9,99.21758579996846,468.6,"PETROLEUM OIL<br>CAPTAN<br>COPPER<br>2,4-D<br>PHOSMET",468.6,45047,"Greenwood County, South Carolina(6)"
45049,45,049,Hampton County,South Carolina,559.9720814671815,73527.90000000001,131.3063676448828,418.6,DICHLOROPROPENE<br>GLYPHOSATE<br>CHLOROTHALONIL<br>ACETOCHLOR<br>DICAMBA,418.6,45049,"Hampton County, South Carolina(6)"
45051,45,051,Horry County,South Carolina,1133.152320849421,261368.5,230.65610438328,425.1,CHLOROPICRIN<br>GLYPHOSATE<br>DECAN-1-OL<br>ATRAZINE<br>SULFUR,425.1,45051,"Horry County, South Carolina(6)"
45053,45,053,Jasper County,South Carolina,655.1315833976834,2207.5,3.3695520960099787,344.4,"GLYPHOSATE<br>DICHLOROPROPENE<br>CHLOROTHALONIL<br>METOLACHLOR & METOLACHLOR-S<br>2,4-D",344.4,45053,"Jasper County, South Carolina(6)"
45055,45,055,Kershaw County,South Carolina,726.6086911196911,21760.199999999997,29.947618664549573,434.9,"SULFUR<br>CHLOROTHALONIL<br>ATRAZINE<br>2,4-D<br>PHOSMET",434.9,45055,"Kershaw County, South Carolina(6)"
45057,45,057,Lancaster County,South Carolina,549.1715976833976,24984.199999999997,45.49434112286996,407,"SULFUR<br>ATRAZINE<br>2,4-D<br>CHLOROTHALONIL<br>PHOSMET",407,45057,"Lancaster County, South Carolina(6)"
45059,45,059,Laurens County,South Carolina,712.8676436293437,15727.3,22.062019703867257,448.2,"2,4-D<br>GLYPHOSATE<br>ATRAZINE<br>DICAMBA<br>AMINOPYRALID",448.2,45059,"Laurens County, South Carolina(6)"
45061,45,061,Lee County,South Carolina,410.18466833976834,119784.3,292.02529798305153,411.4,DICHLOROPROPENE<br>GLYPHOSATE<br>DICAMBA<br>ATRAZINE<br>ETHEPHON,411.4,45061,"Lee County, South Carolina(6)"
45063,45,063,Lexington County,South Carolina,698.5830984555985,58787.7,84.15276597725547,434.1,"DICHLOROPROPENE<br>SULFUR<br>2,4-D<br>GLYPHOSATE<br>PETROLEUM OIL",434.1,45063,"Lexington County, South Carolina(6)"
45065,45,065,McCormick County,South Carolina,358.88850926640924,1705.6,4.752450847441045,446.1,"2,4-D<br>GLYPHOSATE<br>ATRAZINE<br>SULFUR<br>PICLORAM",446.1,45065,"McCormick County, South Carolina(6)"
45067,45,067,Marion County,South Carolina,489.36929382239384,71795.2,146.709654459964,451.4,GLYPHOSATE<br>ATRAZINE<br>CHLOROPICRIN<br>CHLOROTHALONIL<br>METOLACHLOR & METOLACHLOR-S,451.4,45067,"Marion County, South Carolina(6)"
45069,45,069,Marlboro County,South Carolina,479.8715250965251,142702.2,297.3758444435639,440.6,GLYPHOSATE<br>ATRAZINE<br>METOLACHLOR & METOLACHLOR-S<br>CHLOROTHALONIL<br>PARAQUAT,440.6,45069,"Marlboro County, South Carolina(6)"
45071,45,071,Newberry County,South Carolina,630.3028764478764,62515,99.18247613323362,426.8,"PETROLEUM OIL<br>ATRAZINE<br>CAPTAN<br>2,4-D<br>COPPER",426.8,45071,"Newberry County, South Carolina(6)"
45073,45,073,Oconee County,South Carolina,626.5627428571429,38862.5,62.024913614853574,454.8,"SULFUR<br>2,4-D<br>PETROLEUM OIL<br>CAPTAN<br>GLYPHOSATE",454.8,45073,"Oconee County, South Carolina(6)"
45075,45,075,Orangeburg County,South Carolina,1106.3742644787644,251884.3,227.6664489467927,452.5,DICHLOROPROPENE<br>GLYPHOSATE<br>DICAMBA<br>ETHEPHON<br>CHLOROTHALONIL,452.5,45075,"Orangeburg County, South Carolina(6)"
45077,45,077,Pickens County,South Carolina,496.93428223938224,8964.7,18.040011165262175,458.6,"2,4-D<br>SULFUR<br>GLYPHOSATE<br>ATRAZINE<br>DICAMBA",458.6,45077,"Pickens County, South Carolina(6)"
45079,45,079,Richland County,South Carolina,757.3052108108108,42137.8,55.64176688403485,408.1,SULFUR<br>DICHLOROPROPENE<br>GLYPHOSATE<br>PETROLEUM OIL<br>CAPTAN,408.1,45079,"Richland County, South Carolina(6)"
45081,45,081,Saluda County,South Carolina,453.1639934362934,50649.3,111.7681473674284,373.9,"PETROLEUM OIL<br>CAPTAN<br>2,4-D<br>COPPER<br>PHOSMET",373.9,45081,"Saluda County, South Carolina(6)"
45083,45,083,Spartanburg County,South Carolina,808.403398069498,93743.3,115.96104150955206,448.2,"SULFUR<br>PETROLEUM OIL<br>2,4-D<br>CAPTAN<br>CHLOROTHALONIL",448.2,45083,"Spartanburg County, South Carolina(6)"
45085,45,085,Sumter County,South Carolina,665.0752378378378,128839.7,193.72199214461563,428.1,DICHLOROPROPENE<br>GLYPHOSATE<br>SULFUR<br>ATRAZINE<br>DICAMBA,428.1,45085,"Sumter County, South Carolina(6)"
45087,45,087,Union County,South Carolina,513.601815057915,32245.4,62.78287781433157,471.9,"SULFUR<br>2,4-D<br>PETROLEUM OIL<br>CAPTAN<br>CHLOROTHALONIL",471.9,45087,"Union County, South Carolina(6)"
45089,45,089,Williamsburg County,South Carolina,934.161332046332,157357,168.4473490840183,423.1,GLYPHOSATE<br>ATRAZINE<br>METOLACHLOR & METOLACHLOR-S<br>DICAMBA<br>CHLOROPICRIN,423.1,45089,"Williamsburg County, South Carolina(6)"
45091,45,091,York County,South Carolina,680.5517891891892,39660.4,58.27682864114057,453.9,"DICHLOROPROPENE<br>GLYPHOSATE<br>2,4-D<br>ETHEPHON<br>ACETOCHLOR",453.9,45091,"York County, South Carolina(6)"
46003,46,003,Aurora County,South Dakota,708.4567042471042,151771.1,214.22777015187003,592.3,GLYPHOSATE<br>ACETOCHLOR<br>DICAMBA<br>GLUFOSINATE<br>ATRAZINE,592.3,46003,"Aurora County, South Dakota(6)"
46005,46,005,Beadle County,South Dakota,1258.6916907335908,361783.3,287.42805141515265,431.7,GLYPHOSATE<br>ACETOCHLOR<br>DICAMBA<br>GLUFOSINATE<br>ATRAZINE,431.7,46005,"Beadle County, South Dakota(6)"
46007,46,007,Bennett County,South Dakota,1184.6364084942086,51662.8,43.61068056794623,397,"GLYPHOSATE<br>ATRAZINE<br>PENDIMETHALIN<br>2,4-D<br>METOLACHLOR & METOLACHLOR-S",397,46007,"Bennett County, South Dakota(6)"
46009,46,009,Bon Homme County,South Dakota,563.5468223938224,173661.1,308.15735818068504,419.1,"GLYPHOSATE<br>ACETOCHLOR<br>ATRAZINE<br>2,4-D<br>DICAMBA",419.1,46009,"Bon Homme County, South Dakota(6)"
46011,46,011,Brookings County,South Dakota,792.2136262548263,322718,407.362344328313,442.5,GLYPHOSATE<br>ACETOCHLOR<br>METOLACHLOR & METOLACHLOR-S<br>ATRAZINE<br>DICAMBA,442.5,46011,"Brookings County, South Dakota(6)"
46013,46,013,Brown County,South Dakota,1713.022472972973,929327.2,542.5073019545041,475.8,GLYPHOSATE<br>DICAMBA<br>ACETOCHLOR<br>METOLACHLOR & METOLACHLOR-S<br>ATRAZINE,475.8,46013,"Brown County, South Dakota(6)"
46015,46,015,Brule County,South Dakota,817.217922007722,152746,186.9097530616279,442.3,GLYPHOSATE<br>ACETOCHLOR<br>DICAMBA<br>GLUFOSINATE<br>ATRAZINE,442.3,46015,"Brule County, South Dakota(6)"
46017,46,017,Buffalo County,South Dakota,471.4030138996139,52045.4,110.40531873027686,546.1,GLYPHOSATE<br>ACETOCHLOR<br>ATRAZINE<br>DICAMBA<br>GLUFOSINATE,546.1,46017,"Buffalo County, South Dakota(6)"
46019,46,019,Butte County,South Dakota,2249.9994455598458,5021.7,2.2318672166385793,424.8,"GLYPHOSATE<br>2,4-D<br>DICAMBA<br>FLUROXYPYR<br>MCPA",424.8,46019,"Butte County, South Dakota(6)"
46021,46,021,Campbell County,South Dakota,733.6734243243243,197790.7,269.58956593276514,274.1,GLYPHOSATE<br>DICAMBA<br>ACETOCHLOR<br>METOLACHLOR & METOLACHLOR-S<br>ATRAZINE,274.1,46021,"Campbell County, South Dakota(6)"
46023,46,023,Charles Mix County,South Dakota,1097.1354872586874,273951.10000000003,249.69669031898397,490.5,"GLYPHOSATE<br>ACETOCHLOR<br>2,4-D<br>ATRAZINE<br>DICAMBA",490.5,46023,"Charles Mix County, South Dakota(6)"
46025,46,025,Clark County,South Dakota,957.5074532818531,299598.3,312.89396126696244,507.6,GLYPHOSATE<br>METOLACHLOR & METOLACHLOR-S<br>ACETOCHLOR<br>ATRAZINE<br>FOMESAFEN,507.6,46025,"Clark County, South Dakota(6)"
46027,46,027,Clay County,South Dakota,412.0201803088803,176178,427.59556065415086,538.2,GLYPHOSATE<br>ACETOCHLOR<br>ATRAZINE<br>DICAMBA<br>METOLACHLOR & METOLACHLOR-S,538.2,46027,"Clay County, South Dakota(6)"
46029,46,029,Codington County,South Dakota,687.581854054054,201980.4,293.75469816299335,478.9,GLYPHOSATE<br>METOLACHLOR & METOLACHLOR-S<br>ACETOCHLOR<br>ATRAZINE<br>FOMESAFEN,478.9,46029,"Codington County, South Dakota(6)"
46031,46,031,Corson County,South Dakota,2469.682854054054,61820.4,25.031716075819237,289.4,"GLYPHOSATE<br>2,4-D<br>DICAMBA<br>SULFENTRAZONE<br>FLUROXYPYR",289.4,46031,"Corson County, South Dakota(6)"
46033,46,033,Custer County,South Dakota,1556.935962934363,3306,2.1234013978129,382.6,"GLYPHOSATE<br>ATRAZINE<br>2,4-D<br>DICAMBA<br>PENDIMETHALIN",382.6,46033,"Custer County, South Dakota(6)"
46035,46,035,Davison County,South Dakota,435.6312972972973,196664.7,451.44759162192577,467.5,GLYPHOSATE<br>ACETOCHLOR<br>METOLACHLOR & METOLACHLOR-S<br>ATRAZINE<br>DICAMBA,467.5,46035,"Davison County, South Dakota(6)"
46037,46,037,Day County,South Dakota,1028.485488030888,329093.2,319.97845747933053,475.7,GLYPHOSATE<br>METOLACHLOR & METOLACHLOR-S<br>ACETOCHLOR<br>ATRAZINE<br>FOMESAFEN,475.7,46037,"Day County, South Dakota(6)"
46039,46,039,Deuel County,South Dakota,622.7357969111969,185568,297.98832975465245,424.6,GLYPHOSATE<br>METOLACHLOR & METOLACHLOR-S<br>ACETOCHLOR<br>ATRAZINE<br>FOMESAFEN,424.6,46039,"Deuel County, South Dakota(6)"
46041,46,041,Dewey County,South Dakota,2302.365818918919,18299.2,7.947998467329762,634.5,"GLYPHOSATE<br>2,4-D<br>DICAMBA<br>SULFENTRAZONE<br>FLUROXYPYR",634.5,46041,"Dewey County, South Dakota(6)"
46043,46,043,Douglas County,South Dakota,431.79875714285714,155281.8,359.6161346722595,495.7,"GLYPHOSATE<br>ACETOCHLOR<br>ATRAZINE<br>DICAMBA<br>2,4-D",495.7,46043,"Douglas County, South Dakota(6)"
46045,46,045,Edmunds County,South Dakota,1125.975259073359,478657.9,425.1051665148663,427.3,GLYPHOSATE<br>DICAMBA<br>ACETOCHLOR<br>METOLACHLOR & METOLACHLOR-S<br>ATRAZINE,427.3,46045,"Edmunds County, South Dakota(6)"
46047,46,047,Fall River County,South Dakota,1739.8811243243242,2967.1,1.7053463932211237,416,GLYPHOSATE<br>ATRAZINE<br>PENDIMETHALIN<br>ETHALFLURALIN<br>METOLACHLOR & METOLACHLOR-S,416,46047,"Fall River County, South Dakota(6)"
46049,46,049,Faulk County,South Dakota,981.7087084942084,401273.9,408.7504740744259,625.3,GLYPHOSATE<br>DICAMBA<br>ACETOCHLOR<br>METOLACHLOR & METOLACHLOR-S<br>ATRAZINE,625.3,46049,"Faulk County, South Dakota(6)"
46051,46,051,Grant County,South Dakota,681.4429667953668,209196.1,306.9898879194395,430,GLYPHOSATE<br>METOLACHLOR & METOLACHLOR-S<br>ACETOCHLOR<br>ATRAZINE<br>FOMESAFEN,430,46051,"Grant County, South Dakota(6)"
46053,46,053,Gregory County,South Dakota,1014.944996138996,79485.8,78.31537699321242,507.9,"GLYPHOSATE<br>2,4-D<br>DICAMBA<br>METRIBUZIN<br>ATRAZINE",507.9,46053,"Gregory County, South Dakota(6)"
46055,46,055,Haakon County,South Dakota,1810.5327756756756,112094.3,61.91232851786808,526.9,"GLYPHOSATE<br>ATRAZINE<br>METOLACHLOR & METOLACHLOR-S<br>DICAMBA<br>2,4-D",526.9,46055,"Haakon County, South Dakota(6)"
46057,46,057,Hamlin County,South Dakota,507.0661424710425,186337.4,367.4814474733764,484.8,GLYPHOSATE<br>METOLACHLOR & METOLACHLOR-S<br>ACETOCHLOR<br>ATRAZINE<br>FOMESAFEN,484.8,46057,"Hamlin County, South Dakota(6)"
46059,46,059,Hand County,South Dakota,1436.6265988416988,362626.1,252.41499794892604,464.5,GLYPHOSATE<br>DICAMBA<br>ACETOCHLOR<br>GLUFOSINATE<br>ATRAZINE,464.5,46059,"Hand County, South Dakota(6)"
46061,46,061,Hanson County,South Dakota,434.58025752895753,229695.2,528.5449488802299,390.8,GLYPHOSATE<br>ACETOCHLOR<br>METOLACHLOR & METOLACHLOR-S<br>ATRAZINE<br>DICAMBA,390.8,46061,"Hanson County, South Dakota(6)"
46063,46,063,Harding County,South Dakota,2671.557254826255,16347.8,6.119202562650368,291.8,"GLYPHOSATE<br>2,4-D<br>DICAMBA<br>THIOPHANATE-METHYL<br>ETHALFLURALIN",291.8,46063,"Harding County, South Dakota(6)"
46065,46,065,Hughes County,South Dakota,741.5236277992278,124952.9,168.50831897406752,483.9,GLYPHOSATE<br>CHLORPYRIFOS<br>ACETOCHLOR<br>METOLACHLOR & METOLACHLOR-S<br>DICAMBA,483.9,46065,"Hughes County, South Dakota(6)"
46067,46,067,Hutchinson County,South Dakota,813.0095243243243,290904.9,357.81241338072294,491.5,"GLYPHOSATE<br>ACETOCHLOR<br>ATRAZINE<br>DICAMBA<br>2,4-D",491.5,46067,"Hutchinson County, South Dakota(6)"
46069,46,069,Hyde County,South Dakota,860.6252544401544,115117,133.75972806524808,457.1,GLYPHOSATE<br>ACETOCHLOR<br>CHLORPYRIFOS<br>METOLACHLOR & METOLACHLOR-S<br>ATRAZINE,457.1,46069,"Hyde County, South Dakota(6)"
46071,46,071,Jackson County,South Dakota,1863.873940926641,38326.9,20.56303227295804,556.9,"GLYPHOSATE<br>ATRAZINE<br>METOLACHLOR & METOLACHLOR-S<br>DICAMBA<br>2,4-D",556.9,46071,"Jackson County, South Dakota(6)"
46073,46,073,Jerauld County,South Dakota,526.1302146718147,96620.6,183.64389138964248,527.2,GLYPHOSATE<br>ACETOCHLOR<br>DICAMBA<br>GLUFOSINATE<br>ATRAZINE,527.2,46073,"Jerauld County, South Dakota(6)"
46075,46,075,Jones County,South Dakota,969.663271042471,134851.8,139.0707517002503,518.3,"GLYPHOSATE<br>ATRAZINE<br>ACETOCHLOR<br>METOLACHLOR & METOLACHLOR-S<br>2,4-D",518.3,46075,"Jones County, South Dakota(6)"
46077,46,077,Kingsbury County,South Dakota,832.2330420849421,344658.2,414.1366451115052,550.1,GLYPHOSATE<br>ACETOCHLOR<br>METOLACHLOR & METOLACHLOR-S<br>ATRAZINE<br>DICAMBA,550.1,46077,"Kingsbury County, South Dakota(6)"
46079,46,079,Lake County,South Dakota,562.8879934362934,265577.1,471.8116269965483,456.4,GLYPHOSATE<br>ACETOCHLOR<br>METOLACHLOR & METOLACHLOR-S<br>ATRAZINE<br>DICAMBA,456.4,46079,"Lake County, South Dakota(6)"
46081,46,081,Lawrence County,South Dakota,800.0491722007722,2549.9,3.1871790992367943,380,GLYPHOSATE<br>ATRAZINE<br>FLUROXYPYR<br>CLOPYRALID<br>PYRACLOSTROBIN,380,46081,"Lawrence County, South Dakota(6)"
46083,46,083,Lincoln County,South Dakota,577.2903930501931,248353.8,430.2060158801337,455,GLYPHOSATE<br>ACETOCHLOR<br>ATRAZINE<br>DICAMBA<br>METOLACHLOR & METOLACHLOR-S,455,46083,"Lincoln County, South Dakota(6)"
46085,46,085,Lyman County,South Dakota,1642.2774895752896,248976.5,151.60440399410697,424.6,"GLYPHOSATE<br>ATRAZINE<br>ACETOCHLOR<br>METOLACHLOR & METOLACHLOR-S<br>2,4-D",424.6,46085,"Lyman County, South Dakota(6)"
46087,46,087,McCook County,South Dakota,574.2026583011583,274891.5,478.7360281704315,578.8,GLYPHOSATE<br>ACETOCHLOR<br>METOLACHLOR & METOLACHLOR-S<br>ATRAZINE<br>DICAMBA,578.8,46087,"McCook County, South Dakota(6)"
46089,46,089,McPherson County,South Dakota,1136.6627193050192,250375,220.2720259472263,469.5,GLYPHOSATE<br>DICAMBA<br>ACETOCHLOR<br>METOLACHLOR & METOLACHLOR-S<br>ATRAZINE,469.5,46089,"McPherson County, South Dakota(6)"
46091,46,091,Marshall County,South Dakota,838.0775822393822,210358.2,251.0008672919196,340.6,GLYPHOSATE<br>METOLACHLOR & METOLACHLOR-S<br>ACETOCHLOR<br>ATRAZINE<br>FOMESAFEN,340.6,46091,"Marshall County, South Dakota(6)"
46093,46,093,Meade County,South Dakota,3470.917827027027,60072.4,17.307352980884104,384.3,GLYPHOSATE<br>ATRAZINE<br>METOLACHLOR & METOLACHLOR-S<br>DICAMBA<br>FLUROXYPYR,384.3,46093,"Meade County, South Dakota(6)"
46095,46,095,Mellette County,South Dakota,1307.3052200772202,37239.7,28.485849691474737,431.7,"GLYPHOSATE<br>ATRAZINE<br>ACETOCHLOR<br>2,4-D<br>METOLACHLOR & METOLACHLOR-S",431.7,46095,"Mellette County, South Dakota(6)"
46097,46,097,Miner County,South Dakota,570.1676185328186,198306,347.80298556815643,462,GLYPHOSATE<br>ACETOCHLOR<br>METOLACHLOR & METOLACHLOR-S<br>ATRAZINE<br>DICAMBA,462,46097,"Miner County, South Dakota(6)"
46099,46,099,Minnehaha County,South Dakota,806.8436386100386,357894.89999999997,443.5740493865091,533.7,GLYPHOSATE<br>ACETOCHLOR<br>METOLACHLOR & METOLACHLOR-S<br>ATRAZINE<br>DICAMBA,533.7,46099,"Minnehaha County, South Dakota(6)"
46101,46,101,Moody County,South Dakota,519.3767262548263,264262.7,508.8073582071571,438.9,GLYPHOSATE<br>ACETOCHLOR<br>ATRAZINE<br>METOLACHLOR & METOLACHLOR-S<br>DICAMBA,438.9,46101,"Moody County, South Dakota(6)"
46102,46,102,Oglala Lakota County,South Dakota,2093.5915915057917,12505.7,5.973323570241042,451.4,GLYPHOSATE<br>ATRAZINE<br>DICAMBA<br>METOLACHLOR & METOLACHLOR-S<br>ETHALFLURALIN,451.4,46102,"Oglala Lakota, South Dakota(6)"
46103,46,103,Pennington County,South Dakota,2776.7522316602317,70768.5,25.48606937021789,432.1,"GLYPHOSATE<br>ATRAZINE<br>METOLACHLOR & METOLACHLOR-S<br>DICAMBA<br>2,4-D",432.1,46103,"Pennington County, South Dakota(6)"
46105,46,105,Perkins County,South Dakota,2870.4467725868726,24837.6,8.65286903669568,312.1,"GLYPHOSATE<br>2,4-D<br>DICAMBA<br>THIOPHANATE-METHYL<br>FLUROXYPYR",312.1,46105,"Perkins County, South Dakota(6)"
46107,46,107,Potter County,South Dakota,861.1337965250965,293151.4,340.42491559725534,450.6,GLYPHOSATE<br>DICAMBA<br>ACETOCHLOR<br>ATRAZINE<br>METOLACHLOR & METOLACHLOR-S,450.6,46107,"Potter County, South Dakota(6)"
46109,46,109,Roberts County,South Dakota,1101.0503474903476,339840.2,308.65091753034415,359.5,GLYPHOSATE<br>METOLACHLOR & METOLACHLOR-S<br>ACETOCHLOR<br>ATRAZINE<br>FOMESAFEN,359.5,46109,"Roberts County, South Dakota(6)"
46111,46,111,Sanborn County,South Dakota,569.23907992278,158132.2,277.79575503047226,541.3,GLYPHOSATE<br>ACETOCHLOR<br>METOLACHLOR & METOLACHLOR-S<br>ATRAZINE<br>DICAMBA,541.3,46111,"Sanborn County, South Dakota(6)"
46115,46,115,Spink County,South Dakota,1503.4917868725868,833121.6,554.1244769504037,430.2,GLYPHOSATE<br>DICAMBA<br>ACETOCHLOR<br>METOLACHLOR & METOLACHLOR-S<br>ATRAZINE,430.2,46115,"Spink County, South Dakota(6)"
46117,46,117,Stanley County,South Dakota,1444.4291945945945,57528.8,39.82805125740104,452.2,GLYPHOSATE<br>ATRAZINE<br>METOLACHLOR & METOLACHLOR-S<br>DICAMBA<br>FLUROXYPYR,452.2,46117,"Stanley County, South Dakota(6)"
46119,46,119,Sully County,South Dakota,1006.7224,315954.3,313.84451165485143,391.6,GLYPHOSATE<br>ACETOCHLOR<br>CHLORPYRIFOS<br>METOLACHLOR & METOLACHLOR-S<br>ATRAZINE,391.6,46119,"Sully County, South Dakota(6)"
46121,46,121,Todd County,South Dakota,1388.5866903474905,23202.7,16.709579719645433,516.4,"GLYPHOSATE<br>2,4-D<br>ATRAZINE<br>METOLACHLOR & METOLACHLOR-S<br>ACETOCHLOR",516.4,46121,"Todd County, South Dakota(6)"
46123,46,123,Tripp County,South Dakota,1612.2812687258688,177698.80000000002,110.21575667155729,398.7,"GLYPHOSATE<br>ATRAZINE<br>ACETOCHLOR<br>2,4-D<br>METOLACHLOR & METOLACHLOR-S",398.7,46123,"Tripp County, South Dakota(6)"
46125,46,125,Turner County,South Dakota,617.0611749034749,254745,412.8358910927251,438.9,GLYPHOSATE<br>ACETOCHLOR<br>ATRAZINE<br>DICAMBA<br>METOLACHLOR & METOLACHLOR-S,438.9,46125,"Turner County, South Dakota(6)"
46127,46,127,Union County,South Dakota,460.7546478764479,194723.1,422.61776608754974,485.2,GLYPHOSATE<br>ACETOCHLOR<br>ATRAZINE<br>DICAMBA<br>METOLACHLOR & METOLACHLOR-S,485.2,46127,"Union County, South Dakota(6)"
46129,46,129,Walworth County,South Dakota,707.4520447876448,208405.7,294.58632784439396,418.3,GLYPHOSATE<br>DICAMBA<br>ACETOCHLOR<br>METOLACHLOR & METOLACHLOR-S<br>ATRAZINE,418.3,46129,"Walworth County, South Dakota(6)"
46135,46,135,Yankton County,South Dakota,521.1867227799228,177877.80000000002,341.29380551221567,438.7,"GLYPHOSATE<br>ACETOCHLOR<br>ATRAZINE<br>2,4-D<br>DICAMBA",438.7,46135,"Yankton County, South Dakota(6)"
46137,46,137,Ziebach County,South Dakota,1961.2387382239383,45211.9,23.052726380952,324.8,"GLYPHOSATE<br>2,4-D<br>DICAMBA<br>SULFENTRAZONE<br>BROMOXYNIL",324.8,46137,"Ziebach County, South Dakota(6)"
47001,47,001,Anderson County,Tennessee,337.20459806949805,2441,7.238928573260169,465.3,"2,4-D<br>CHLOROPICRIN<br>TRICLOPYR<br>DICHLOROPROPENE<br>SULFUR",465.3,47001,"Anderson County, Tennessee(6)"
47003,47,003,Bedford County,Tennessee,473.6369698841699,30555.699999999997,64.5129116662336,457.5,"GLYPHOSATE<br>2,4-D<br>PARAQUAT<br>DICAMBA<br>METOLACHLOR & METOLACHLOR-S",457.5,47003,"Bedford County, Tennessee(6)"
47005,47,005,Benton County,Tennessee,394.3043895752896,31936.2,80.99377243656582,509.3,GLYPHOSATE<br>DICAMBA<br>METOLACHLOR & METOLACHLOR-S<br>PARAQUAT<br>ATRAZINE,509.3,47005,"Benton County, Tennessee(6)"
47007,47,007,Bledsoe County,Tennessee,406.5534625482626,11254.8,27.683443966890145,449.8,"2,4-D<br>ATRAZINE<br>GLYPHOSATE<br>METOLACHLOR & METOLACHLOR-S<br>PARAQUAT",449.8,47007,"Bledsoe County, Tennessee(6)"
47009,47,009,Blount County,Tennessee,558.8411972972973,16620,29.740112361756225,479.3,"GLYPHOSATE<br>2,4-D<br>ATRAZINE<br>TRICLOPYR<br>PARAQUAT",479.3,47009,"Blount County, Tennessee(6)"
47011,47,011,Bradley County,Tennessee,328.76031312741316,12016.3,36.55033627901128,437.9,"GLYPHOSATE<br>2,4-D<br>ATRAZINE<br>METOLACHLOR & METOLACHLOR-S<br>TRICLOPYR",437.9,47011,"Bradley County, Tennessee(6)"
47013,47,013,Campbell County,Tennessee,480.1873764478764,2269,4.725238753223028,506.2,"2,4-D<br>GLYPHOSATE<br>TRICLOPYR<br>ATRAZINE<br>MANCOZEB",506.2,47013,"Campbell County, Tennessee(6)"
47015,47,015,Cannon County,Tennessee,265.6341231660232,22119,83.26866946297962,479.8,"GLYPHOSATE<br>2,4-D<br>PARAQUAT<br>METOLACHLOR & METOLACHLOR-S<br>ATRAZINE",479.8,47015,"Cannon County, Tennessee(6)"
47017,47,017,Carroll County,Tennessee,597.6548181467182,252977.2,423.28312651182654,498.4,GLYPHOSATE<br>METOLACHLOR & METOLACHLOR-S<br>ETHEPHON<br>DICAMBA<br>ACEPHATE,498.4,47017,"Carroll County, Tennessee(6)"
47019,47,019,Carter County,Tennessee,341.25653552123555,5854.8,17.156594498790692,413.5,"2,4-D<br>GLYPHOSATE<br>ATRAZINE<br>MANCOZEB<br>ACETOCHLOR",413.5,47019,"Carter County, Tennessee(6)"
47021,47,021,Cheatham County,Tennessee,302.4966945945946,20330.4,67.20866827072857,499.4,"GLYPHOSATE<br>2,4-D<br>METOLACHLOR & METOLACHLOR-S<br>FATTY ALCOHOLS<br>PARAQUAT",499.4,47021,"Cheatham County, Tennessee(6)"
47023,47,023,Chester County,Tennessee,285.73493243243246,56480.2,197.66641593028123,497.9,GLYPHOSATE<br>DICAMBA<br>METOLACHLOR & METOLACHLOR-S<br>PARAQUAT<br>GLUFOSINATE,497.9,47023,"Chester County, Tennessee(6)"
47025,47,025,Claiborne County,Tennessee,434.60209305019305,9433.9,21.70698243487396,470.3,"2,4-D<br>GLYPHOSATE<br>ATRAZINE<br>TRICLOPYR<br>MALEIC HYDRAZIDE",470.3,47025,"Claiborne County, Tennessee(6)"
47027,47,027,Clay County,Tennessee,236.528255984556,7749.2,32.76225907024816,464.5,"GLYPHOSATE<br>FATTY ALCOHOLS<br>2,4-D<br>METOLACHLOR & METOLACHLOR-S<br>ATRAZINE",464.5,47027,"Clay County, Tennessee(6)"
47029,47,029,Cocke County,Tennessee,436.1330355212355,9941,22.79350379436223,473,"GLYPHOSATE<br>2,4-D<br>ATRAZINE<br>METOLACHLOR & METOLACHLOR-S<br>PARAQUAT",473,47029,"Cocke County, Tennessee(6)"
47031,47,031,Coffee County,Tennessee,428.96154555984555,72170.9,168.24561722848242,471.1,"GLYPHOSATE<br>METOLACHLOR & METOLACHLOR-S<br>ATRAZINE<br>PARAQUAT<br>2,4-D",471.1,47031,"Coffee County, Tennessee(6)"
47033,47,033,Crockett County,Tennessee,265.5269776061776,366031.1,1378.508139925757,471.6,GLYPHOSATE<br>METOLACHLOR & METOLACHLOR-S<br>ETHEPHON<br>ACEPHATE<br>DICAMBA,471.6,47033,"Crockett County, Tennessee(6)"
47035,47,035,Cumberland County,Tennessee,681.305583011583,11610.6,17.041692141546132,465.3,"2,4-D<br>BENTAZONE<br>ATRAZINE<br>GLYPHOSATE<br>SETHOXYDIM",465.3,47035,"Cumberland County, Tennessee(6)"
47037,47,037,Davidson County,Tennessee,503.4786023166023,991.2,1.9687033280844457,426.7,"GLYPHOSATE<br>2,4-D<br>SULFUR<br>METOLACHLOR & METOLACHLOR-S<br>ATRAZINE",426.7,47037,"Davidson County, Tennessee(6)"
47039,47,039,Decatur County,Tennessee,333.877133976834,22852.6,68.44613684022346,480.3,GLYPHOSATE<br>DICAMBA<br>METOLACHLOR & METOLACHLOR-S<br>PARAQUAT<br>GLUFOSINATE,480.3,47039,"Decatur County, Tennessee(6)"
47041,47,041,DeKalb County,Tennessee,304.4306150579151,7770.2,25.523714159043408,457.2,"GLYPHOSATE<br>2,4-D<br>PARAQUAT<br>DICAMBA<br>METOLACHLOR & METOLACHLOR-S",457.2,47041,"DeKalb County, Tennessee(6)"
47043,47,043,Dickson County,Tennessee,489.8970992277992,21263.1,43.403196372291205,520.4,"GLYPHOSATE<br>2,4-D<br>ATRAZINE<br>FATTY ALCOHOLS<br>METOLACHLOR & METOLACHLOR-S",520.4,47043,"Dickson County, Tennessee(6)"
47045,47,045,Dyer County,Tennessee,512.3482884169885,310591.7,606.2120378300485,468.9,GLYPHOSATE<br>DICAMBA<br>DIMETHENAMID & DIMETHENAMID-P<br>ATRAZINE<br>METOLACHLOR & METOLACHLOR-S,468.9,47045,"Dyer County, Tennessee(6)"
47047,47,047,Fayette County,Tennessee,704.1210478764478,391232.6,555.6325878624347,456.6,GLYPHOSATE<br>METOLACHLOR & METOLACHLOR-S<br>ETHEPHON<br>DICAMBA<br>ACEPHATE,456.6,47047,"Fayette County, Tennessee(6)"
47049,47,049,Fentress County,Tennessee,498.6044864864865,9965.8,19.987385332663067,477.7,"2,4-D<br>ATRAZINE<br>GLYPHOSATE<br>METOLACHLOR & METOLACHLOR-S<br>PARAQUAT",477.7,47049,"Fentress County, Tennessee(6)"
47051,47,051,Franklin County,Tennessee,550.5704250965251,69079.3,125.46859920397854,451.7,"GLYPHOSATE<br>METOLACHLOR & METOLACHLOR-S<br>ATRAZINE<br>PARAQUAT<br>2,4-D",451.7,47051,"Franklin County, Tennessee(6)"
47053,47,053,Gibson County,Tennessee,602.7423536679537,512428.8,850.1622573586279,474.6,GLYPHOSATE<br>METOLACHLOR & METOLACHLOR-S<br>DICAMBA<br>PARAQUAT<br>ATRAZINE,474.6,47053,"Gibson County, Tennessee(6)"
47055,47,055,Giles County,Tennessee,610.9285328185329,39523.4,64.69398280950783,437.7,"GLYPHOSATE<br>2,4-D<br>PARAQUAT<br>METOLACHLOR & METOLACHLOR-S<br>ATRAZINE",437.7,47055,"Giles County, Tennessee(6)"
47057,47,057,Grainger County,Tennessee,280.5852351351351,6266.8,22.334746149353837,459.9,"2,4-D<br>TRICLOPYR<br>GLYPHOSATE<br>ATRAZINE<br>MANCOZEB",459.9,47057,"Grainger County, Tennessee(6)"
47059,47,059,Greene County,Tennessee,622.1659173745173,25300.4,40.66503691935642,485,"2,4-D<br>GLYPHOSATE<br>ATRAZINE<br>TRICLOPYR<br>METOLACHLOR & METOLACHLOR-S",485,47059,"Greene County, Tennessee(6)"
47061,47,061,Grundy County,Tennessee,360.4423922779922,7073.8,19.62532751847988,494.6,"ATRAZINE<br>GLYPHOSATE<br>METOLACHLOR & METOLACHLOR-S<br>2,4-D<br>PARAQUAT",494.6,47061,"Grundy County, Tennessee(6)"
47063,47,063,Hamblen County,Tennessee,161.18773320463322,14472.7,89.78784993288804,462.3,"GLYPHOSATE<br>2,4-D<br>ATRAZINE<br>PARAQUAT<br>METOLACHLOR & METOLACHLOR-S",462.3,47063,"Hamblen County, Tennessee(6)"
47065,47,065,Hamilton County,Tennessee,542.16121158301155,3281.4,6.052443313712747,460.6,"2,4-D<br>GLYPHOSATE<br>TRICLOPYR<br>ATRAZINE<br>SULFUR",460.6,47065,"Hamilton County, Tennessee(6)"
47067,47,067,Hancock County,Tennessee,222.3227837837838,4966.9,22.34094012078615,506.5,"2,4-D<br>TRICLOPYR<br>GLYPHOSATE<br>AMINOPYRALID<br>SULFUR",506.5,47067,"Hancock County, Tennessee(6)"
47069,47,069,Hardeman County,Tennessee,667.764415057915,167239.9,250.4474575595576,486.1,GLYPHOSATE<br>METOLACHLOR & METOLACHLOR-S<br>ETHEPHON<br>DICAMBA<br>ACEPHATE,486.1,47069,"Hardeman County, Tennessee(6)"
47071,47,071,Hardin County,Tennessee,577.4843169884169,70207.40000000001,121.57455697867586,414.4,GLYPHOSATE<br>DICAMBA<br>METOLACHLOR & METOLACHLOR-S<br>PARAQUAT<br>ATRAZINE,414.4,47071,"Hardin County, Tennessee(6)"
47073,47,073,Hawkins County,Tennessee,487.05331737451735,10596.8,21.756960936273924,488.9,"2,4-D<br>GLYPHOSATE<br>TRICLOPYR<br>ATRAZINE<br>MALEIC HYDRAZIDE",488.9,47073,"Hawkins County, Tennessee(6)"
47075,47,075,Haywood County,Tennessee,533.1048359073359,550577.7,1032.7756623383946,508.6,GLYPHOSATE<br>METOLACHLOR & METOLACHLOR-S<br>ETHEPHON<br>DICAMBA<br>ACEPHATE,508.6,47075,"Haywood County, Tennessee(6)"
47077,47,077,Henderson County,Tennessee,520.006467953668,81620.3,156.9601630556493,461.2,GLYPHOSATE<br>DICAMBA<br>METOLACHLOR & METOLACHLOR-S<br>PARAQUAT<br>GLUFOSINATE,461.2,47077,"Henderson County, Tennessee(6)"
47079,47,079,Henry County,Tennessee,561.8997536679536,162214.3,288.6890391766538,486.5,GLYPHOSATE<br>DICAMBA<br>ATRAZINE<br>METOLACHLOR & METOLACHLOR-S<br>PARAQUAT,486.5,47079,"Henry County, Tennessee(6)"
47081,47,081,Hickman County,Tennessee,612.4805841698842,22685.8,37.03921493404862,505.3,"GLYPHOSATE<br>2,4-D<br>METOLACHLOR & METOLACHLOR-S<br>ATRAZINE<br>PARAQUAT",505.3,47081,"Hickman County, Tennessee(6)"
47083,47,083,Houston County,Tennessee,200.292738996139,3001.5,14.985565702698086,506.1,"2,4-D<br>TRICLOPYR<br>GLYPHOSATE<br>AMINOPYRALID<br>ATRAZINE",506.1,47083,"Houston County, Tennessee(6)"
47085,47,085,Humphreys County,Tennessee,530.7601258687258,17912.8,33.74933256465165,529.8,"GLYPHOSATE<br>2,4-D<br>ATRAZINE<br>PARAQUAT<br>METOLACHLOR & METOLACHLOR-S",529.8,47085,"Humphreys County, Tennessee(6)"
47087,47,087,Jackson County,Tennessee,308.8083193050193,1472.6,4.768653912284884,433.8,"GLYPHOSATE<br>2,4-D<br>METOLACHLOR & METOLACHLOR-S<br>ATRAZINE<br>PARAQUAT",433.8,47087,"Jackson County, Tennessee(6)"
47089,47,089,Jefferson County,Tennessee,275.1536776061776,13840.5,50.300981329457834,474.7,"2,4-D<br>GLYPHOSATE<br>ATRAZINE<br>TRICLOPYR<br>METOLACHLOR & METOLACHLOR-S",474.7,47089,"Jefferson County, Tennessee(6)"
47091,47,091,Johnson County,Tennessee,298.4386857142857,3230.7000000000003,10.825339189078704,402.9,"2,4-D<br>GLYPHOSATE<br>ATRAZINE<br>TRICLOPYR<br>MANCOZEB",402.9,47091,"Johnson County, Tennessee(6)"
47093,47,093,Knox County,Tennessee,508.3225853281853,6087.8,11.976253221307427,453.2,"2,4-D<br>GLYPHOSATE<br>ATRAZINE<br>CHLOROPICRIN<br>DICHLOROPROPENE",453.2,47093,"Knox County, Tennessee(6)"
47095,47,095,Lake County,Tennessee,165.78426293436294,111645.1,673.436054930029,427.5,GLYPHOSATE<br>DICAMBA<br>DIMETHENAMID & DIMETHENAMID-P<br>ATRAZINE<br>METOLACHLOR & METOLACHLOR-S,427.5,47095,"Lake County, Tennessee(6)"
47097,47,097,Lauderdale County,Tennessee,471.89313745173746,208964.5,442.82165476791175,461.7,GLYPHOSATE<br>DICAMBA<br>DIMETHENAMID & DIMETHENAMID-P<br>ETHEPHON<br>METOLACHLOR & METOLACHLOR-S,461.7,47097,"Lauderdale County, Tennessee(6)"
47099,47,099,Lawrence County,Tennessee,617.127072972973,109585.3,177.57331479897542,476.6,"GLYPHOSATE<br>ATRAZINE<br>2,4-D<br>METOLACHLOR & METOLACHLOR-S<br>PARAQUAT",476.6,47099,"Lawrence County, Tennessee(6)"
47101,47,101,Lewis County,Tennessee,282.0906335907336,2168.7000000000003,7.687954656255697,499.4,"2,4-D<br>GLYPHOSATE<br>METOLACHLOR & METOLACHLOR-S<br>ATRAZINE<br>TRICLOPYR",499.4,47101,"Lewis County, Tennessee(6)"
47103,47,103,Lincoln County,Tennessee,570.3394648648649,91436.4,160.319258323926,345.4,"GLYPHOSATE<br>2,4-D<br>ETHEPHON<br>TRIBUFOS<br>METOLACHLOR & METOLACHLOR-S",345.4,47103,"Lincoln County, Tennessee(6)"
47105,47,105,Loudon County,Tennessee,229.2708015444015,21181.1,92.38463797972103,465.7,"GLYPHOSATE<br>2,4-D<br>ATRAZINE<br>METOLACHLOR & METOLACHLOR-S<br>PARAQUAT",465.7,47105,"Loudon County, Tennessee(6)"
47107,47,107,McMinn County,Tennessee,430.1147976833977,25562,59.43064534788659,478.3,"GLYPHOSATE<br>2,4-D<br>ATRAZINE<br>PARAQUAT<br>METOLACHLOR & METOLACHLOR-S",478.3,47107,"McMinn County, Tennessee(6)"
47109,47,109,McNairy County,Tennessee,562.8421007722008,90947.1,161.58546042526598,448.3,GLYPHOSATE<br>METOLACHLOR & METOLACHLOR-S<br>DICAMBA<br>ETHEPHON<br>PARAQUAT,448.3,47109,"McNairy County, Tennessee(6)"
47111,47,111,Macon County,Tennessee,307.1422173745174,31075.5,101.17625725840136,507.4,"GLYPHOSATE<br>FATTY ALCOHOLS<br>2,4-D<br>MALEIC HYDRAZIDE<br>PARAQUAT",507.4,47111,"Macon County, Tennessee(6)"
47113,47,113,Madison County,Tennessee,557.1714027027027,254183.3,456.2030620505983,436.2,GLYPHOSATE<br>METOLACHLOR & METOLACHLOR-S<br>DICAMBA<br>ETHEPHON<br>ACEPHATE,436.2,47113,"Madison County, Tennessee(6)"
47115,47,115,Marion County,Tennessee,502.1764915057915,9596.7,19.110213565003814,512.5,"2,4-D<br>GLYPHOSATE<br>METOLACHLOR & METOLACHLOR-S<br>ATRAZINE<br>PARAQUAT",512.5,47115,"Marion County, Tennessee(6)"
47117,47,117,Marshall County,Tennessee,375.4603521235521,17069.4,45.46258986723318,535.6,"GLYPHOSATE<br>2,4-D<br>PARAQUAT<br>DICAMBA<br>METOLACHLOR & METOLACHLOR-S",535.6,47117,"Marshall County, Tennessee(6)"
47119,47,119,Maury County,Tennessee,613.0798003861004,31383.699999999997,51.19023654055382,483.7,"GLYPHOSATE<br>2,4-D<br>PARAQUAT<br>METOLACHLOR & METOLACHLOR-S<br>ATRAZINE",483.7,47119,"Maury County, Tennessee(6)"
47121,47,121,Meigs County,Tennessee,195.13423474903476,8906.6,45.64345160373791,474.5,"GLYPHOSATE<br>2,4-D<br>ATRAZINE<br>METOLACHLOR & METOLACHLOR-S<br>PARAQUAT",474.5,47121,"Meigs County, Tennessee(6)"
47123,47,123,Monroe County,Tennessee,635.7710386100387,34294.5,53.94158890121312,489.2,"GLYPHOSATE<br>2,4-D<br>ATRAZINE<br>PARAQUAT<br>GLUFOSINATE",489.2,47123,"Monroe County, Tennessee(6)"
47125,47,125,Montgomery County,Tennessee,539.1667077220077,80822,149.90168874015774,449.5,"GLYPHOSATE<br>ATRAZINE<br>2,4-D<br>METOLACHLOR & METOLACHLOR-S<br>PARAQUAT",449.5,47125,"Montgomery County, Tennessee(6)"
47127,47,127,Moore County,Tennessee,129.2219498069498,844.8,6.537589018445263,400,"GLYPHOSATE<br>2,4-D<br>PARAQUAT<br>METOLACHLOR & METOLACHLOR-S<br>ATRAZINE",400,47127,"Moore County, Tennessee(6)"
47129,47,129,Morgan County,Tennessee,522.1774826254826,4495.2,8.608567296694519,441.9,"2,4-D<br>ATRAZINE<br>GLYPHOSATE<br>METOLACHLOR & METOLACHLOR-S<br>PARAQUAT",441.9,47129,"Morgan County, Tennessee(6)"
47131,47,131,Obion County,Tennessee,544.8452393822394,240080.3,440.6394378561694,456.9,GLYPHOSATE<br>ATRAZINE<br>DICAMBA<br>DIMETHENAMID & DIMETHENAMID-P<br>METOLACHLOR & METOLACHLOR-S,456.9,47131,"Obion County, Tennessee(6)"
47133,47,133,Overton County,Tennessee,433.4855833976834,10845.2,25.018594424743576,444.7,"2,4-D<br>GLYPHOSATE<br>METOLACHLOR & METOLACHLOR-S<br>ATRAZINE<br>PARAQUAT",444.7,47133,"Overton County, Tennessee(6)"
47135,47,135,Perry County,Tennessee,414.762932046332,10591.3,25.535792091509457,444.5,"GLYPHOSATE<br>2,4-D<br>ATRAZINE<br>METOLACHLOR & METOLACHLOR-S<br>PARAQUAT",444.5,47135,"Perry County, Tennessee(6)"
47137,47,137,Pickett County,Tennessee,162.96932818532818,3346.2000000000003,20.532698006797407,398.1,"2,4-D<br>GLYPHOSATE<br>ATRAZINE<br>METOLACHLOR & METOLACHLOR-S<br>PARAQUAT",398.1,47137,"Pickett County, Tennessee(6)"
47139,47,139,Polk County,Tennessee,434.60334555984554,14940.4,34.377093854982036,448.3,"GLYPHOSATE<br>2,4-D<br>ATRAZINE<br>PARAQUAT<br>METOLACHLOR & METOLACHLOR-S",448.3,47139,"Polk County, Tennessee(6)"
47141,47,141,Putnam County,Tennessee,401.1044756756757,9366.9,23.352768587837623,449,"2,4-D<br>GLYPHOSATE<br>METOLACHLOR & METOLACHLOR-S<br>PARAQUAT<br>ATRAZINE",449,47141,"Putnam County, Tennessee(6)"
47143,47,143,Rhea County,Tennessee,315.4715335907336,5973.4,18.934830448915843,509.3,"2,4-D<br>GLYPHOSATE<br>CHLOROPICRIN<br>DICHLOROPROPENE<br>ATRAZINE",509.3,47143,"Rhea County, Tennessee(6)"
47145,47,145,Roane County,Tennessee,360.7667880308881,2705,7.497918571618636,460.7,"2,4-D<br>GLYPHOSATE<br>TRICLOPYR<br>CHLOROPICRIN<br>ATRAZINE",460.7,47145,"Roane County, Tennessee(6)"
47147,47,147,Robertson County,Tennessee,476.3335335907336,215109,451.5932321171029,467.1,"GLYPHOSATE<br>ATRAZINE<br>METOLACHLOR & METOLACHLOR-S<br>2,4-D<br>PARAQUAT",467.1,47147,"Robertson County, Tennessee(6)"
47149,47,149,Rutherford County,Tennessee,619.263645945946,27900.2,45.05383156697582,450,"GLYPHOSATE<br>2,4-D<br>PARAQUAT<br>METOLACHLOR & METOLACHLOR-S<br>ATRAZINE",450,47149,"Rutherford County, Tennessee(6)"
47151,47,151,Scott County,Tennessee,532.2981370656371,1351.6,2.539178527753021,465,"2,4-D<br>ATRAZINE<br>GLYPHOSATE<br>SULFUR<br>CAPTAN",465,47151,"Scott County, Tennessee(6)"
47153,47,153,Sequatchie County,Tennessee,265.84974787644785,4130,15.53509090375137,446.8,"2,4-D<br>ATRAZINE<br>GLYPHOSATE<br>METOLACHLOR & METOLACHLOR-S<br>PARAQUAT",446.8,47153,"Sequatchie County, Tennessee(6)"
47155,47,155,Sevier County,Tennessee,592.5156544401544,3427.4,5.784488518262729,501.8,"2,4-D<br>GLYPHOSATE<br>ATRAZINE<br>TRICLOPYR<br>SULFUR",501.8,47155,"Sevier County, Tennessee(6)"
47157,47,157,Shelby County,Tennessee,752.760977992278,78505.5,104.29007652520124,438.2,GLYPHOSATE<br>DICAMBA<br>DIMETHENAMID & DIMETHENAMID-P<br>ETHEPHON<br>ATRAZINE,438.2,47157,"Shelby County, Tennessee(6)"
47159,47,159,Smith County,Tennessee,314.27652702702704,20754.9,66.04024868269951,510,"GLYPHOSATE<br>2,4-D<br>FATTY ALCOHOLS<br>PARAQUAT<br>DICAMBA",510,47159,"Smith County, Tennessee(6)"
47161,47,161,Stewart County,Tennessee,459.773949034749,13807.9,30.031932059196375,481.9,"GLYPHOSATE<br>2,4-D<br>ATRAZINE<br>METOLACHLOR & METOLACHLOR-S<br>FATTY ALCOHOLS",481.9,47161,"Stewart County, Tennessee(6)"
47163,47,163,Sullivan County,Tennessee,413.5416918918919,6059.5,14.652694320320368,477.6,"2,4-D<br>GLYPHOSATE<br>TRICLOPYR<br>ATRAZINE<br>AMINOPYRALID",477.6,47163,"Sullivan County, Tennessee(6)"
47165,47,165,Sumner County,Tennessee,529.451327027027,34050.9,64.313560589606,468.1,"GLYPHOSATE<br>2,4-D<br>PARAQUAT<br>METOLACHLOR & METOLACHLOR-S<br>ATRAZINE",468.1,47165,"Sumner County, Tennessee(6)"
47167,47,167,Tipton County,Tennessee,455.6088583011583,244352.5,536.3207838212894,503.5,GLYPHOSATE<br>DICAMBA<br>DIMETHENAMID & DIMETHENAMID-P<br>ATRAZINE<br>ETHEPHON,503.5,47167,"Tipton County, Tennessee(6)"
47169,47,169,Trousdale County,Tennessee,114.3411528957529,1065.7,9.320353809722558,588.7,"GLYPHOSATE<br>2,4-D<br>FATTY ALCOHOLS<br>MALEIC HYDRAZIDE<br>PARAQUAT",588.7,47169,"Trousdale County, Tennessee(6)"
47171,47,171,Unicoi County,Tennessee,186.06290888030887,536.1,2.8812835574061895,442.1,"MANCOZEB<br>2,4-D<br>CHLOROTHALONIL<br>GLYPHOSATE<br>PETROLEUM OIL",442.1,47171,"Unicoi County, Tennessee(6)"
47173,47,173,Union County,Tennessee,223.58220231660232,3140.6,14.046735238580265,472.6,"2,4-D<br>GLYPHOSATE<br>TRICLOPYR<br>MANCOZEB<br>ATRAZINE",472.6,47173,"Union County, Tennessee(6)"
47175,47,175,Van Buren County,Tennessee,273.4140521235521,3406.9,12.460588523301166,424.7,"2,4-D<br>GLYPHOSATE<br>METOLACHLOR & METOLACHLOR-S<br>ATRAZINE<br>SULFUR",424.7,47175,"Van Buren County, Tennessee(6)"
47177,47,177,Warren County,Tennessee,432.6714918918919,34662.1,80.11181843397424,481.2,"METOLACHLOR & METOLACHLOR-S<br>GLYPHOSATE<br>2,4-D<br>ATRAZINE<br>PARAQUAT",481.2,47177,"Warren County, Tennessee(6)"
47179,47,179,Washington County,Tennessee,326.5467308880309,11274.8,34.52737061350646,449.1,"2,4-D<br>GLYPHOSATE<br>ATRAZINE<br>CHLOROPICRIN<br>MALEIC HYDRAZIDE",449.1,47179,"Washington County, Tennessee(6)"
47181,47,181,Wayne County,Tennessee,734.1057671814672,19910.8,27.122522244234258,468.3,"GLYPHOSATE<br>2,4-D<br>ATRAZINE<br>METOLACHLOR & METOLACHLOR-S<br>PARAQUAT",468.3,47181,"Wayne County, Tennessee(6)"
47183,47,183,Weakley County,Tennessee,580.3505015444016,287265.39999999997,494.986045907676,477.9,GLYPHOSATE<br>ATRAZINE<br>DICAMBA<br>METOLACHLOR & METOLACHLOR-S<br>PARAQUAT,477.9,47183,"Weakley County, Tennessee(6)"
47185,47,185,White County,Tennessee,376.6764915057915,14287.8,37.93122300487478,476.5,"2,4-D<br>GLYPHOSATE<br>METOLACHLOR & METOLACHLOR-S<br>ATRAZINE<br>PARAQUAT",476.5,47185,"White County, Tennessee(6)"
47187,47,187,Williamson County,Tennessee,582.9083,19985.6,34.286010338161255,438,"GLYPHOSATE<br>2,4-D<br>PARAQUAT<br>DICAMBA<br>METOLACHLOR & METOLACHLOR-S",438,47187,"Williamson County, Tennessee(6)"
47189,47,189,Wilson County,Tennessee,571.0848938223938,7727.6,13.531438291560322,452.2,"GLYPHOSATE<br>2,4-D<br>PARAQUAT<br>DICAMBA<br>METOLACHLOR & METOLACHLOR-S",452.2,47189,"Wilson County, Tennessee(6)"
48001,48,001,Anderson County,Texas,1062.611900772201,58673.1,55.21592592494232,432.2,"2,4-D<br>TRICLOPYR<br>GLYPHOSATE<br>PICLORAM<br>AMINOPYRALID",432.2,48001,"Anderson County, Texas(7)"
48003,48,003,Andrews County,Texas,1500.6787837837835,38459.6,25.628136024571948,384.2,"GLYPHOSATE<br>TRIFLURALIN<br>ETHEPHON<br>2,4-D<br>DICAMBA",384.2,48003,"Andrews County, Texas(7)"
48005,48,005,Angelina County,Texas,797.8617942084942,8438.3,10.576142461328253,456.9,"2,4-D<br>GLYPHOSATE<br>TRICLOPYR<br>DICAMBA<br>PICLORAM",456.9,48005,"Angelina County, Texas(7)"
48007,48,007,Aransas County,Texas,252.06752857142857,62.9,0.24953630622905076,482.8,"2,4-D<br>PICLORAM<br>AMINOPYRALID<br>CLOPYRALID<br>DICAMBA",482.8,48007,"Aransas County, Texas(7)"
48009,48,009,Archer County,Texas,903.2850166023164,12724.3,14.086694416632891,441.6,"GLYPHOSATE<br>CHLORPYRIFOS<br>2,4-D<br>PETROLEUM OIL<br>PROPICONAZOLE",441.6,48009,"Archer County, Texas(7)"
48011,48,011,Armstrong County,Texas,909.1187583011584,52393,57.63053453863954,541.7,"GLYPHOSATE<br>2,4-D<br>ETHEPHON<br>DICAMBA<br>ATRAZINE",541.7,48011,"Armstrong County, Texas(7)"
48013,48,013,Atascosa County,Texas,1219.5365656370657,18376.9,15.068756868639042,419.6,"GLYPHOSATE<br>2,4-D<br>CHLOROTHALONIL<br>CUPROUS OXIDE<br>TRIFLURALIN",419.6,48013,"Atascosa County, Texas(7)"
48015,48,015,Austin County,Texas,646.4926166023166,42931.1,66.40617216268787,401.8,"2,4-D<br>GLYPHOSATE<br>ATRAZINE<br>DIMETHENAMID & DIMETHENAMID-P<br>METOLACHLOR & METOLACHLOR-S",401.8,48015,"Austin County, Texas(7)"
48017,48,017,Bailey County,Texas,826.9680266409266,227384.6,274.96177926444966,346.2,GLYPHOSATE<br>TRIFLURALIN<br>ETHEPHON<br>SODIUM CHLORATE<br>DICAMBA,346.2,48017,"Bailey County, Texas(7)"
48019,48,019,Bandera County,Texas,790.9899258687259,948.3,1.1988774685828063,430.3,"PETROLEUM OIL<br>GLYPHOSATE<br>2,4-D<br>PHOSMET<br>CHLOROTHALONIL",430.3,48019,"Bandera County, Texas(7)"
48021,48,021,Bastrop County,Texas,888.2239579150579,22826.7,25.699261764545817,433.9,"2,4-D<br>GLYPHOSATE<br>PICLORAM<br>TRICLOPYR<br>ATRAZINE",433.9,48021,"Bastrop County, Texas(7)"
48023,48,023,Baylor County,Texas,867.4766756756757,38019,43.82711497157786,529.8,"GLYPHOSATE<br>2,4-D<br>CHLORPYRIFOS<br>DICAMBA<br>PARAQUAT",529.8,48023,"Baylor County, Texas(7)"
48025,48,025,Bee County,Texas,880.2353239382239,128754.3,146.2725892707257,441.3,"GLYPHOSATE<br>2,4-D<br>ATRAZINE<br>DIMETHENAMID & DIMETHENAMID-P<br>METOLACHLOR & METOLACHLOR-S",441.3,48025,"Bee County, Texas(7)"
48027,48,027,Bell County,Texas,1053.831413127413,128106.2,121.56232809555787,483,"GLYPHOSATE<br>ATRAZINE<br>2,4-D<br>DICAMBA<br>THIOPHANATE-METHYL",483,48027,"Bell County, Texas(7)"
48029,48,029,Bexar County,Texas,1240.3541544401544,54113.8,43.62770085163683,408.2,"2,4-D<br>GLYPHOSATE<br>ATRAZINE<br>DIMETHENAMID & DIMETHENAMID-P<br>METOLACHLOR & METOLACHLOR-S",408.2,48029,"Bexar County, Texas(7)"
48031,48,031,Blanco County,Texas,709.2485355212356,8277,11.67009811859129,438.2,"GLYPHOSATE<br>ATRAZINE<br>ETHEPHON<br>2,4-D<br>PETROLEUM OIL",438.2,48031,"Blanco County, Texas(7)"
48033,48,033,Borden County,Texas,897.4386378378379,63926.3,71.23194534393461,467.6,"GLYPHOSATE<br>DICAMBA<br>ETHEPHON<br>2,4-D<br>TRIBUFOS",467.6,48033,"Borden County, Texas(7)"
48035,48,035,Bosque County,Texas,982.966747876448,51890.7,52.78988339341291,468.6,"2,4-D<br>GLYPHOSATE<br>DICAMBA<br>ATRAZINE<br>PICLORAM",468.6,48035,"Bosque County, Texas(7)"
48037,48,037,Bowie County,Texas,884.9351436293437,51793,58.52745296969873,444.5,"2,4-D<br>GLYPHOSATE<br>TRICLOPYR<br>ATRAZINE<br>METOLACHLOR & METOLACHLOR-S",444.5,48037,"Bowie County, Texas(7)"
48039,48,039,Brazoria County,Texas,1363.2792077220076,65058.8,47.722285817525965,444.6,"2,4-D<br>GLYPHOSATE<br>PROPANIL<br>ATRAZINE<br>METOLACHLOR & METOLACHLOR-S",444.6,48039,"Brazoria County, Texas(7)"
48041,48,041,Brazos County,Texas,586.1354969111969,79208.8,135.13735376446687,406.8,"GLYPHOSATE<br>2,4-D<br>ATRAZINE<br>METOLACHLOR & METOLACHLOR-S<br>TRICLOPYR",406.8,48041,"Brazos County, Texas(7)"
48043,48,043,Brewster County,Texas,6183.734651351351,1686.4,0.2727154535376879,292.7,METHOMYL<br>MANCOZEB<br>BROMOXYNIL<br>IMIDACLOPRID<br>GLYPHOSATE,292.7,48043,"Brewster County, Texas(7)"
48045,48,045,Briscoe County,Texas,899.9965532818533,169523.2,188.3598324702808,452.7,"GLYPHOSATE<br>ETHEPHON<br>ACETOCHLOR<br>METOLACHLOR & METOLACHLOR-S<br>2,4-D",452.7,48045,"Briscoe County, Texas(7)"
48047,48,047,Brooks County,Texas,943.3501984555984,3639.1,3.857634212573163,396.5,"2,4-D<br>GLYPHOSATE<br>MANCOZEB<br>CLOPYRALID<br>AZOXYSTROBIN",396.5,48047,"Brooks County, Texas(7)"
48049,48,049,Brown County,Texas,944.4479745173744,9632.5,10.199079525711658,444.7,"GLYPHOSATE<br>2,4-D<br>PETROLEUM OIL<br>METOLACHLOR & METOLACHLOR-S<br>CHLORPYRIFOS",444.7,48049,"Brown County, Texas(7)"
48051,48,051,Burleson County,Texas,659.0793108108109,88933.7,134.936264181305,474.8,"GLYPHOSATE<br>2,4-D<br>ATRAZINE<br>METOLACHLOR & METOLACHLOR-S<br>DIMETHENAMID & DIMETHENAMID-P",474.8,48051,"Burleson County, Texas(7)"
48053,48,053,Burnet County,Texas,994.831333976834,7716.4,7.756490709991738,445.8,"GLYPHOSATE<br>ETHEPHON<br>2,4-D<br>PETROLEUM OIL<br>DICAMBA",445.8,48053,"Burnet County, Texas(7)"
48055,48,055,Caldwell County,Texas,544.5386671814672,71006.7,130.3979024437893,404.9,"GLYPHOSATE<br>2,4-D<br>ATRAZINE<br>DIMETHENAMID & DIMETHENAMID-P<br>METOLACHLOR & METOLACHLOR-S",404.9,48055,"Caldwell County, Texas(7)"
48057,48,057,Calhoun County,Texas,506.929444015444,81635.8,161.03976788831565,431.2,"GLYPHOSATE<br>2,4-D<br>ATRAZINE<br>METOLACHLOR & METOLACHLOR-S<br>ETHEPHON",431.2,48057,"Calhoun County, Texas(7)"
48059,48,059,Callahan County,Texas,899.3680474903475,10168.6,11.306383441545533,430.6,"GLYPHOSATE<br>CHLORPYRIFOS<br>2,4-D<br>MANCOZEB<br>PETROLEUM OIL",430.6,48059,"Callahan County, Texas(7)"
48061,48,061,Cameron County,Texas,891.7169034749035,98648.8,110.62793540817565,364.6,GLYPHOSATE<br>GLUFOSINATE<br>TRIFLURALIN<br>ACEPHATE<br>ATRAZINE,364.6,48061,"Cameron County, Texas(7)"
48063,48,063,Camp County,Texas,195.84647258687255,8839.8,45.13637587257992,568.8,"2,4-D<br>TRICLOPYR<br>PICLORAM<br>AMINOPYRALID<br>GLYPHOSATE",568.8,48063,"Camp County, Texas(7)"
48065,48,065,Carson County,Texas,920.2305891891892,477751.5,519.1649849641975,418.9,GLYPHOSATE<br>ETHEPHON<br>METOLACHLOR & METOLACHLOR-S<br>ACETOCHLOR<br>DICAMBA,418.9,48065,"Carson County, Texas(7)"
48067,48,067,Cass County,Texas,936.9429891891892,15702.2,16.758970589649593,485.8,"2,4-D<br>TRICLOPYR<br>PICLORAM<br>AMINOPYRALID<br>GLYPHOSATE",485.8,48067,"Cass County, Texas(7)"
48069,48,069,Castro County,Texas,894.4403065637066,381146.2,426.12815769036774,338.6,GLYPHOSATE<br>ETHEPHON<br>PROPARGITE<br>ATRAZINE<br>METOLACHLOR & METOLACHLOR-S,338.6,48069,"Castro County, Texas(7)"
48071,48,071,Chambers County,Texas,597.2095648648649,30617.3,51.26726328793479,502.9,"PROPANIL<br>GLYPHOSATE<br>2,4-D<br>CLOMAZONE<br>QUINCLORAC",502.9,48071,"Chambers County, Texas(7)"
48073,48,073,Cherokee County,Texas,1052.94898996139,33821.5,32.12073929739007,507,"2,4-D<br>TRICLOPYR<br>PICLORAM<br>AMINOPYRALID<br>GLYPHOSATE",507,48073,"Cherokee County, Texas(7)"
48075,48,075,Childress County,Texas,696.5075783783784,42288.1,60.71448655082249,406.4,"GLYPHOSATE<br>DICAMBA<br>ETHEPHON<br>2,4-D<br>TRIBUFOS",406.4,48075,"Childress County, Texas(7)"
48077,48,077,Clay County,Texas,1088.7543332046332,13906.8,12.773129415767103,470.3,"GLYPHOSATE<br>CHLORPYRIFOS<br>2,4-D<br>PETROLEUM OIL<br>DICAMBA",470.3,48077,"Clay County, Texas(7)"
48079,48,079,Cochran County,Texas,775.0786988416988,378116.7,487.8429771906635,416,GLYPHOSATE<br>TRIFLURALIN<br>ETHEPHON<br>SODIUM CHLORATE<br>BACILLUS AMYLOLIQUEFACIEN,416,48079,"Cochran County, Texas(7)"
48081,48,081,Coke County,Texas,911.6421613899614,8030.200000000001,8.808500023470312,487.6,"GLYPHOSATE<br>ATRAZINE<br>2,4-D<br>ETHEPHON<br>DICAMBA",487.6,48081,"Coke County, Texas(7)"
48083,48,083,Coleman County,Texas,1262.908583011583,34860.5,27.603343954532512,456.5,"GLYPHOSATE<br>2,4-D<br>DICAMBA<br>CHLORPYRIFOS<br>PARAQUAT",456.5,48083,"Coleman County, Texas(7)"
48085,48,085,Collin County,Texas,841.3609397683398,42413.5,50.410588363750435,408.2,"GLYPHOSATE<br>2,4-D<br>ATRAZINE<br>CHLORPYRIFOS<br>METOLACHLOR & METOLACHLOR-S",408.2,48085,"Collin County, Texas(7)"
48087,48,087,Collingsworth County,Texas,918.4364505791506,77627.4,84.52125343136095,299.7,"GLYPHOSATE<br>DICAMBA<br>2,4-D<br>ETHEPHON<br>TRIBUFOS",299.7,48087,"Collingsworth County, Texas(7)"
48089,48,089,Colorado County,Texas,960.2867621621622,88395.3,92.0509409095372,437.6,"2,4-D<br>GLYPHOSATE<br>ATRAZINE<br>METOLACHLOR & METOLACHLOR-S<br>DIMETHENAMID & DIMETHENAMID-P",437.6,48089,"Colorado County, Texas(7)"
48091,48,091,Comal County,Texas,559.5343081081081,15499.4,27.700535562164937,409.2,"2,4-D<br>GLYPHOSATE<br>ATRAZINE<br>PICLORAM<br>TRICLOPYR",409.2,48091,"Comal County, Texas(7)"
48093,48,093,Comanche County,Texas,937.74862007722,26994.4,28.786392666487863,403.1,GLYPHOSATE<br>METOLACHLOR & METOLACHLOR-S<br>CHLOROTHALONIL<br>ATRAZINE<br>MANCOZEB,403.1,48093,"Comanche County, Texas(7)"
48095,48,095,Concho County,Texas,983.7505810810812,115123,117.02458144775572,272.6,"GLYPHOSATE<br>2,4-D<br>ETHEPHON<br>ATRAZINE<br>DICAMBA",272.6,48095,"Concho County, Texas(7)"
48097,48,097,Cooke County,Texas,874.8223505791506,35511.8,40.59315582928403,486.1,"2,4-D<br>GLYPHOSATE<br>ATRAZINE<br>DICAMBA<br>CHLORPYRIFOS",486.1,48097,"Cooke County, Texas(7)"
48099,48,099,Coryell County,Texas,1052.2422548262548,35019.5,33.28083417994118,449.2,"2,4-D<br>GLYPHOSATE<br>DICAMBA<br>ATRAZINE<br>PICLORAM",449.2,48099,"Coryell County, Texas(7)"
48101,48,101,Cottle County,Texas,900.559355984556,33699.2,37.420298591154626,423.5,"GLYPHOSATE<br>DICAMBA<br>ETHEPHON<br>2,4-D<br>TRIBUFOS",423.5,48101,"Cottle County, Texas(7)"
48103,48,103,Crane County,Texas,785.0655154440154,129.4,0.16482700800685948,369.9,"GLYPHOSATE<br>ZETA-CYPERMETHRIN<br>2,4-D<br>AMINOPYRALID<br>ATRAZINE",369.9,48103,"Crane County, Texas(7)"
48105,48,105,Crockett County,Texas,2807.310834362934,913.5,0.3254003756257726,505.3,"2,4-D<br>PICLORAM<br>FLUROXYPYR<br>GLYPHOSATE<br>DICAMBA",505.3,48105,"Crockett County, Texas(7)"
48107,48,107,Crosby County,Texas,900.19437992278,464917.9,516.4638997633838,413.3,GLYPHOSATE<br>TRIFLURALIN<br>ETHEPHON<br>SODIUM CHLORATE<br>DICAMBA,413.3,48107,"Crosby County, Texas(7)"
48109,48,109,Culberson County,Texas,3812.138824324324,734.9,0.19277891857211052,332,"GLYPHOSATE<br>TRIFLURALIN<br>2,4-D<br>DICAMBA<br>FLUMIOXAZIN",332,48109,"Culberson County, Texas(7)"
48111,48,111,Dallam County,Texas,1503.3461849420848,327963.3,218.1555408095405,415,GLYPHOSATE<br>PROPARGITE<br>ATRAZINE<br>METOLACHLOR & METOLACHLOR-S<br>ETHEPHON,415,48111,"Dallam County, Texas(7)"
48113,48,113,Dallas County,Texas,873.1555216216216,6044.7,6.9228217085242765,429.5,"2,4-D<br>GLYPHOSATE<br>THIOPHANATE-METHYL<br>CHLORPYRIFOS<br>ATRAZINE",429.5,48113,"Dallas County, Texas(7)"
48115,48,115,Dawson County,Texas,900.3017613899614,706869.2000000001,785.1469699544696,476,GLYPHOSATE<br>TRIFLURALIN<br>ETHEPHON<br>SODIUM CHLORATE<br>DICAMBA,476,48115,"Dawson County, Texas(7)"
48117,48,117,Deaf Smith County,Texas,1496.8148915057916,379762.5,253.7137371862729,384.3,"GLYPHOSATE<br>ATRAZINE<br>ETHEPHON<br>2,4-D<br>METOLACHLOR & METOLACHLOR-S",384.3,48117,"Deaf Smith County, Texas(7)"
48119,48,119,Delta County,Texas,256.83116756756755,25225.6,98.21860889747197,542.5,"GLYPHOSATE<br>2,4-D<br>ATRAZINE<br>DICAMBA<br>THIOPHANATE-METHYL",542.5,48119,"Delta County, Texas(7)"
48121,48,121,Denton County,Texas,878.7461606177607,34285.9,39.016841878315496,421.8,"2,4-D<br>GLYPHOSATE<br>ATRAZINE<br>DICAMBA<br>METOLACHLOR & METOLACHLOR-S",421.8,48121,"Denton County, Texas(7)"
48123,48,123,DeWitt County,Texas,908.9721868725868,50308.9,55.34701801283161,440.6,"2,4-D<br>GLYPHOSATE<br>ATRAZINE<br>DIMETHENAMID & DIMETHENAMID-P<br>PICLORAM",440.6,48123,"DeWitt County, Texas(7)"
48125,48,125,Dickens County,Texas,901.7199521235522,41527.3,46.053433665522356,496.5,"GLYPHOSATE<br>DICAMBA<br>ETHEPHON<br>2,4-D<br>TRIBUFOS",496.5,48125,"Dickens County, Texas(7)"
48127,48,127,Dimmit County,Texas,1328.8787266409267,10198,7.674138953054049,424.9,"GLYPHOSATE<br>2,4-D<br>ETHEPHON<br>TRIBUFOS<br>GLUFOSINATE",424.9,48127,"Dimmit County, Texas(7)"
48129,48,129,Donley County,Texas,927.0325123552124,29142.4,31.43622215143353,385,"GLYPHOSATE<br>DICAMBA<br>2,4-D<br>ETHEPHON<br>ATRAZINE",385,48129,"Donley County, Texas(7)"
48131,48,131,Duval County,Texas,1793.4689841698842,6405.3,3.571458473236282,427.8,"2,4-D<br>GLYPHOSATE<br>MANCOZEB<br>ATRAZINE<br>CLOPYRALID",427.8,48131,"Duval County, Texas(7)"
48133,48,133,Eastland County,Texas,926.5037803088804,13350.5,14.409547250362188,440.9,"GLYPHOSATE<br>MANCOZEB<br>2,4-D<br>CHLOROTHALONIL<br>PENDIMETHALIN",440.9,48133,"Eastland County, Texas(7)"
48135,48,135,Ector County,Texas,897.8797505791506,107.6,0.11983787353551054,456.8,"GLYPHOSATE<br>TRIFLURALIN<br>MANCOZEB<br>CHLOROTHALONIL<br>2,4-D",456.8,48135,"Ector County, Texas(7)"
48137,48,137,Edwards County,Texas,2117.862247104247,1897.2,0.8958089708591961,545.6,"GLYPHOSATE<br>2,4-D<br>ATRAZINE<br>PICLORAM<br>FLUROXYPYR",545.6,48137,"Edwards County, Texas(7)"
48139,48,139,Ellis County,Texas,935.770071042471,113597.9,121.39509855604712,451.1,"GLYPHOSATE<br>2,4-D<br>ATRAZINE<br>DICAMBA<br>ACEPHATE",451.1,48139,"Ellis County, Texas(7)"
48141,48,141,El Paso County,Texas,1013.5207907335908,3669.7,3.6207446690302767,387.5,GLYPHOSATE<br>ETHEPHON<br>METHOMYL<br>TRIFLURALIN<br>DICROTOPHOS,387.5,48141,"El Paso County, Texas(7)"
48143,48,143,Erath County,Texas,1083.173633976834,14862.9,13.721622770147556,392.2,"GLYPHOSATE<br>METOLACHLOR & METOLACHLOR-S<br>2,4-D<br>ATRAZINE<br>PETROLEUM OIL",392.2,48143,"Erath County, Texas(7)"
48145,48,145,Falls County,Texas,765.491545945946,109983.8,143.6773542209261,436.6,"GLYPHOSATE<br>ATRAZINE<br>2,4-D<br>DICAMBA<br>TEMBOTRIONE",436.6,48145,"Falls County, Texas(7)"
48147,48,147,Fannin County,Texas,877.9344934362935,57331,65.30213863178184,498.1,"GLYPHOSATE<br>2,4-D<br>ATRAZINE<br>DICAMBA<br>CHLORPYRIFOS",498.1,48147,"Fannin County, Texas(7)"
48149,48,149,Fayette County,Texas,949.9293108108108,66586.1,70.09584738801831,412.6,"2,4-D<br>GLYPHOSATE<br>ATRAZINE<br>DIMETHENAMID & DIMETHENAMID-P<br>METOLACHLOR & METOLACHLOR-S",412.6,48149,"Fayette County, Texas(7)"
48151,48,151,Fisher County,Texas,898.9467501930502,167949.6,186.82930881493544,513.5,"GLYPHOSATE<br>DICAMBA<br>2,4-D<br>DIURON<br>PENDIMETHALIN",513.5,48151,"Fisher County, Texas(7)"
48153,48,153,Floyd County,Texas,992.1379467181468,857079.7,863.8715037914832,397.8,GLYPHOSATE<br>ETHEPHON<br>ACETOCHLOR<br>METOLACHLOR & METOLACHLOR-S<br>DIURON,397.8,48153,"Floyd County, Texas(7)"
48155,48,155,Foard County,Texas,704.3932938223938,4739.8,6.7289113078851885,521.5,"GLYPHOSATE<br>DICAMBA<br>2,4-D<br>ETHEPHON<br>CLOPYRALID",521.5,48155,"Foard County, Texas(7)"
48157,48,157,Fort Bend County,Texas,861.7808555984556,192256.1,223.0916348988625,394.6,"GLYPHOSATE<br>2,4-D<br>ETHEPHON<br>METOLACHLOR & METOLACHLOR-S<br>ATRAZINE",394.6,48157,"Fort Bend County, Texas(7)"
48159,48,159,Franklin County,Texas,284.3899359073359,16514.2,58.06886220256718,501.4,"2,4-D<br>GLYPHOSATE<br>TRICLOPYR<br>ATRAZINE<br>PICLORAM",501.4,48159,"Franklin County, Texas(7)"
48161,48,161,Freestone County,Texas,877.7265888030888,52195.3,59.46646787945217,449.7,"2,4-D<br>GLYPHOSATE<br>TRICLOPYR<br>ATRAZINE<br>DICAMBA",449.7,48161,"Freestone County, Texas(7)"
48163,48,163,Frio County,Texas,1133.4955606177607,34857.1,30.7518628312957,382.3,"GLYPHOSATE<br>2,4-D<br>ETHEPHON<br>TRIBUFOS<br>GLUFOSINATE",382.3,48163,"Frio County, Texas(7)"
48165,48,165,Gaines County,Texas,1502.3561644787644,770562.2,512.9024782664255,334,GLYPHOSATE<br>BACILLUS AMYLOLIQUEFACIEN<br>TRIFLURALIN<br>ETHEPHON<br>SODIUM CHLORATE,334,48165,"Gaines County, Texas(7)"
48167,48,167,Galveston County,Texas,379.4110918918919,3568.3,9.404838383103304,454.5,"2,4-D<br>DICAMBA<br>GLYPHOSATE<br>TRICLOPYR<br>AMINOPYRALID",454.5,48167,"Galveston County, Texas(7)"
48169,48,169,Garza County,Texas,893.4120162162162,48181.3,53.92954104653497,369.5,"GLYPHOSATE<br>DICAMBA<br>ETHEPHON<br>2,4-D<br>TRIBUFOS",369.5,48169,"Garza County, Texas(7)"
48171,48,171,Gillespie County,Texas,1058.1982204633205,28736.6,27.156159823646263,462.5,PETROLEUM OIL<br>GLYPHOSATE<br>PHOSMET<br>CHLOROTHALONIL<br>ATRAZINE,462.5,48171,"Gillespie County, Texas(7)"
48173,48,173,Glasscock County,Texas,900.2135034749035,339118.6,376.70907922506416,417,GLYPHOSATE<br>ETHEPHON<br>TRIFLURALIN<br>SODIUM CHLORATE<br>DICAMBA,417,48173,"Glasscock County, Texas(7)"
48175,48,175,Goliad County,Texas,852.0071861003861,62754.9,73.6553646774125,428.7,"2,4-D<br>GLYPHOSATE<br>ATRAZINE<br>DIMETHENAMID & DIMETHENAMID-P<br>METOLACHLOR & METOLACHLOR-S",428.7,48175,"Goliad County, Texas(7)"
48177,48,177,Gonzales County,Texas,1066.6814281853283,56099.9,52.59292842047405,455.3,"2,4-D<br>GLYPHOSATE<br>ATRAZINE<br>DIMETHENAMID & DIMETHENAMID-P<br>PICLORAM",455.3,48177,"Gonzales County, Texas(7)"
48179,48,179,Gray County,Texas,925.9697602316602,151136.9,163.22012498787043,427.3,"GLYPHOSATE<br>ETHEPHON<br>ACETOCHLOR<br>METOLACHLOR & METOLACHLOR-S<br>2,4-D",427.3,48179,"Gray County, Texas(7)"
48181,48,181,Grayson County,Texas,932.8279362934364,51962.6,55.70437802974878,461.9,"GLYPHOSATE<br>2,4-D<br>ATRAZINE<br>DICAMBA<br>CHLORPYRIFOS",461.9,48181,"Grayson County, Texas(7)"
48183,48,183,Gregg County,Texas,273.3792023166023,5054.4,18.488604682321316,498.3,"2,4-D<br>TRICLOPYR<br>PICLORAM<br>AMINOPYRALID<br>PETROLEUM OIL",498.3,48183,"Gregg County, Texas(7)"
48185,48,185,Grimes County,Texas,787.4632725868726,47378,60.16534567302411,453.3,"2,4-D<br>GLYPHOSATE<br>TRICLOPYR<br>ATRAZINE<br>DICAMBA",453.3,48185,"Grimes County, Texas(7)"
48187,48,187,Guadalupe County,Texas,711.2485613899614,118761.1,166.97552226736383,407.7,"ATRAZINE<br>GLYPHOSATE<br>2,4-D<br>DIMETHENAMID & DIMETHENAMID-P<br>METOLACHLOR & METOLACHLOR-S",407.7,48187,"Guadalupe County, Texas(7)"
48189,48,189,Hale County,Texas,1004.6754532818532,957548.1,953.091963053434,381.3,GLYPHOSATE<br>ETHEPHON<br>ACETOCHLOR<br>METOLACHLOR & METOLACHLOR-S<br>DIURON,381.3,48189,"Hale County, Texas(7)"
48191,48,191,Hall County,Texas,883.4878818532818,123378.8,139.6496800173306,399.3,"GLYPHOSATE<br>DICAMBA<br>ETHEPHON<br>2,4-D<br>TRIBUFOS",399.3,48191,"Hall County, Texas(7)"
48193,48,193,Hamilton County,Texas,835.9107115830116,32224,38.54957180650979,448.4,"2,4-D<br>GLYPHOSATE<br>DICAMBA<br>PICLORAM<br>THIOPHANATE-METHYL",448.4,48193,"Hamilton County, Texas(7)"
48195,48,195,Hansford County,Texas,919.8056548262548,379903.4,413.0257277791592,428.9,GLYPHOSATE<br>ETHEPHON<br>METOLACHLOR & METOLACHLOR-S<br>ACETOCHLOR<br>DICAMBA,428.9,48195,"Hansford County, Texas(7)"
48197,48,197,Hardeman County,Texas,695.1109598455598,11547.8,16.612887246901842,450.4,"GLYPHOSATE<br>DICAMBA<br>2,4-D<br>ETHEPHON<br>ATRAZINE",450.4,48197,"Hardeman County, Texas(7)"
48199,48,199,Hardin County,Texas,890.5727799227799,5069.7,5.692628513123414,462.4,"2,4-D<br>GLYPHOSATE<br>TRICLOPYR<br>PROPANIL<br>DICAMBA",462.4,48199,"Hardin County, Texas(7)"
48201,48,201,Harris County,Texas,1707.2798166023167,16553,9.695540144639192,404,"2,4-D<br>GLYPHOSATE<br>DICAMBA<br>ETHEPHON<br>METOLACHLOR & METOLACHLOR-S",404,48201,"Harris County, Texas(7)"
48203,48,203,Harrison County,Texas,900.0544494208494,18977,21.084279970185108,458.7,"2,4-D<br>TRICLOPYR<br>GLYPHOSATE<br>PICLORAM<br>AMINOPYRALID",458.7,48203,"Harrison County, Texas(7)"
48205,48,205,Hartley County,Texas,1461.9478826254826,356256.8,243.6863887105234,376.7,GLYPHOSATE<br>ATRAZINE<br>PROPARGITE<br>METOLACHLOR & METOLACHLOR-S<br>ETHEPHON,376.7,48205,"Hartley County, Texas(7)"
48207,48,207,Haskell County,Texas,903.1288833976834,233951.1,259.04508680958895,463.5,"GLYPHOSATE<br>2,4-D<br>DICAMBA<br>DIURON<br>PENDIMETHALIN",463.5,48207,"Haskell County, Texas(7)"
48209,48,209,Hays County,Texas,676.8489046332046,38503.5,56.886403651440745,437,"2,4-D<br>GLYPHOSATE<br>ATRAZINE<br>DIMETHENAMID & DIMETHENAMID-P<br>METOLACHLOR & METOLACHLOR-S",437,48209,"Hays County, Texas(7)"
48211,48,211,Hemphill County,Texas,906.2818590733592,10584,11.678485996422529,377.4,"GLYPHOSATE<br>2,4-D<br>ETHEPHON<br>DICAMBA<br>TRIFLURALIN",377.4,48211,"Hemphill County, Texas(7)"
48213,48,213,Henderson County,Texas,873.7690749034749,34401.3,39.37115765261011,510.4,"2,4-D<br>TRICLOPYR<br>PICLORAM<br>AMINOPYRALID<br>GLYPHOSATE",510.4,48213,"Henderson County, Texas(7)"
48215,48,215,Hidalgo County,Texas,1571.222945945946,137260.2,87.35883112842606,361.7,GLYPHOSATE<br>GLUFOSINATE<br>TRIFLURALIN<br>ACEPHATE<br>BENSULIDE,361.7,48215,"Hidalgo County, Texas(7)"
48217,48,217,Hill County,Texas,958.8534891891892,129113.7,134.65425266291635,498.3,"GLYPHOSATE<br>ATRAZINE<br>2,4-D<br>DICAMBA<br>ACEPHATE",498.3,48217,"Hill County, Texas(7)"
48219,48,219,Hockley County,Texas,908.3876347490348,431430.8,474.9412954296695,437.1,GLYPHOSATE<br>TRIFLURALIN<br>ETHEPHON<br>SODIUM CHLORATE<br>DICAMBA,437.1,48219,"Hockley County, Texas(7)"
48221,48,221,Hood County,Texas,420.7381810810811,8631.2,20.514420578190094,474.3,GLYPHOSATE<br>MANCOZEB<br>CHLORPYRIFOS<br>CHLOROTHALONIL<br>PENDIMETHALIN,474.3,48221,"Hood County, Texas(7)"
48223,48,223,Hopkins County,Texas,767.4274976833976,49401.1,64.37233504028082,480.2,"2,4-D<br>TRICLOPYR<br>GLYPHOSATE<br>PICLORAM<br>AMINOPYRALID",480.2,48223,"Hopkins County, Texas(7)"
48225,48,225,Houston County,Texas,1230.991581081081,52719,42.826450489369826,420.4,"2,4-D<br>TRICLOPYR<br>PICLORAM<br>GLYPHOSATE<br>AMINOPYRALID",420.4,48225,"Houston County, Texas(7)"
48227,48,227,Howard County,Texas,900.7856297297296,188425.6,209.1791806853479,432.1,GLYPHOSATE<br>TRIFLURALIN<br>ETHEPHON<br>SODIUM CHLORATE<br>DICAMBA,432.1,48227,"Howard County, Texas(7)"
48229,48,229,Hudspeth County,Texas,4570.495777606177,47583.9,10.411102496395332,585.8,BACILLUS AMYLOLIQUEFACIEN<br>CHLOROPICRIN<br>GLYPHOSATE<br>TRIFLURALIN<br>NAPROPAMIDE,585.8,48229,"Hudspeth County, Texas(7)"
48231,48,231,Hunt County,Texas,840.4182432432433,46395.3,55.205012948025384,454.4,"GLYPHOSATE<br>2,4-D<br>DICAMBA<br>ATRAZINE<br>ACEPHATE",454.4,48231,"Hunt County, Texas(7)"
48233,48,233,Hutchinson County,Texas,887.4203150579151,130655.8,147.2310220794,463.2,GLYPHOSATE<br>ETHEPHON<br>ACETOCHLOR<br>METOLACHLOR & METOLACHLOR-S<br>DICAMBA,463.2,48233,"Hutchinson County, Texas(7)"
48235,48,235,Irion County,Texas,1051.5389934362934,8949.7,8.511049096480521,409.2,"GLYPHOSATE<br>ATRAZINE<br>2,4-D<br>ETHEPHON<br>DICAMBA",409.2,48235,"Irion County, Texas(7)"
48237,48,237,Jack County,Texas,910.967440926641,4795.3,5.263964203948053,372.4,"2,4-D<br>GLYPHOSATE<br>PETROLEUM OIL<br>CHLORPYRIFOS<br>TRICLOPYR",372.4,48237,"Jack County, Texas(7)"
48239,48,239,Jackson County,Texas,829.4388776061776,172309.6,207.7423721652623,412.9,"GLYPHOSATE<br>2,4-D<br>ETHEPHON<br>METOLACHLOR & METOLACHLOR-S<br>ACEPHATE",412.9,48239,"Jackson County, Texas(7)"
48241,48,241,Jasper County,Texas,938.6507189189188,7833.9,8.34591594307051,526.6,"2,4-D<br>GLYPHOSATE<br>TRICLOPYR<br>DICAMBA<br>PICLORAM",526.6,48241,"Jasper County, Texas(7)"
48243,48,243,Jeff Davis County,Texas,2264.545266023166,1090.5,0.48155363302366616,208,GLYPHOSATE<br>MANCOZEB<br>PETROLEUM OIL<br>CHLOROTHALONIL<br>CUPROUS OXIDE,208,48243,"Jeff Davis County, Texas(7)"
48245,48,245,Jefferson County,Texas,876.7312146718147,37055.7,42.26574733496971,420.6,"2,4-D<br>PROPANIL<br>GLYPHOSATE<br>CLOMAZONE<br>DICAMBA",420.6,48245,"Jefferson County, Texas(7)"
48247,48,247,Jim Hogg County,Texas,1136.1678486486487,4381,3.855944352949906,370.6,"2,4-D<br>CLOPYRALID<br>PICLORAM<br>AMINOPYRALID<br>TRICLOPYR",370.6,48247,"Jim Hogg County, Texas(7)"
48249,48,249,Jim Wells County,Texas,865.1719590733591,171840.4,198.61993699385425,438.9,"GLYPHOSATE<br>ATRAZINE<br>ETHEPHON<br>TRIBUFOS<br>2,4-D",438.9,48249,"Jim Wells County, Texas(7)"
48251,48,251,Johnson County,Texas,725.0559988416989,42462.7,58.56471785329076,478.6,"GLYPHOSATE<br>2,4-D<br>ATRAZINE<br>DICAMBA<br>METOLACHLOR & METOLACHLOR-S",478.6,48251,"Johnson County, Texas(7)"
48253,48,253,Jones County,Texas,928.6016382239384,185684.2,199.96109457134193,424.4,"GLYPHOSATE<br>2,4-D<br>DICAMBA<br>DIURON<br>PENDIMETHALIN",424.4,48253,"Jones County, Texas(7)"
48255,48,255,Karnes County,Texas,747.7489111969112,96801.8,129.45762748761575,425.2,"GLYPHOSATE<br>ATRAZINE<br>2,4-D<br>DIMETHENAMID & DIMETHENAMID-P<br>METOLACHLOR & METOLACHLOR-S",425.2,48255,"Karnes County, Texas(7)"
48257,48,257,Kaufman County,Texas,780.7047826254826,42867.6,54.908847689952374,463.5,"GLYPHOSATE<br>2,4-D<br>ATRAZINE<br>DICAMBA<br>PICLORAM",463.5,48257,"Kaufman County, Texas(7)"
48259,48,259,Kendall County,Texas,662.4508150579151,7720.7,11.654752057818834,440.7,"GLYPHOSATE<br>2,4-D<br>ATRAZINE<br>PETROLEUM OIL<br>METOLACHLOR & METOLACHLOR-S",440.7,48259,"Kendall County, Texas(7)"
48261,48,261,Kenedy County,Texas,1458.5551517374518,5908.3,4.050789572791916,NA,"2,4-D<br>CLOPYRALID<br>PICLORAM<br>GLYPHOSATE<br>CHLORPYRIFOS",*,48261,"Kenedy County, Texas(7)"
48263,48,263,Kent County,Texas,902.5027146718148,4515.4000000000005,5.00319824704569,342.9,"GLYPHOSATE<br>DICAMBA<br>2,4-D<br>ETHEPHON<br>CLOPYRALID",342.9,48263,"Kent County, Texas(7)"
48265,48,265,Kerr County,Texas,1103.327867953668,4233.4,3.836937435335199,447.1,"GLYPHOSATE<br>2,4-D<br>BROMOXYNIL<br>MCPA<br>PROPICONAZOLE",447.1,48265,"Kerr County, Texas(7)"
48267,48,267,Kimble County,Texas,1250.974532046332,1368.5,1.0939471307712565,456.4,"PETROLEUM OIL<br>2,4-D<br>GLYPHOSATE<br>CHLORPYRIFOS<br>PHOSMET",456.4,48267,"Kimble County, Texas(7)"
48269,48,269,King County,Texas,910.8689455598457,3308,3.6316969813553257,NA,"GLYPHOSATE<br>DICAMBA<br>2,4-D<br>ETHEPHON<br>CLOPYRALID",*,48269,"King County, Texas(7)"
48271,48,271,Kinney County,Texas,1360.5271227799228,6007.3,4.415420978690576,400,"GLYPHOSATE<br>ETHEPHON<br>2,4-D<br>DICAMBA<br>DIMETHENAMID & DIMETHENAMID-P",400,48271,"Kinney County, Texas(7)"
48273,48,273,Kleberg County,Texas,881.3021023166024,119567.9,135.67186517052693,421.9,GLYPHOSATE<br>PENDIMETHALIN<br>METOLACHLOR & METOLACHLOR-S<br>TRIFLURALIN<br>ATRAZINE,421.9,48273,"Kleberg County, Texas(7)"
48275,48,275,Knox County,Texas,850.6172250965251,61010.5,71.72497593506496,497.2,"GLYPHOSATE<br>2,4-D<br>DICAMBA<br>CHLORPYRIFOS<br>DIURON",497.2,48275,"Knox County, Texas(7)"
48277,48,277,Lamar County,Texas,907.3273571428572,64227.1,70.78713046000172,482.9,"GLYPHOSATE<br>2,4-D<br>ATRAZINE<br>DICAMBA<br>THIOPHANATE-METHYL",482.9,48277,"Lamar County, Texas(7)"
48279,48,279,Lamb County,Texas,1016.176674131274,432842,425.95152104828145,387.6,GLYPHOSATE<br>TRIFLURALIN<br>ETHEPHON<br>SODIUM CHLORATE<br>DICAMBA,387.6,48279,"Lamb County, Texas(7)"
48281,48,281,Lampasas County,Texas,712.5251142857143,2726.2999999999997,3.826251096753321,493.3,"GLYPHOSATE<br>2,4-D<br>PETROLEUM OIL<br>CHLORPYRIFOS<br>PHOSMET",493.3,48281,"Lampasas County, Texas(7)"
48283,48,283,La Salle County,Texas,1486.6971992277993,4501.1,3.0275835606187345,406.3,"2,4-D<br>GLYPHOSATE<br>ATRAZINE<br>MANCOZEB<br>CHLOROTHALONIL",406.3,48283,"La Salle County, Texas(7)"
48285,48,285,Lavaca County,Texas,969.7047162162162,42455.3,43.78167837077291,447.2,"2,4-D<br>GLYPHOSATE<br>ATRAZINE<br>DIMETHENAMID & DIMETHENAMID-P<br>PICLORAM",447.2,48285,"Lavaca County, Texas(7)"
48287,48,287,Lee County,Texas,629.0365787644788,24290.7,38.61571937153566,432.2,"2,4-D<br>GLYPHOSATE<br>ATRAZINE<br>PICLORAM<br>TRICLOPYR",432.2,48287,"Lee County, Texas(7)"
48289,48,289,Leon County,Texas,1073.1513617760618,51331,47.832022423237085,468.7,"2,4-D<br>GLYPHOSATE<br>TRICLOPYR<br>ATRAZINE<br>DICAMBA",468.7,48289,"Leon County, Texas(7)"
48291,48,291,Liberty County,Texas,1158.4562478764478,18467.4,15.941387543856203,472.4,"2,4-D<br>GLYPHOSATE<br>ACEPHATE<br>DICAMBA<br>CLOMAZONE",472.4,48291,"Liberty County, Texas(7)"
48293,48,293,Limestone County,Texas,905.4259386100388,43470.9,48.01154699271615,459.1,"2,4-D<br>GLYPHOSATE<br>ATRAZINE<br>DICAMBA<br>PICLORAM",459.1,48293,"Limestone County, Texas(7)"
48295,48,295,Lipscomb County,Texas,932.2095154440154,55903.3,59.96860048502403,370.9,"GLYPHOSATE<br>2,4-D<br>ATRAZINE<br>PROPARGITE<br>DICAMBA",370.9,48295,"Lipscomb County, Texas(7)"
48297,48,297,Live Oak County,Texas,1039.6899258687258,16843.9,16.20088795794176,401.8,"GLYPHOSATE<br>2,4-D<br>ATRAZINE<br>DIMETHENAMID & DIMETHENAMID-P<br>ETHEPHON",401.8,48297,"Live Oak County, Texas(7)"
48299,48,299,Llano County,Texas,934.0611034749036,10658,11.41038842143196,416.9,"GLYPHOSATE<br>2,4-D<br>ETHEPHON<br>PETROLEUM OIL<br>DICAMBA",416.9,48299,"Llano County, Texas(7)"
48301,48,301,Loving County,Texas,668.8146922779923,0,0,NA,"2,4-D<br>AMINOPYRALID<br>ATRAZINE<br>CLOPYRALID<br>DICAMBA",*,48301,"Loving County, Texas(7)"
48303,48,303,Lubbock County,Texas,895.600033976834,702881.2,784.8159595069656,442,GLYPHOSATE<br>TRIFLURALIN<br>ETHEPHON<br>SODIUM CHLORATE<br>DICAMBA,442,48303,"Lubbock County, Texas(7)"
48305,48,305,Lynn County,Texas,891.8628602316602,780234.7000000001,874.8370795453184,468.2,GLYPHOSATE<br>TRIFLURALIN<br>ETHEPHON<br>SODIUM CHLORATE<br>DICAMBA,468.2,48305,"Lynn County, Texas(7)"
48307,48,307,McCulloch County,Texas,1065.5959583011584,37864,35.533167806271734,522.8,"GLYPHOSATE<br>2,4-D<br>ETHEPHON<br>ATRAZINE<br>DICAMBA",522.8,48307,"McCulloch County, Texas(7)"
48309,48,309,McLennan County,Texas,1036.6854606177606,88505.7,85.37372555341857,454.5,"GLYPHOSATE<br>2,4-D<br>ATRAZINE<br>DICAMBA<br>METOLACHLOR & METOLACHLOR-S",454.5,48309,"McLennan County, Texas(7)"
48311,48,311,McMullen County,Texas,1139.7940413127412,3113.6,2.73172159806517,484.2,"2,4-D<br>GLYPHOSATE<br>DIMETHENAMID & DIMETHENAMID-P<br>CLOPYRALID<br>PICLORAM",484.2,48311,"McMullen County, Texas(7)"
48313,48,313,Madison County,Texas,466.0631111969112,78725.1,168.91510636365024,417.2,"GLYPHOSATE<br>ATRAZINE<br>2,4-D<br>METOLACHLOR & METOLACHLOR-S<br>TRICLOPYR",417.2,48313,"Madison County, Texas(7)"
48315,48,315,Marion County,Texas,380.8997362934363,3487,9.154640100127809,503.1,"2,4-D<br>TRICLOPYR<br>PICLORAM<br>AMINOPYRALID<br>GLYPHOSATE",503.1,48315,"Marion County, Texas(7)"
48317,48,317,Martin County,Texas,914.9515783783784,397028.5,433.9338926587532,536.7,GLYPHOSATE<br>TRIFLURALIN<br>ETHEPHON<br>SODIUM CHLORATE<br>DICAMBA,536.7,48317,"Martin County, Texas(7)"
48319,48,319,Mason County,Texas,928.8316996138996,1749.2,1.8832259931773587,396.4,"BACILLUS AMYLOLIQUEFACIEN<br>CHLOROTHALONIL<br>METOLACHLOR & METOLACHLOR-S<br>2,4-D<br>GLYPHOSATE",396.4,48319,"Mason County, Texas(7)"
48321,48,321,Matagorda County,Texas,1093.1173702702702,151206.4,138.32585970399012,475.4,"GLYPHOSATE<br>2,4-D<br>ETHEPHON<br>METOLACHLOR & METOLACHLOR-S<br>ATRAZINE",475.4,48321,"Matagorda County, Texas(7)"
48323,48,323,Maverick County,Texas,1279.4703436293437,2940.5,2.298216613336251,411.5,"2,4-D<br>GLYPHOSATE<br>CHLORPYRIFOS<br>CLOPYRALID<br>FENTIN",411.5,48323,"Maverick County, Texas(7)"
48325,48,325,Medina County,Texas,1325.355097297297,182017.2,137.33466628768005,408.2,"GLYPHOSATE<br>2,4-D<br>ATRAZINE<br>DIMETHENAMID & DIMETHENAMID-P<br>METOLACHLOR & METOLACHLOR-S",408.2,48325,"Medina County, Texas(7)"
48327,48,327,Menard County,Texas,902.022386100386,1425.8,1.580670304829134,357.7,"GLYPHOSATE<br>2,4-D<br>CHLORPYRIFOS<br>PICLORAM<br>FLUROXYPYR",357.7,48327,"Menard County, Texas(7)"
48329,48,329,Midland County,Texas,900.3534061776062,33433,37.13319655438158,394.6,GLYPHOSATE<br>TRIFLURALIN<br>ETHEPHON<br>SODIUM CHLORATE<br>DICAMBA,394.6,48329,"Midland County, Texas(7)"
48331,48,331,Milam County,Texas,1016.3511328185328,81793.3,80.47740328991596,463.1,"GLYPHOSATE<br>2,4-D<br>ATRAZINE<br>DICAMBA<br>METOLACHLOR & METOLACHLOR-S",463.1,48331,"Milam County, Texas(7)"
48333,48,333,Mills County,Texas,748.2211571428571,18047.7,24.120809506264965,401.7,"GLYPHOSATE<br>MANCOZEB<br>2,4-D<br>CHLOROTHALONIL<br>CHLORPYRIFOS",401.7,48333,"Mills County, Texas(7)"
48335,48,335,Mitchell County,Texas,911.0889749034748,88492.59999999999,97.12838420569771,432.6,"GLYPHOSATE<br>2,4-D<br>DICAMBA<br>DIURON<br>PENDIMETHALIN",432.6,48335,"Mitchell County, Texas(7)"
48337,48,337,Montague County,Texas,930.9013942084944,14520.5,15.598322325369551,488.8,"GLYPHOSATE<br>MANCOZEB<br>2,4-D<br>CHLORPYRIFOS<br>PETROLEUM OIL",488.8,48337,"Montague County, Texas(7)"
48339,48,339,Montgomery County,Texas,1042.173709266409,13450.5,12.906197767613872,420.9,"2,4-D<br>GLYPHOSATE<br>TRICLOPYR<br>DICAMBA<br>MANCOZEB",420.9,48339,"Montgomery County, Texas(7)"
48341,48,341,Moore County,Texas,899.6938957528957,285172.1,316.9656939390012,386.1,GLYPHOSATE<br>ETHEPHON<br>ATRAZINE<br>METOLACHLOR & METOLACHLOR-S<br>PROPARGITE,386.1,48341,"Moore County, Texas(7)"
48343,48,343,Morris County,Texas,251.98803976833975,8426.800000000001,33.441269703701074,527.1,"2,4-D<br>TRICLOPYR<br>PICLORAM<br>AMINOPYRALID<br>DICAMBA",527.1,48343,"Morris County, Texas(7)"
48345,48,345,Motley County,Texas,989.5613513513514,11893.8,12.019264883130036,391.4,"GLYPHOSATE<br>DICAMBA<br>ETHEPHON<br>2,4-D<br>TRIBUFOS",391.4,48345,"Motley County, Texas(7)"
48347,48,347,Nacogdoches County,Texas,946.3192833976834,33788.1,35.7047569385742,393.1,"2,4-D<br>TRICLOPYR<br>PICLORAM<br>AMINOPYRALID<br>GLYPHOSATE",393.1,48347,"Nacogdoches County, Texas(7)"
48349,48,349,Navarro County,Texas,1009.6974162162162,88595,87.74410885590332,443.4,"GLYPHOSATE<br>2,4-D<br>ATRAZINE<br>DICAMBA<br>ACEPHATE",443.4,48349,"Navarro County, Texas(7)"
48351,48,351,Newton County,Texas,933.6727976833976,3729.6,3.994547136056419,462.8,"2,4-D<br>GLYPHOSATE<br>TRICLOPYR<br>ATRAZINE<br>DICAMBA",462.8,48351,"Newton County, Texas(7)"
48353,48,353,Nolan County,Texas,911.992961003861,140114,153.63495771477432,465.3,"GLYPHOSATE<br>2,4-D<br>DICAMBA<br>DIURON<br>PENDIMETHALIN",465.3,48353,"Nolan County, Texas(7)"
48355,48,355,Nueces County,Texas,839.2831274131274,632619.7000000001,753.7619658218154,383.6,GLYPHOSATE<br>ATRAZINE<br>METOLACHLOR & METOLACHLOR-S<br>PENDIMETHALIN<br>TRIFLURALIN,383.6,48355,"Nueces County, Texas(7)"
48357,48,357,Ochiltree County,Texas,917.6803332046331,341926.6,372.598809877463,334.3,"GLYPHOSATE<br>ETHEPHON<br>2,4-D<br>ATRAZINE<br>DICAMBA",334.3,48357,"Ochiltree County, Texas(7)"
48359,48,359,Oldham County,Texas,1500.5162602316602,18956.6,12.63338525706702,442.1,"GLYPHOSATE<br>2,4-D<br>ATRAZINE<br>DICAMBA<br>METOLACHLOR & METOLACHLOR-S",442.1,48359,"Oldham County, Texas(7)"
48361,48,361,Orange County,Texas,333.7933891891892,2860.7000000000003,8.570271589107469,465.8,"2,4-D<br>DICAMBA<br>MANCOZEB<br>TRICLOPYR<br>AMINOPYRALID",465.8,48361,"Orange County, Texas(7)"
48363,48,363,Palo Pinto County,Texas,952.54466988417,6263.6,6.575649623614668,503.2,"GLYPHOSATE<br>2,4-D<br>PETROLEUM OIL<br>CHLORPYRIFOS<br>TRICLOPYR",503.2,48363,"Palo Pinto County, Texas(7)"
48365,48,365,Panola County,Texas,811.3516996138997,23472.5,28.93011749549539,498.5,"2,4-D<br>TRICLOPYR<br>PICLORAM<br>AMINOPYRALID<br>GLYPHOSATE",498.5,48365,"Panola County, Texas(7)"
48367,48,367,Parker County,Texas,903.7144042471042,17200.8,19.033446760572772,498.2,"PETROLEUM OIL<br>GLYPHOSATE<br>2,4-D<br>MANCOZEB<br>CHLOROTHALONIL",498.2,48367,"Parker County, Texas(7)"
48369,48,369,Parmer County,Texas,880.8177517374518,387708.7,440.16903523484575,325.3,"GLYPHOSATE<br>ETHEPHON<br>METOLACHLOR & METOLACHLOR-S<br>2,4-D<br>DICAMBA",325.3,48369,"Parmer County, Texas(7)"
48371,48,371,Pecos County,Texas,4763.812716602317,3640.9,0.7642827744489483,360.2,GLYPHOSATE<br>METHOMYL<br>ATRAZINE<br>MANCOZEB<br>BROMOXYNIL,360.2,48371,"Pecos County, Texas(7)"
48373,48,373,Polk County,Texas,1057.048006177606,7566.4,7.158047653257374,679.5,"2,4-D<br>GLYPHOSATE<br>TRICLOPYR<br>DICAMBA<br>PICLORAM",679.5,48373,"Polk County, Texas(7)"
48375,48,375,Potter County,Texas,908.3883552123552,17686.7,19.47041691861556,469.3,"GLYPHOSATE<br>2,4-D<br>DICAMBA<br>ETHEPHON<br>ATRAZINE",469.3,48375,"Potter County, Texas(7)"
48377,48,377,Presidio County,Texas,3855.234535521235,207.7,0.05387480270948511,293,"GLYPHOSATE<br>TRIFLURALIN<br>2,4-D<br>DICAMBA<br>ZETA-CYPERMETHRIN",293,48377,"Presidio County, Texas(7)"
48379,48,379,Rains County,Texas,229.48898571428572,14144.3,61.63389478573793,476.7,"2,4-D<br>TRICLOPYR<br>PICLORAM<br>AMINOPYRALID<br>THIOPHANATE-METHYL",476.7,48379,"Rains County, Texas(7)"
48381,48,381,Randall County,Texas,912.7065667953668,76776.9,84.1200258584463,443.4,"GLYPHOSATE<br>2,4-D<br>ETHEPHON<br>ATRAZINE<br>DICAMBA",443.4,48381,"Randall County, Texas(7)"
48383,48,383,Reagan County,Texas,1175.3085401544402,125825.7,107.05759015710548,464.5,"GLYPHOSATE<br>ETHEPHON<br>2,4-D<br>DICAMBA<br>DIMETHENAMID & DIMETHENAMID-P",464.5,48383,"Reagan County, Texas(7)"
48385,48,385,Real County,Texas,699.1563305019305,455,0.6507843527260226,495.1,"GLYPHOSATE<br>2,4-D<br>CHLORPYRIFOS<br>PICLORAM<br>FLUROXYPYR",495.1,48385,"Real County, Texas(7)"
48387,48,387,Red River County,Texas,1043.8908277992275,64689.3,61.969411242342815,473.7,"2,4-D<br>TRICLOPYR<br>PICLORAM<br>AMINOPYRALID<br>GLYPHOSATE",473.7,48387,"Red River County, Texas(7)"
48389,48,389,Reeves County,Texas,2635.3414351351353,1804,0.6845412802867019,374.4,"GLYPHOSATE<br>TRIFLURALIN<br>2,4-D<br>DICAMBA<br>METOLACHLOR & METOLACHLOR-S",374.4,48389,"Reeves County, Texas(7)"
48391,48,391,Refugio County,Texas,770.4809100386101,116368.3,151.0333331868905,409,GLYPHOSATE<br>ATRAZINE<br>METOLACHLOR & METOLACHLOR-S<br>PENDIMETHALIN<br>TRIFLURALIN,409,48391,"Refugio County, Texas(7)"
48393,48,393,Roberts County,Texas,924.0534525096524,12650.3,13.69000891197672,370.7,"GLYPHOSATE<br>2,4-D<br>ETHEPHON<br>DICAMBA<br>METOLACHLOR & METOLACHLOR-S",370.7,48393,"Roberts County, Texas(7)"
48395,48,395,Robertson County,Texas,855.1507081081081,157156.9,183.77684601078784,429.9,"GLYPHOSATE<br>ATRAZINE<br>METOLACHLOR & METOLACHLOR-S<br>2,4-D<br>TRICLOPYR",429.9,48395,"Robertson County, Texas(7)"
48397,48,397,Rockwall County,Texas,127.20943011583012,13054,102.61817844882825,429.7,"GLYPHOSATE<br>ATRAZINE<br>2,4-D<br>METOLACHLOR & METOLACHLOR-S<br>DICAMBA",429.7,48397,"Rockwall County, Texas(7)"
48399,48,399,Runnels County,Texas,1051.065374903475,196375.5,186.83471522219463,490,"GLYPHOSATE<br>2,4-D<br>DICAMBA<br>DIURON<br>CHLORPYRIFOS",490,48399,"Runnels County, Texas(7)"
48401,48,401,Rusk County,Texas,924.194291891892,27863,30.14842251726359,456.4,"2,4-D<br>TRICLOPYR<br>PICLORAM<br>AMINOPYRALID<br>GLYPHOSATE",456.4,48401,"Rusk County, Texas(7)"
48403,48,403,Sabine County,Texas,491.70788378378376,11123.9,22.62298483888344,473.5,"ATRAZINE<br>GLYPHOSATE<br>METOLACHLOR & METOLACHLOR-S<br>2,4-D<br>MANCOZEB",473.5,48403,"Sabine County, Texas(7)"
48405,48,405,San Augustine County,Texas,530.6565108108108,6057.9,11.415859179309605,432.2,"2,4-D<br>GLYPHOSATE<br>TRICLOPYR<br>DICAMBA<br>THIOPHANATE-METHYL",432.2,48405,"San Augustine County, Texas(7)"
48407,48,407,San Jacinto County,Texas,569.2403845559845,9864.8,17.329761323407652,474.4,"2,4-D<br>GLYPHOSATE<br>TRICLOPYR<br>DICAMBA<br>ETHEPHON",474.4,48407,"San Jacinto County, Texas(7)"
48409,48,409,San Patricio County,Texas,693.3179528957529,418761.1,603.9957544024031,444.1,GLYPHOSATE<br>PENDIMETHALIN<br>ATRAZINE<br>METOLACHLOR & METOLACHLOR-S<br>TRIFLURALIN,444.1,48409,"San Patricio County, Texas(7)"
48411,48,411,San Saba County,Texas,1135.3077845559849,13817.4,12.170620326895705,379.5,"GLYPHOSATE<br>2,4-D<br>CHLORPYRIFOS<br>ETHEPHON<br>PETROLEUM OIL",379.5,48411,"San Saba County, Texas(7)"
48413,48,413,Schleicher County,Texas,1310.6355474903476,43775.7,33.400360675264224,457.8,"GLYPHOSATE<br>ETHEPHON<br>2,4-D<br>ATRAZINE<br>DICAMBA",457.8,48413,"Schleicher County, Texas(7)"
48415,48,415,Scurry County,Texas,905.440337837838,145980.9,161.22641536889952,403.7,"GLYPHOSATE<br>DICAMBA<br>2,4-D<br>DIURON<br>PENDIMETHALIN",403.7,48415,"Scurry County, Texas(7)"
48417,48,417,Shackelford County,Texas,914.2815652509652,5601.0999999999995,6.126230925877335,400.1,"2,4-D<br>GLYPHOSATE<br>CHLORPYRIFOS<br>DICAMBA<br>TRICLOPYR",400.1,48417,"Shackelford County, Texas(7)"
48419,48,419,Shelby County,Texas,795.5855084942085,24234.5,30.461213460094612,415.1,"2,4-D<br>TRICLOPYR<br>PICLORAM<br>AMINOPYRALID<br>GLYPHOSATE",415.1,48419,"Shelby County, Texas(7)"
48421,48,421,Sherman County,Texas,922.8554467181468,406084.6,440.03056106361583,292.9,GLYPHOSATE<br>ATRAZINE<br>PROPARGITE<br>ETHEPHON<br>METOLACHLOR & METOLACHLOR-S,292.9,48421,"Sherman County, Texas(7)"
48423,48,423,Smith County,Texas,921.4810752895752,30200,32.77332634369041,469.3,"2,4-D<br>TRICLOPYR<br>PICLORAM<br>AMINOPYRALID<br>GLYPHOSATE",469.3,48423,"Smith County, Texas(7)"
48425,48,425,Somervell County,Texas,186.2064416988417,6710.1,36.03581024792087,458.9,MANCOZEB<br>GLYPHOSATE<br>CHLOROTHALONIL<br>PETROLEUM OIL<br>PENDIMETHALIN,458.9,48425,"Somervell County, Texas(7)"
48427,48,427,Starr County,Texas,1223.1734498069495,28137.6,23.00376941997955,389.4,GLYPHOSATE<br>TRICLOPYR<br>ATRAZINE<br>TRIFLURALIN<br>GLUFOSINATE,389.4,48427,"Starr County, Texas(7)"
48429,48,429,Stephens County,Texas,896.7170787644787,2653.7,2.959350349004549,423.5,"2,4-D<br>GLYPHOSATE<br>CHLORPYRIFOS<br>TRICLOPYR<br>DICAMBA",423.5,48429,"Stephens County, Texas(7)"
48431,48,431,Sterling County,Texas,923.4450849420848,4289.7,4.6453222502873945,511.7,"GLYPHOSATE<br>2,4-D<br>BROMOXYNIL<br>MCPA<br>PICLORAM",511.7,48431,"Sterling County, Texas(7)"
48433,48,433,Stonewall County,Texas,916.3083783783784,52896.4,57.72772709293844,621.1,"GLYPHOSATE<br>2,4-D<br>DICAMBA<br>DIURON<br>PARAQUAT",621.1,48433,"Stonewall County, Texas(7)"
48435,48,435,Sutton County,Texas,1453.9284845559846,698.6,0.4804913084933098,482.6,"2,4-D<br>GLYPHOSATE<br>CHLORPYRIFOS<br>PICLORAM<br>FLUROXYPYR",482.6,48435,"Sutton County, Texas(7)"
48437,48,437,Swisher County,Texas,890.1554837837838,467417.4,525.0963550919766,477.4,GLYPHOSATE<br>ETHEPHON<br>ACETOCHLOR<br>METOLACHLOR & METOLACHLOR-S<br>DIURON,477.4,48437,"Swisher County, Texas(7)"
48439,48,439,Tarrant County,Texas,865.3600961389961,11593.1,13.396850688777183,438.2,"2,4-D<br>GLYPHOSATE<br>DICAMBA<br>PICLORAM<br>CHLORPYRIFOS",438.2,48439,"Tarrant County, Texas(7)"
48441,48,441,Taylor County,Texas,915.5321486486488,63939.7,69.83883645634596,452.7,"GLYPHOSATE<br>2,4-D<br>DICAMBA<br>CHLORPYRIFOS<br>DIURON",452.7,48441,"Taylor County, Texas(7)"
48443,48,443,Terrell County,Texas,2357.9466374517374,242.3,0.10275889884508016,369.2,"GLYPHOSATE<br>2,4-D<br>DICAMBA<br>TRIFLURALIN<br>FLUMIOXAZIN",369.2,48443,"Terrell County, Texas(7)"
48445,48,445,Terry County,Texas,888.8467525096526,597772,672.5253800075153,390.6,GLYPHOSATE<br>TRIFLURALIN<br>ETHEPHON<br>SODIUM CHLORATE<br>DICAMBA,390.6,48445,"Terry County, Texas(7)"
48447,48,447,Throckmorton County,Texas,912.548047876448,8831.7,9.678065741910112,272.4,"CHLORPYRIFOS<br>GLYPHOSATE<br>2,4-D<br>DICAMBA<br>PROPICONAZOLE",272.4,48447,"Throckmorton County, Texas(7)"
48449,48,449,Titus County,Texas,406.300194980695,20753.8,51.07996564211863,448.2,"2,4-D<br>TRICLOPYR<br>GLYPHOSATE<br>PICLORAM<br>AMINOPYRALID",448.2,48449,"Titus County, Texas(7)"
48451,48,451,Tom Green County,Texas,1522.3131073359073,264378.7,173.6690689490748,459.6,"GLYPHOSATE<br>ETHEPHON<br>ATRAZINE<br>2,4-D<br>DICAMBA",459.6,48451,"Tom Green County, Texas(7)"
48453,48,453,Travis County,Texas,994.3082042471044,77539.4,77.98326481547363,419,"GLYPHOSATE<br>ATRAZINE<br>2,4-D<br>DIMETHENAMID & DIMETHENAMID-P<br>METOLACHLOR & METOLACHLOR-S",419,48453,"Travis County, Texas(7)"
48455,48,455,Trinity County,Texas,693.7917857142858,16927.6,24.39867457146725,469.2,"2,4-D<br>GLYPHOSATE<br>ATRAZINE<br>METOLACHLOR & METOLACHLOR-S<br>TRICLOPYR",469.2,48455,"Trinity County, Texas(7)"
48457,48,457,Tyler County,Texas,924.3855876447876,6358.3,6.878406678970524,464.7,"2,4-D<br>GLYPHOSATE<br>TRICLOPYR<br>MANCOZEB<br>DICAMBA",464.7,48457,"Tyler County, Texas(7)"
48459,48,459,Upshur County,Texas,582.9771648648649,20856.2,35.77532921865731,491.1,"2,4-D<br>TRICLOPYR<br>PICLORAM<br>AMINOPYRALID<br>DICAMBA",491.1,48459,"Upshur County, Texas(7)"
48461,48,461,Upton County,Texas,1241.316833976834,136822.8,110.22391403623988,404.2,"GLYPHOSATE<br>ETHEPHON<br>2,4-D<br>DICAMBA<br>DIMETHENAMID & DIMETHENAMID-P",404.2,48461,"Upton County, Texas(7)"
48463,48,463,Uvalde County,Texas,1551.9145683397685,100757.9,64.9249011869193,473.7,"GLYPHOSATE<br>ATRAZINE<br>ETHEPHON<br>2,4-D<br>DICAMBA",473.7,48463,"Uvalde County, Texas(7)"
48465,48,465,Val Verde County,Texas,3144.735120849421,1541.7,0.4902479670795208,430.3,"2,4-D<br>PETROLEUM OIL<br>GLYPHOSATE<br>PICLORAM<br>FLUROXYPYR",430.3,48465,"Val Verde County, Texas(7)"
48467,48,467,Van Zandt County,Texas,842.5682444015443,50780.6,60.268827287774435,463.3,"2,4-D<br>TRICLOPYR<br>PICLORAM<br>AMINOPYRALID<br>GLYPHOSATE",463.3,48467,"Van Zandt County, Texas(7)"
48469,48,469,Victoria County,Texas,882.0826193050193,106334.9,120.5498188863304,456.7,"GLYPHOSATE<br>2,4-D<br>ATRAZINE<br>ETHEPHON<br>METOLACHLOR & METOLACHLOR-S",456.7,48469,"Victoria County, Texas(7)"
48471,48,471,Walker County,Texas,784.2203150579151,31318.5,39.93584379115085,529.7,"2,4-D<br>GLYPHOSATE<br>TRICLOPYR<br>ATRAZINE<br>METOLACHLOR & METOLACHLOR-S",529.7,48471,"Walker County, Texas(7)"
48473,48,473,Waller County,Texas,513.2941725868726,129699.4,252.68044510684365,465.6,"ATRAZINE<br>GLYPHOSATE<br>METOLACHLOR & METOLACHLOR-S<br>2,4-D<br>MANCOZEB",465.6,48473,"Waller County, Texas(7)"
48475,48,475,Ward County,Texas,835.5988640926641,279.8,0.33484966534010446,395.8,"GLYPHOSATE<br>2,4-D<br>DICAMBA<br>TRIFLURALIN<br>FLUMIOXAZIN",395.8,48475,"Ward County, Texas(7)"
48477,48,477,Washington County,Texas,604.1915884169885,22460.9,37.17512860258227,420.1,"2,4-D<br>GLYPHOSATE<br>PICLORAM<br>TRICLOPYR<br>ACEPHATE",420.1,48477,"Washington County, Texas(7)"
48479,48,479,Webb County,Texas,3361.4824926640927,11330,3.3705366678916056,354.7,"2,4-D<br>CLOPYRALID<br>PICLORAM<br>AMINOPYRALID<br>AZOXYSTROBIN",354.7,48479,"Webb County, Texas(7)"
48481,48,481,Wharton County,Texas,1086.1386077220077,394656.3,363.3572153628945,422.9,"GLYPHOSATE<br>2,4-D<br>ETHEPHON<br>METOLACHLOR & METOLACHLOR-S<br>PROPANIL",422.9,48481,"Wharton County, Texas(7)"
48483,48,483,Wheeler County,Texas,914.5286613899614,21651,23.674490384033863,447.6,"GLYPHOSATE<br>DICAMBA<br>ETHEPHON<br>2,4-D<br>ATRAZINE",447.6,48483,"Wheeler County, Texas(7)"
48485,48,485,Wichita County,Texas,627.5900405405405,34567.299999999996,55.07942728062946,494.9,"GLYPHOSATE<br>DICAMBA<br>2,4-D<br>ETHEPHON<br>TRIBUFOS",494.9,48485,"Wichita County, Texas(7)"
48487,48,487,Wilbarger County,Texas,970.9413525096523,75081.90000000001,77.32897543804388,415.7,"GLYPHOSATE<br>DICAMBA<br>2,4-D<br>ETHEPHON<br>TRIBUFOS",415.7,48487,"Wilbarger County, Texas(7)"
48489,48,489,Willacy County,Texas,590.610311969112,111704.5,189.13401567198164,334,GLYPHOSATE<br>GLUFOSINATE<br>TRIFLURALIN<br>ACEPHATE<br>ATRAZINE,334,48489,"Willacy County, Texas(7)"
48491,48,491,Williamson County,Texas,1115.8417413127413,183228.2,164.2062608129713,445.1,"GLYPHOSATE<br>ATRAZINE<br>2,4-D<br>DICAMBA<br>METOLACHLOR & METOLACHLOR-S",445.1,48491,"Williamson County, Texas(7)"
48493,48,493,Wilson County,Texas,803.7314104247105,61702.5,76.77004929718369,421.2,"2,4-D<br>GLYPHOSATE<br>ATRAZINE<br>DIMETHENAMID & DIMETHENAMID-P<br>METOLACHLOR & METOLACHLOR-S",421.2,48493,"Wilson County, Texas(7)"
48495,48,495,Winkler County,Texas,841.2649285714285,51,0.06062299552485123,357,"GLYPHOSATE<br>TRIFLURALIN<br>2,4-D<br>AMINOPYRALID<br>ATRAZINE",357,48495,"Winkler County, Texas(7)"
48497,48,497,Wise County,Texas,904.4498586872588,16566.4,18.31654882896979,484.7,"MANCOZEB<br>PETROLEUM OIL<br>GLYPHOSATE<br>CHLOROTHALONIL<br>2,4-D",484.7,48497,"Wise County, Texas(7)"
48499,48,499,Wood County,Texas,645.2405536679537,27144.8,42.069271445652106,480.5,"2,4-D<br>TRICLOPYR<br>GLYPHOSATE<br>PICLORAM<br>AMINOPYRALID",480.5,48499,"Wood County, Texas(7)"
48501,48,501,Yoakum County,Texas,799.7113810810811,316113.5,395.28448322526737,451.5,GLYPHOSATE<br>TRIFLURALIN<br>ETHEPHON<br>SODIUM CHLORATE<br>BACILLUS AMYLOLIQUEFACIEN,451.5,48501,"Yoakum County, Texas(7)"
48503,48,503,Young County,Texas,914.4941150579152,16231.4,17.749048061366757,468.2,"GLYPHOSATE<br>CHLORPYRIFOS<br>MANCOZEB<br>2,4-D<br>CHLOROTHALONIL",468.2,48503,"Young County, Texas(7)"
48505,48,505,Zapata County,Texas,998.4077382239382,10204.5,10.220774147997618,365.7,"GLYPHOSATE<br>2,4-D<br>ETHEPHON<br>TRIBUFOS<br>GLUFOSINATE",365.7,48505,"Zapata County, Texas(7)"
48507,48,507,Zavala County,Texas,1297.4011111969112,47938.6,36.94971399845224,463.9,"GLYPHOSATE<br>2,4-D<br>ETHEPHON<br>TRIBUFOS<br>GLUFOSINATE",463.9,48507,"Zavala County, Texas(7)"
49001,49,001,Beaver County,Utah,2582.899756370656,8405.6,3.254326839153476,451.2,GLYPHOSATE<br>CHLORPYRIFOS<br>ATRAZINE<br>DIMETHOATE<br>HEXAZINONE,451.2,49001,"Beaver County, Utah(7)"
49003,49,003,Box Elder County,Utah,5781.276954826255,59179.4,10.23638903003887,406.4,"GLYPHOSATE<br>2,4-D<br>ACETOCHLOR<br>MCPA<br>HEXAZINONE",406.4,49003,"Box Elder County, Utah(7)"
49005,49,005,Cache County,Utah,1164.6814934362935,38342.8,32.92127522939584,431.1,"GLYPHOSATE<br>HEXAZINONE<br>ACETOCHLOR<br>CHLORPYRIFOS<br>2,4-D",431.1,49005,"Cache County, Utah(7)"
49007,49,007,Carbon County,Utah,1479.3364683397683,1820.2,1.2304165002048362,449.4,GLYPHOSATE<br>CHLOROPICRIN<br>HEXAZINONE<br>CHLORPYRIFOS<br>METOLACHLOR & METOLACHLOR-S,449.4,49007,"Carbon County, Utah(7)"
49009,49,009,Daggett County,Utah,696.5119374517375,359,0.5154254804496811,456.7,GLYPHOSATE<br>HEXAZINONE<br>CHLORPYRIFOS<br>ZETA-CYPERMETHRIN<br>CYHALOTHRIN-LAMBDA,456.7,49009,"Daggett County, Utah(7)"
49011,49,011,Davis County,Utah,324.7517501930502,2629.7000000000003,8.097569908204537,428,"GLYPHOSATE<br>METAM POTASSIUM<br>METAM<br>2,4-D<br>HEXAZINONE",428,49011,"Davis County, Utah(7)"
49013,49,013,Duchesne County,Utah,3235.507943243243,10485.4,3.2407276334761628,475,GLYPHOSATE<br>METOLACHLOR & METOLACHLOR-S<br>ATRAZINE<br>CHLORPYRIFOS<br>HEXAZINONE,475,49013,"Duchesne County, Utah(7)"
49015,49,015,Emery County,Utah,4462.614660617761,2580.7999999999997,0.578315672821892,368.5,GLYPHOSATE<br>HEXAZINONE<br>CHLORPYRIFOS<br>METOLACHLOR & METOLACHLOR-S<br>MCPA,368.5,49015,"Emery County, Utah(7)"
49017,49,017,Garfield County,Utah,5179.531545559846,1677.8,0.3239289084817515,386.6,CHLORPYRIFOS<br>DIMETHOATE<br>HEXAZINONE<br>GLYPHOSATE<br>PETROLEUM OIL,386.6,49017,"Garfield County, Utah(7)"
49019,49,019,Grand County,Utah,3672.8406737451737,1754.2,0.47761396581661486,377.3,GLYPHOSATE<br>CHLORPYRIFOS<br>HEXAZINONE<br>METOLACHLOR & METOLACHLOR-S<br>ATRAZINE,377.3,49019,"Grand County, Utah(7)"
49021,49,021,Iron County,Utah,3296.151523552124,11713.9,3.553811138929809,419.2,CHLORPYRIFOS<br>GLYPHOSATE<br>DIMETHOATE<br>ATRAZINE<br>HEXAZINONE,419.2,49021,"Iron County, Utah(7)"
49023,49,023,Juab County,Utah,3391.796657142857,9698.5,2.8593990089517076,446.8,"GLYPHOSATE<br>CHLORPYRIFOS<br>2,4-D<br>DICAMBA<br>CLETHODIM",446.8,49023,"Juab County, Utah(7)"
49025,49,025,Kane County,Utah,3994.1218583011582,402.7,0.1008231632099684,471,"CHLORPYRIFOS<br>DIMETHOATE<br>HEXAZINONE<br>2,4-D<br>GLYPHOSATE",471,49025,"Kane County, Utah(7)"
49027,49,027,Millard County,Utah,6785.450203474904,37074.9,5.46388211367516,392.9,"GLYPHOSATE<br>CHLORPYRIFOS<br>2,4-D<br>ATRAZINE<br>CLETHODIM",392.9,49027,"Millard County, Utah(7)"
49029,49,029,Morgan County,Utah,609.1946285714286,4288.2,7.039129694980896,412.3,"GLYPHOSATE<br>2,4-D<br>HEXAZINONE<br>CHLORPYRIFOS<br>ACETOCHLOR",412.3,49029,"Morgan County, Utah(7)"
49031,49,031,Piute County,Utah,758.2061096525097,1606.1,2.118289446040055,348.8,"GLYPHOSATE<br>CHLORPYRIFOS<br>DIMETHOATE<br>2,4-D<br>HEXAZINONE",348.8,49031,"Piute County, Utah(7)"
49033,49,033,Rich County,Utah,1028.7535876447876,4763,4.629874497841935,350.7,"GLYPHOSATE<br>HEXAZINONE<br>2,4-D<br>CHLORPYRIFOS<br>TEBUTHIURON",350.7,49033,"Rich County, Utah(7)"
49035,49,035,Salt Lake County,Utah,752.848054054054,3050.8,4.052344936765891,405.3,"GLYPHOSATE<br>2,4-D<br>MCPA<br>METAM POTASSIUM<br>METAM",405.3,49035,"Salt Lake County, Utah(7)"
49037,49,037,San Juan County,Utah,7823.728886100386,10998.5,1.4057874653018592,345,GLYPHOSATE<br>MCPA<br>METAM<br>FLUROXYPYR<br>METAM POTASSIUM,345,49037,"San Juan County, Utah(7)"
49039,49,039,Sanpete County,Utah,1589.8091034749034,17326.9,10.898729892870763,386.2,"CHLORPYRIFOS<br>GLYPHOSATE<br>CLETHODIM<br>2,4-D<br>DIMETHOATE",386.2,49039,"Sanpete County, Utah(7)"
49041,49,041,Sevier County,Utah,1910.467161003861,17050.4,8.92472812306327,407.3,GLYPHOSATE<br>CHLORPYRIFOS<br>ATRAZINE<br>CLETHODIM<br>METAM,407.3,49041,"Sevier County, Utah(7)"
49043,49,043,Summit County,Utah,1870.6653907335908,3407.4,1.8214909073951333,466.8,METAM<br>METAM POTASSIUM<br>DICHLOROPROPENE<br>GLYPHOSATE<br>HEXAZINONE,466.8,49043,"Summit County, Utah(7)"
49045,49,045,Tooele County,Utah,7040.2379416988415,6841.3,0.9717427246996092,441.4,"GLYPHOSATE<br>2,4-D<br>METAM POTASSIUM<br>HEXAZINONE<br>METAM",441.4,49045,"Tooele County, Utah(7)"
49047,49,047,Uintah County,Utah,4482.860074517374,8838.8,1.971687684441408,369.2,GLYPHOSATE<br>HEXAZINONE<br>CHLORPYRIFOS<br>METOLACHLOR & METOLACHLOR-S<br>ATRAZINE,369.2,49047,"Uintah County, Utah(7)"
49049,49,049,Utah County,Utah,2004.4508567567568,47734.9,23.814452641276556,393,"PETROLEUM OIL<br>GLYPHOSATE<br>CHLORPYRIFOS<br>2,4-D<br>ATRAZINE",393,49049,"Utah County, Utah(7)"
49051,49,051,Wasatch County,Utah,1176.9463760617762,3707.2,3.149846140318473,407.2,METAM<br>METAM POTASSIUM<br>GLYPHOSATE<br>DICHLOROPROPENE<br>SULFURIC ACID,407.2,49051,"Wasatch County, Utah(7)"
49053,49,053,Washington County,Utah,2427.57758996139,2033.1,0.8375015523323956,433.9,"GLYPHOSATE<br>CHLORPYRIFOS<br>2,4-D<br>DIMETHOATE<br>ATRAZINE",433.9,49053,"Washington County, Utah(7)"
49055,49,055,Wayne County,Utah,2461.082303861004,1632,0.6631228859919392,412.6,CHLORPYRIFOS<br>DIMETHOATE<br>HEXAZINONE<br>GLYPHOSATE<br>PETROLEUM OIL,412.6,49055,"Wayne County, Utah(7)"
49057,49,057,Weber County,Utah,611.0198606177606,7780,12.732810341277894,421.7,GLYPHOSATE<br>ACETOCHLOR<br>HEXAZINONE<br>CHLORPYRIFOS<br>ATRAZINE,421.7,49057,"Weber County, Utah(7)"
50001,50,001,Addison County,Vermont,766.3277664092664,52986.6,69.14352098746984,423.2,METOLACHLOR & METOLACHLOR-S<br>ATRAZINE<br>GLYPHOSATE<br>PETROLEUM OIL<br>CAPTAN,423.2,50001,"Addison County, Vermont(6)"
50003,50,003,Bennington County,Vermont,674.2341281853281,7798,11.565715341328062,445.9,PETROLEUM OIL<br>CAPTAN<br>METOLACHLOR & METOLACHLOR-S<br>PHOSMET<br>ATRAZINE,445.9,50003,"Bennington County, Vermont(6)"
50005,50,005,Caledonia County,Vermont,649.2101007722008,7100.2,10.93667518659166,453.6,"METOLACHLOR & METOLACHLOR-S<br>ATRAZINE<br>GLYPHOSATE<br>2,4-D<br>PENDIMETHALIN",453.6,50005,"Caledonia County, Vermont(6)"
50007,50,007,Chittenden County,Vermont,536.8468884169885,8180.2,15.23749168803255,448.8,"METOLACHLOR & METOLACHLOR-S<br>ATRAZINE<br>GLYPHOSATE<br>2,4-D<br>PENDIMETHALIN",448.8,50007,"Chittenden County, Vermont(6)"
50009,50,009,Essex County,Vermont,662.3670370656371,2895.2,4.370990459951136,425.9,"METOLACHLOR & METOLACHLOR-S<br>ATRAZINE<br>GLYPHOSATE<br>2,4-D<br>PENDIMETHALIN",425.9,50009,"Essex County, Vermont(6)"
50011,50,011,Franklin County,Vermont,630.9579274131274,42357.2,67.13157590976127,445.4,"METOLACHLOR & METOLACHLOR-S<br>ATRAZINE<br>GLYPHOSATE<br>2,4-D<br>PENDIMETHALIN",445.4,50011,"Franklin County, Vermont(6)"
50013,50,013,Grand Isle County,Vermont,81.76924671814672,5431.6,66.425951295875,542.6,"METOLACHLOR & METOLACHLOR-S<br>ATRAZINE<br>GLYPHOSATE<br>2,4-D<br>PETROLEUM OIL",542.6,50013,"Grand Isle County, Vermont(6)"
50015,50,015,Lamoille County,Vermont,461.25249382239383,9171.3,19.88346973259168,435.7,PETROLEUM OIL<br>CAPTAN<br>METOLACHLOR & METOLACHLOR-S<br>ATRAZINE<br>GLYPHOSATE,435.7,50015,"Lamoille County, Vermont(6)"
50017,50,017,Orange County,Vermont,687.0051505791506,9045.3,13.16627683558812,433.2,"METOLACHLOR & METOLACHLOR-S<br>ATRAZINE<br>GLYPHOSATE<br>2,4-D<br>PENDIMETHALIN",433.2,50017,"Orange County, Vermont(6)"
50019,50,019,Orleans County,Vermont,694.5485343629343,25188.7,36.26629206424575,457,"METOLACHLOR & METOLACHLOR-S<br>ATRAZINE<br>GLYPHOSATE<br>2,4-D<br>PENDIMETHALIN",457,50019,"Orleans County, Vermont(6)"
50021,50,021,Rutland County,Vermont,930.5472888030888,10256.7,11.022223290976028,469.6,"METOLACHLOR & METOLACHLOR-S<br>ATRAZINE<br>GLYPHOSATE<br>2,4-D<br>PENDIMETHALIN",469.6,50021,"Rutland County, Vermont(6)"
50023,50,023,Washington County,Vermont,687.0567826254826,5011.3,7.293865844464969,448,"METOLACHLOR & METOLACHLOR-S<br>ATRAZINE<br>GLYPHOSATE<br>2,4-D<br>PENDIMETHALIN",448,50023,"Washington County, Vermont(6)"
50025,50,025,Windham County,Vermont,785.954933976834,9296.1,11.827777392989816,438.9,PETROLEUM OIL<br>CAPTAN<br>METOLACHLOR & METOLACHLOR-S<br>ATRAZINE<br>GLYPHOSATE,438.9,50025,"Windham County, Vermont(6)"
50027,50,027,Windsor County,Vermont,969.1397571428572,7001.2,7.224138673910557,442.3,"PETROLEUM OIL<br>CAPTAN<br>METOLACHLOR & METOLACHLOR-S<br>2,4-D<br>ATRAZINE",442.3,50027,"Windsor County, Vermont(6)"
51001,51,001,Accomack County,Virginia,449.300583011583,100681.7,224.085398076157,383.2,"GLYPHOSATE<br>ATRAZINE<br>METOLACHLOR & METOLACHLOR-S<br>SIMAZINE<br>2,4-D",383.2,51001,"Accomack County, Virginia(6)"
51003,51,003,Albemarle County,Virginia,720.4738042471042,8837.3,12.2659560249175,389.2,"GLYPHOSATE<br>2,4-D<br>TRICLOPYR<br>PETROLEUM OIL<br>MANCOZEB",389.2,51003,"Albemarle County, Virginia(6)"
51005,51,005,Alleghany County,Virginia,446.5701138996139,968,2.167632740908408,444,ATRAZINE<br>GLYPHOSATE<br>METOLACHLOR & METOLACHLOR-S<br>SIMAZINE<br>PARAQUAT,444,51005,"Alleghany County and Clifton Forge City, Virginia(6)"
51007,51,007,Amelia County,Virginia,355.35882007722006,22362.9,62.93047684911972,541.1,GLYPHOSATE<br>CHLOROPICRIN<br>DICHLOROPROPENE<br>DECAN-1-OL<br>PETROLEUM OIL,541.1,51007,"Amelia County, Virginia(6)"
51009,51,009,Amherst County,Virginia,473.95931737451735,3830.7,8.082339263251626,446.5,"PETROLEUM OIL<br>GLYPHOSATE<br>2,4-D<br>MANCOZEB<br>TRICLOPYR",446.5,51009,"Amherst County, Virginia(6)"
51011,51,011,Appomattox County,Virginia,334.2221185328185,9801,29.324809629670284,377.2,"GLYPHOSATE<br>CHLOROPICRIN<br>DICHLOROPROPENE<br>PETROLEUM OIL<br>2,4-D",377.2,51011,"Appomattox County, Virginia(6)"
51013,51,013,Arlington County,Virginia,25.99729382239382,NA,NA,318.7,NA,318.7,51013,"Arlington County, Virginia(6)"
51015,51,015,Augusta County,Virginia,967.0690590733592,29013.1,30.001063241336883,452.7,ATRAZINE<br>GLYPHOSATE<br>METOLACHLOR & METOLACHLOR-S<br>SIMAZINE<br>PARAQUAT,452.7,51015,"Augusta County, Virginia(6)"
51017,51,017,Bath County,Virginia,529.1992447876448,3496.4,6.60696332135361,515.5,ATRAZINE<br>GLYPHOSATE<br>PETROLEUM OIL<br>METOLACHLOR & METOLACHLOR-S<br>SIMAZINE,515.5,51017,"Bath County, Virginia(6)"
51019,51,019,Bedford County,Virginia,760.1124749034749,8083.8,10.635005037940662,425.5,"GLYPHOSATE<br>2,4-D<br>TRICLOPYR<br>PETROLEUM OIL<br>PENDIMETHALIN",425.5,51917,"Bedford City and County, Virginia(6)"
51021,51,021,Bland County,Virginia,357.6434613899614,1931.7,5.401189196896137,438,"GLYPHOSATE<br>2,4-D<br>ATRAZINE<br>SIMAZINE<br>TRICLOPYR",438,51021,"Bland County, Virginia(6)"
51023,51,023,Botetourt County,Virginia,541.2737347490347,4656.1,8.60211700861272,451.4,GLYPHOSATE<br>ATRAZINE<br>METOLACHLOR & METOLACHLOR-S<br>SIMAZINE<br>PETROLEUM OIL,451.4,51023,"Botetourt County, Virginia(6)"
51025,51,025,Brunswick County,Virginia,566.348505019305,85269.7,150.56047512139796,512.6,CHLOROPICRIN<br>DECAN-1-OL<br>GLYPHOSATE<br>DICHLOROPROPENE<br>METOLACHLOR & METOLACHLOR-S,512.6,51025,"Brunswick County, Virginia(6)"
51027,51,027,Buchanan County,Virginia,502.85241853281855,818.1,1.6269186939320783,305.5,"GLYPHOSATE<br>SULFUR<br>ATRAZINE<br>SIMAZINE<br>2,4-D",305.5,51027,"Buchanan County, Virginia(6)"
51029,51,029,Buckingham County,Virginia,579.6198621621621,5197,8.966221379325367,441.9,"GLYPHOSATE<br>2,4-D<br>TRICLOPYR<br>PENDIMETHALIN<br>PARAQUAT",441.9,51029,"Buckingham County, Virginia(6)"
51031,51,031,Campbell County,Virginia,503.2551413127414,9306,18.491614364287056,425.7,"GLYPHOSATE<br>2,4-D<br>TRICLOPYR<br>PENDIMETHALIN<br>CHLOROPICRIN",425.7,51031,"Campbell County, Virginia(6)"
51033,51,033,Caroline County,Virginia,527.3628644787644,31123.800000000003,59.01780746500265,465.8,"GLYPHOSATE<br>PENDIMETHALIN<br>PARAQUAT<br>2,4-D<br>AZOXYSTROBIN",465.8,51033,"Caroline County, Virginia(6)"
51035,51,035,Carroll County,Virginia,474.7397413127414,15677.2,33.022725160210314,412,MANCOZEB<br>CHLOROTHALONIL<br>GLYPHOSATE<br>CAPTAN<br>SULFUR,412,51035,"Carroll County, Virginia(6)"
51036,51,036,Charles City County,Virginia,182.90021235521235,34953.3,191.10584700753023,484.5,"GLYPHOSATE<br>ATRAZINE<br>METOLACHLOR & METOLACHLOR-S<br>SIMAZINE<br>2,4-D",484.5,51036,"Charles City County, Virginia(6)"
51037,51,037,Charlotte County,Virginia,475.2934806949807,25388.3,53.416049306792246,454.6,"GLYPHOSATE<br>METOLACHLOR & METOLACHLOR-S<br>ATRAZINE<br>2,4-D<br>GLUFOSINATE",454.6,51037,"Charlotte County, Virginia(6)"
51041,51,041,Chesterfield County,Virginia,423.50369575289574,1731.1999999999998,4.087803760300863,443.2,"GLYPHOSATE<br>PARAQUAT<br>2,4-D<br>ATRAZINE<br>PENDIMETHALIN",443.2,51041,"Chesterfield County, Virginia(6)"
51043,51,043,Clarke County,Virginia,175.9574247104247,13010.6,73.94175051954588,350,"2,4-D<br>GLYPHOSATE<br>ATRAZINE<br>ZIRAM<br>PETROLEUM OIL",350,51043,"Clarke County, Virginia(6)"
51045,51,045,Craig County,Virginia,328.09669536679536,1600.4,4.877830293934642,461.6,GLYPHOSATE<br>ATRAZINE<br>METOLACHLOR & METOLACHLOR-S<br>SIMAZINE<br>SULFUR,461.6,51045,"Craig County, Virginia(6)"
51047,51,047,Culpeper County,Virginia,379.17732432432433,24087.4,63.52542321174555,460.3,"GLYPHOSATE<br>2,4-D<br>CHLOROTHALONIL<br>ATRAZINE<br>METOLACHLOR & METOLACHLOR-S",460.3,51047,"Culpeper County, Virginia(6)"
51049,51,049,Cumberland County,Virginia,297.4727077220077,3540.4,11.901596039219006,425.5,"GLYPHOSATE<br>2,4-D<br>CHLOROPICRIN<br>TRICLOPYR<br>DICHLOROPROPENE",425.5,51049,"Cumberland County, Virginia(6)"
51051,51,051,Dickenson County,Virginia,330.4408918918919,1008.6,3.0522856727126157,367.3,"GLYPHOSATE<br>ATRAZINE<br>SIMAZINE<br>2,4-D<br>METOLACHLOR & METOLACHLOR-S",367.3,51051,"Dickenson County, Virginia(6)"
51053,51,053,Dinwiddie County,Virginia,503.82376138996136,90886.1,180.39264315216337,489.4,CHLOROPICRIN<br>GLYPHOSATE<br>DICHLOROPROPENE<br>DECAN-1-OL<br>METOLACHLOR & METOLACHLOR-S,489.4,51053,"Dinwiddie County, Virginia(6)"
51057,51,057,Essex County,Virginia,257.3528505791506,70795.6,275.09157112765826,565.6,"GLYPHOSATE<br>ATRAZINE<br>METOLACHLOR & METOLACHLOR-S<br>SIMAZINE<br>2,4-D",565.6,51057,"Essex County, Virginia(6)"
51059,51,059,Fairfax County,Virginia,391.01865173745176,549.4,1.405048064993311,337.1,"2,4-D<br>SULFUR<br>CHLOROTHALONIL<br>ZIRAM<br>PETROLEUM OIL",337.1,51059,"Fairfax County, Virginia(6)"
51061,51,061,Fauquier County,Virginia,647.9909328185328,28099.6,43.36418702307549,375,"2,4-D<br>GLYPHOSATE<br>CHLOROTHALONIL<br>ATRAZINE<br>METOLACHLOR & METOLACHLOR-S",375,51061,"Fauquier County, Virginia(6)"
51063,51,063,Floyd County,Virginia,380.9210903474903,6311.1,16.56799835956256,446.1,"GLYPHOSATE<br>2,4-D<br>PETROLEUM OIL<br>ATRAZINE<br>ZIRAM",446.1,51063,"Floyd County, Virginia(6)"
51065,51,065,Fluvanna County,Virginia,287.11598648648646,3323.6,11.575809625481895,447.8,"PETROLEUM OIL<br>GLYPHOSATE<br>MANCOZEB<br>CAPTAN<br>2,4-D",447.8,51065,"Fluvanna County, Virginia(6)"
51067,51,067,Franklin County,Virginia,690.6075583011583,50094.4,72.53670973892667,451.3,"GLYPHOSATE<br>ATRAZINE<br>METOLACHLOR & METOLACHLOR-S<br>2,4-D<br>CHLOROPICRIN",451.3,51067,"Franklin County, Virginia(6)"
51069,51,069,Frederick County,Virginia,413.1328359073359,143482.19999999998,347.30282255313756,396.2,"ZIRAM<br>PETROLEUM OIL<br>MANCOZEB<br>CAPTAN<br>2,4-D",396.2,51069,"Frederick County, Virginia(6)"
51071,51,071,Giles County,Virginia,357.2228725868726,1359.2,3.804907536175355,500.1,"GLYPHOSATE<br>2,4-D<br>ATRAZINE<br>TRICLOPYR<br>SIMAZINE",500.1,51071,"Giles County, Virginia(6)"
51073,51,073,Gloucester County,Virginia,217.80877104247105,23437.7,107.60677766934292,453.1,"GLYPHOSATE<br>ATRAZINE<br>METOLACHLOR & METOLACHLOR-S<br>SIMAZINE<br>2,4-D",453.1,51073,"Gloucester County, Virginia(6)"
51075,51,075,Goochland County,Virginia,282.09924787644786,8947.1,31.716142695703315,505.7,"GLYPHOSATE<br>PETROLEUM OIL<br>PENDIMETHALIN<br>MANCOZEB<br>2,4-D",505.7,51075,"Goochland County, Virginia(6)"
51077,51,077,Grayson County,Virginia,441.7832992277992,7553.6,17.09797544000208,437.9,"GLYPHOSATE<br>MANCOZEB<br>2,4-D<br>ATRAZINE<br>CHLOROTHALONIL",437.9,51077,"Grayson County, Virginia(6)"
51079,51,079,Greene County,Virginia,155.94630154440154,942.4,6.043105804158342,419,"GLYPHOSATE<br>2,4-D<br>TRICLOPYR<br>ATRAZINE<br>PARAQUAT",419,51079,"Greene County, Virginia(6)"
51081,51,081,Greensville County,Virginia,295.3760030888031,109162.1,369.56996796784824,489.7,DICHLOROPROPENE<br>GLYPHOSATE<br>CHLOROPICRIN<br>ETHEPHON<br>METOLACHLOR & METOLACHLOR-S,489.7,51081,"Greensville County, Virginia(6)"
51083,51,083,Halifax County,Virginia,817.7273077220077,48468.9,59.27269340560821,417.1,"GLYPHOSATE<br>ATRAZINE<br>METOLACHLOR & METOLACHLOR-S<br>CHLOROPICRIN<br>2,4-D",417.1,51083,"Halifax County with South Boston City, Virginia(6)"
51085,51,085,Hanover County,Virginia,467.5713096525096,30060.2,64.29008662302267,432.9,"GLYPHOSATE<br>PENDIMETHALIN<br>PARAQUAT<br>2,4-D<br>PETROLEUM OIL",432.9,51085,"Hanover County, Virginia(6)"
51087,51,087,Henrico County,Virginia,233.69759034749035,4244.5,18.16236099691381,454.2,"GLYPHOSATE<br>PENDIMETHALIN<br>PARAQUAT<br>2,4-D<br>AZOXYSTROBIN",454.2,51087,"Henrico County, Virginia(6)"
51089,51,089,Henry County,Virginia,382.349276061776,7777.8,20.342133454813563,407.8,"GLYPHOSATE<br>2,4-D<br>ATRAZINE<br>CHLOROPICRIN<br>PETROLEUM OIL",407.8,51089,"Henry County, Virginia(6)"
51091,51,091,Highland County,Virginia,415.1609664092664,2455.1,5.913609897467476,408.8,GLYPHOSATE<br>ATRAZINE<br>METOLACHLOR & METOLACHLOR-S<br>SIMAZINE<br>SULFUR,408.8,51091,"Highland County, Virginia(6)"
51093,51,093,Isle of Wight County,Virginia,315.6839637065637,149154.6,472.4807628766439,453.7,DICHLOROPROPENE<br>GLYPHOSATE<br>METOLACHLOR & METOLACHLOR-S<br>ATRAZINE<br>ETHEPHON,453.7,51093,"Isle of Wight County, Virginia(6)"
51095,51,095,James City County,Virginia,142.29756216216217,3296.6,23.16694643189458,413.7,GLYPHOSATE<br>PETROLEUM OIL<br>MANCOZEB<br>ZIRAM<br>ATRAZINE,413.7,51095,"James City County, Virginia(6)"
51097,51,097,King and Queen County,Virginia,315.12943976833975,55964.7,177.59273789570778,464.1,"GLYPHOSATE<br>ATRAZINE<br>METOLACHLOR & METOLACHLOR-S<br>SIMAZINE<br>2,4-D",464.1,51097,"King and Queen County, Virginia(6)"
51099,51,099,King George County,Virginia,179.6270413127413,16977.6,94.51583612314246,471.5,"GLYPHOSATE<br>ATRAZINE<br>METOLACHLOR & METOLACHLOR-S<br>2,4-D<br>SIMAZINE",471.5,51099,"King George County, Virginia(6)"
51101,51,101,King William County,Virginia,273.90920772200775,55983,204.3852430722866,450.7,"GLYPHOSATE<br>ATRAZINE<br>METOLACHLOR & METOLACHLOR-S<br>SIMAZINE<br>2,4-D",450.7,51101,"King William County, Virginia(6)"
51103,51,103,Lancaster County,Virginia,133.30558996138996,21106.6,158.33244506935696,537.4,"GLYPHOSATE<br>ATRAZINE<br>METOLACHLOR & METOLACHLOR-S<br>SIMAZINE<br>2,4-D",537.4,51103,"Lancaster County, Virginia(6)"
51105,51,105,Lee County,Virginia,435.3756166023166,4647.7,10.675149968826412,311.7,"GLYPHOSATE<br>2,4-D<br>ATRAZINE<br>SIMAZINE<br>PETROLEUM OIL",311.7,51105,"Lee County, Virginia(6)"
51107,51,107,Loudoun County,Virginia,515.7350034749035,21573.9,41.83136660230552,368.6,"GLYPHOSATE<br>2,4-D<br>ATRAZINE<br>CHLOROTHALONIL<br>METOLACHLOR & METOLACHLOR-S",368.6,51107,"Loudoun County, Virginia(6)"
51109,51,109,Louisa County,Virginia,495.0041764478764,8549.8,17.27217750232515,447.8,"GLYPHOSATE<br>2,4-D<br>PARAQUAT<br>TRICLOPYR<br>PENDIMETHALIN",447.8,51109,"Louisa County, Virginia(6)"
51111,51,111,Lunenburg County,Virginia,431.6979567567567,32780,75.932719826307,483.6,GLYPHOSATE<br>CHLOROPICRIN<br>ATRAZINE<br>METOLACHLOR & METOLACHLOR-S<br>FATTY ALCOHOLS,483.6,51111,"Lunenburg County, Virginia(6)"
51113,51,113,Madison County,Virginia,320.6372586872587,16256.4,50.70028376164503,402.3,"GLYPHOSATE<br>2,4-D<br>CHLOROTHALONIL<br>ATRAZINE<br>METOLACHLOR & METOLACHLOR-S",402.3,51113,"Madison County, Virginia(6)"
51115,51,115,Mathews County,Virginia,85.91044671814672,5965.6,69.43975066934318,560.8,"GLYPHOSATE<br>ATRAZINE<br>METOLACHLOR & METOLACHLOR-S<br>SIMAZINE<br>2,4-D",560.8,51115,"Mathews County, Virginia(6)"
51117,51,117,Mecklenburg County,Virginia,625.3067061776062,147861.2,236.46188108848287,486.8,"CHLOROPICRIN<br>DECAN-1-OL<br>GLYPHOSATE<br>DICHLOROPROPENE<br>2,4-D",486.8,51117,"Mecklenburg County, Virginia(6)"
51119,51,119,Middlesex County,Virginia,130.3297861003861,28051.2,215.23245636568188,448.3,"GLYPHOSATE<br>ATRAZINE<br>METOLACHLOR & METOLACHLOR-S<br>SIMAZINE<br>2,4-D",448.3,51119,"Middlesex County, Virginia(6)"
51121,51,121,Montgomery County,Virginia,386.8466552123552,8376.4,21.653024233599403,383,"GLYPHOSATE<br>ATRAZINE<br>2,4-D<br>SIMAZINE<br>METOLACHLOR & METOLACHLOR-S",383,51121,"Montgomery County, Virginia(6)"
51125,51,125,Nelson County,Virginia,470.7430656370656,17536,37.25174363698421,412.7,PETROLEUM OIL<br>MANCOZEB<br>CAPTAN<br>ZIRAM<br>PHOSMET,412.7,51125,"Nelson County, Virginia(6)"
51127,51,127,New Kent County,Virginia,210.03047876447877,19108.9,90.98155711689868,504.8,"GLYPHOSATE<br>ATRAZINE<br>METOLACHLOR & METOLACHLOR-S<br>SIMAZINE<br>2,4-D",504.8,51127,"New Kent County, Virginia(6)"
51131,51,131,Northampton County,Virginia,211.7108250965251,47790.5,225.73479640547868,506,"GLYPHOSATE<br>ATRAZINE<br>METOLACHLOR & METOLACHLOR-S<br>2,4-D<br>SIMAZINE",506,51131,"Northampton County, Virginia(6)"
51133,51,133,Northumberland County,Virginia,191.4317254826255,58346.3,304.78908265022955,404.4,"GLYPHOSATE<br>ATRAZINE<br>METOLACHLOR & METOLACHLOR-S<br>SIMAZINE<br>2,4-D",404.4,51133,"Northumberland County, Virginia(6)"
51135,51,135,Nottoway County,Virginia,314.388255984556,35327.6,112.36933736397404,541.2,"GLYPHOSATE<br>ATRAZINE<br>METOLACHLOR & METOLACHLOR-S<br>2,4-D<br>ACETOCHLOR",541.2,51135,"Nottoway County, Virginia(6)"
51137,51,137,Orange County,Virginia,340.5134254826255,12582.3,36.950965977821646,481.7,"GLYPHOSATE<br>2,4-D<br>PETROLEUM OIL<br>TRICLOPYR<br>PARAQUAT",481.7,51137,"Orange County, Virginia(6)"
51139,51,139,Page County,Virginia,310.0158467181467,9746.1,31.437425225752225,428.9,"2,4-D<br>GLYPHOSATE<br>ZIRAM<br>PETROLEUM OIL<br>ATRAZINE",428.9,51139,"Page County, Virginia(6)"
51141,51,141,Patrick County,Virginia,482.95468185328184,17534.8,36.307340334112226,403.3,"GLYPHOSATE<br>ATRAZINE<br>2,4-D<br>METOLACHLOR & METOLACHLOR-S<br>PETROLEUM OIL",403.3,51141,"Patrick County, Virginia(6)"
51143,51,143,Pittsylvania County,Virginia,968.9983297297296,72218.6,74.52912743424751,373.4,"CHLOROPICRIN<br>GLYPHOSATE<br>FATTY ALCOHOLS<br>2,4-D<br>ATRAZINE",373.4,51143,"Pittsylvania County, Virginia(6)"
51145,51,145,Powhatan County,Virginia,260.20127413127415,3815.8,14.664801364788438,437.6,"GLYPHOSATE<br>2,4-D<br>PARAQUAT<br>TRICLOPYR<br>PENDIMETHALIN",437.6,51145,"Powhatan County, Virginia(6)"
51147,51,147,Prince Edward County,Virginia,349.9447108108108,5818.4,16.626626493422208,474.5,"GLYPHOSATE<br>PETROLEUM OIL<br>MANCOZEB<br>2,4-D<br>CAPTAN",474.5,51147,"Prince Edward County, Virginia(6)"
51149,51,149,Prince George County,Virginia,265.3406335907336,31545,118.884920010614,479.1,"GLYPHOSATE<br>METOLACHLOR & METOLACHLOR-S<br>ATRAZINE<br>2,4-D<br>GLUFOSINATE",479.1,51149,"Prince George County, Virginia(6)"
51153,51,153,Prince William County,Virginia,335.2537216216216,7133.3,21.277317863903917,350.2,"GLYPHOSATE<br>CHLOROTHALONIL<br>ZIRAM<br>PETROLEUM OIL<br>2,4-D",350.2,51153,"Prince William County, Virginia(6)"
51155,51,155,Pulaski County,Virginia,319.8380687258687,5408.3,16.90949429986529,410.9,"GLYPHOSATE<br>2,4-D<br>ATRAZINE<br>METOLACHLOR & METOLACHLOR-S<br>SIMAZINE",410.9,51155,"Pulaski County, Virginia(6)"
51157,51,157,Rappahannock County,Virginia,266.37101274131277,10794.5,40.524304386240104,471.8,"2,4-D<br>ZIRAM<br>PETROLEUM OIL<br>MANCOZEB<br>CAPTAN",471.8,51157,"Rappahannock County, Virginia(6)"
51159,51,159,Richmond County,Virginia,191.47699884169884,49503.5,258.5349692101994,442.1,"GLYPHOSATE<br>ATRAZINE<br>METOLACHLOR & METOLACHLOR-S<br>SIMAZINE<br>2,4-D",442.1,51159,"Richmond County, Virginia(6)"
51161,51,161,Roanoke County,Virginia,250.54727490347491,1221,4.873331791257353,440.5,GLYPHOSATE<br>SULFUR<br>ATRAZINE<br>CAPTAN<br>PETROLEUM OIL,440.5,51161,"Roanoke County, Virginia(6)"
51163,51,163,Rockbridge County,Virginia,596.5456567567568,3949.6,6.620784101375933,429.9,GLYPHOSATE<br>ATRAZINE<br>METOLACHLOR & METOLACHLOR-S<br>SIMAZINE<br>PARAQUAT,429.9,51163,"Rockbridge County, Virginia(6)"
51165,51,165,Rockingham County,Virginia,849.7921370656371,32575.4,38.333374220764185,402.8,"GLYPHOSATE<br>2,4-D<br>ATRAZINE<br>CHLOROTHALONIL<br>METOLACHLOR & METOLACHLOR-S",402.8,51165,"Rockingham County, Virginia(6)"
51167,51,167,Russell County,Virginia,473.5217652509653,3208.2000000000003,6.77519015055129,329.9,"GLYPHOSATE<br>2,4-D<br>TRICLOPYR<br>MANCOZEB<br>CHLOROTHALONIL",329.9,51167,"Russell County, Virginia(6)"
51169,51,169,Scott County,Virginia,535.82481003861,3175,5.925444176000768,262.9,"GLYPHOSATE<br>2,4-D<br>ATRAZINE<br>TRICLOPYR<br>MANCOZEB",262.9,51169,"Scott County, Virginia(6)"
51171,51,171,Shenandoah County,Virginia,508.0780644787645,22260.7,43.8135427531932,414.9,"GLYPHOSATE<br>2,4-D<br>ATRAZINE<br>METOLACHLOR & METOLACHLOR-S<br>CHLOROTHALONIL",414.9,51171,"Shenandoah County, Virginia(6)"
51173,51,173,Smyth County,Virginia,451.4370637065637,6007.1,13.306616764423763,373.4,"GLYPHOSATE<br>2,4-D<br>ATRAZINE<br>SIMAZINE<br>TRICLOPYR",373.4,51173,"Smyth County, Virginia(6)"
51175,51,175,Southampton County,Virginia,599.2464664092664,332820.2,555.3978515622891,463.5,DICHLOROPROPENE<br>GLYPHOSATE<br>METOLACHLOR & METOLACHLOR-S<br>ETHEPHON<br>ACETOCHLOR,463.5,51175,"Southampton County, Virginia(6)"
51177,51,177,Spotsylvania County,Virginia,401.96647065637063,9211.9,22.917085559295277,460,"GLYPHOSATE<br>PETROLEUM OIL<br>2,4-D<br>MANCOZEB<br>CAPTAN",460,51177,"Spotsylvania County, Virginia(6)"
51179,51,179,Stafford County,Virginia,268.4953030888031,6444.9,24.003771856926637,422.4,"GLYPHOSATE<br>ATRAZINE<br>CHLOROTHALONIL<br>METOLACHLOR & METOLACHLOR-S<br>2,4-D",422.4,51179,"Stafford County, Virginia(6)"
51181,51,181,Surry County,Virginia,278.94816640926643,57604.2,206.5050318899907,439.4,"GLYPHOSATE<br>DICHLOROPROPENE<br>METOLACHLOR & METOLACHLOR-S<br>ATRAZINE<br>2,4-D",439.4,51181,"Surry County, Virginia(6)"
51183,51,183,Sussex County,Virginia,490.24137567567567,100281.7,204.5557657425113,525.4,GLYPHOSATE<br>DICHLOROPROPENE<br>METOLACHLOR & METOLACHLOR-S<br>CHLOROPICRIN<br>ATRAZINE,525.4,51183,"Sussex County, Virginia(6)"
51185,51,185,Tazewell County,Virginia,518.7888092664093,5022.3,9.680817917220994,344.2,"2,4-D<br>GLYPHOSATE<br>ATRAZINE<br>TRICLOPYR<br>PETROLEUM OIL",344.2,51185,"Tazewell County, Virginia(6)"
51187,51,187,Warren County,Virginia,214.57082857142856,5217.5,24.31598011126263,406.7,"2,4-D<br>ZIRAM<br>PETROLEUM OIL<br>GLYPHOSATE<br>MANCOZEB",406.7,51187,"Warren County, Virginia(6)"
51191,51,191,Washington County,Virginia,561.1906081081081,3889.9,6.931513007877436,311,"2,4-D<br>GLYPHOSATE<br>MANCOZEB<br>TRICLOPYR<br>CHLOROTHALONIL",311,51191,"Washington County, Virginia(6)"
51193,51,193,Westmoreland County,Virginia,229.3259135135135,56671.8,247.12340237406488,446,"GLYPHOSATE<br>ATRAZINE<br>METOLACHLOR & METOLACHLOR-S<br>SIMAZINE<br>2,4-D",446,51193,"Westmoreland County, Virginia(6)"
51195,51,195,Wise County,Virginia,403.44159536679535,1799.7,4.460868737056659,356.2,"PETROLEUM OIL<br>ZIRAM<br>MANCOZEB<br>CAPTAN<br>2,4-D",356.2,51195,"Wise County, Virginia(6)"
51197,51,197,Wythe County,Virginia,461.9500019305019,6746.4000000000005,14.604177880304375,468,"GLYPHOSATE<br>2,4-D<br>TRICLOPYR<br>ATRAZINE<br>METOLACHLOR & METOLACHLOR-S",468,51197,"Wythe County, Virginia(6)"
51199,51,199,York County,Virginia,104.70084247104248,139.79999999999998,1.3352328090260115,410.5,"ATRAZINE<br>2,4-D<br>METHOMYL<br>DICAMBA<br>CHLOROTHALONIL",410.5,51199,"York County, Virginia(6)"
51510,51,510,Alexandria city,Virginia,14.935262934362934,NA,NA,337.7,NA,337.7,51510,"Alexandria City, Virginia(6)"
51520,51,520,Bristol city,Virginia,12.871130501930502,NA,NA,274.7,NA,274.7,51520,"Bristol City, Virginia(6)"
51530,51,530,Buena Vista city,Virginia,6.438128571428572,NA,NA,526,NA,526,51530,"Buena Vista City, Virginia(6)"
51540,51,540,Charlottesville city,Virginia,10.24526525096525,NA,NA,387.8,NA,387.8,51540,"Charlottesville City, Virginia(6)"
51550,51,550,Chesapeake city,Virginia,338.4548474903475,48479.4,143.23742253797266,448.3,"GLYPHOSATE<br>METOLACHLOR & METOLACHLOR-S<br>ATRAZINE<br>2,4-D<br>GLUFOSINATE",448.3,51550,"Chesapeake City, Virginia(6)"
51570,51,570,Colonial Heights city,Virginia,7.519444015444016,NA,NA,496.3,NA,496.3,51570,"Colonial Heights City, Virginia(6)"
51580,51,580,Covington city,Virginia,5.468664092664093,NA,NA,549.7,NA,549.7,51580,"Covington City, Virginia(6)"
51590,51,590,Danville city,Virginia,42.80240077220077,NA,NA,488.6,NA,488.6,51590,"Danville City, Virginia(6)"
51595,51,595,Emporia city,Virginia,6.628613127413128,NA,NA,485.1,NA,485.1,51595,"Emporia City, Virginia(6)"
51600,51,600,Fairfax city,Virginia,6.240897297297297,NA,NA,395.6,NA,395.6,51600,"Fairfax City, Virginia(6)"
51610,51,610,Falls Church city,Virginia,2.046433204633205,NA,NA,363.7,NA,363.7,51610,"Falls Church City, Virginia(6)"
51620,51,620,Franklin city,Virginia,8.277303861003862,NA,NA,477.9,NA,477.9,51620,"Franklin City, Virginia(6)"
51630,51,630,Fredericksburg city,Virginia,10.450385328185329,NA,NA,526.5,NA,526.5,51630,"Fredericksburg City, Virginia(6)"
51640,51,640,Galax city,Virginia,8.236323166023165,NA,NA,655,NA,655,51640,"Galax City, Virginia(6)"
51650,51,650,Hampton city,Virginia,51.46046911196911,NA,NA,408.8,NA,408.8,51650,"Hampton City, Virginia(6)"
51660,51,660,Harrisonburg city,Virginia,17.335472586872587,NA,NA,378.1,NA,378.1,51660,"Harrisonburg City, Virginia(6)"
51670,51,670,Hopewell city,Virginia,10.3543138996139,NA,NA,550.2,NA,550.2,51670,"Hopewell City, Virginia(6)"
51678,51,678,Lexington city,Virginia,2.4992277992277994,NA,NA,535.7,NA,535.7,51678,"Lexington City, Virginia(6)"
51680,51,680,Lynchburg city,Virginia,48.91701814671815,NA,NA,436.5,NA,436.5,51680,"Lynchburg City, Virginia(6)"
51683,51,683,Manassas city,Virginia,9.842952509652507,NA,NA,356.3,NA,356.3,51683,"Manassas City, Virginia(6)"
51685,51,685,Manassas Park city,Virginia,3.0338023166023165,NA,NA,349.5,NA,349.5,51685,"Manassas Park City, Virginia(6)"
51690,51,690,Martinsville city,Virginia,10.955462548262547,NA,NA,534.3,NA,534.3,51690,"Martinsville City, Virginia(6)"
51700,51,700,Newport News city,Virginia,68.9956027027027,NA,NA,420.9,NA,420.9,51700,"Newport News City, Virginia(6)"
51710,51,710,Norfolk city,Virginia,53.27468494208494,NA,NA,455,NA,455,51710,"Norfolk City, Virginia(6)"
51720,51,720,Norton city,Virginia,7.4774335907335905,NA,NA,391.8,NA,391.8,51720,"Norton City, Virginia(6)"
51730,51,730,Petersburg city,Virginia,22.72035868725869,NA,NA,544.3,NA,544.3,51730,"Petersburg City, Virginia(6)"
51735,51,735,Poquoson city,Virginia,15.356637065637065,NA,NA,433.6,NA,433.6,51735,"Poquoson City, Virginia(6)"
51740,51,740,Portsmouth city,Virginia,33.30046525096525,NA,NA,449.3,NA,449.3,51740,"Portsmouth City, Virginia(6)"
51750,51,750,Radford city,Virginia,9.676343243243243,NA,NA,431.9,NA,431.9,51750,"Radford City, Virginia(6)"
51760,51,760,Richmond city,Virginia,59.92473667953668,NA,NA,448,NA,448,51760,"Richmond City, Virginia(6)"
51770,51,770,Roanoke city,Virginia,42.52119227799228,NA,NA,468.8,NA,468.8,51770,"Roanoke City, Virginia(6)"
51775,51,775,Salem city,Virginia,14.516589189189189,NA,NA,473.1,NA,473.1,51775,"Salem City, Virginia(6)"
51790,51,790,Staunton city,Virginia,19.92039305019305,NA,NA,487.8,NA,487.8,51790,"Staunton City, Virginia(6)"
51800,51,800,Suffolk city,Virginia,399.16522934362933,144321.1,361.55729354812695,464.4,GLYPHOSATE<br>DICHLOROPROPENE<br>METOLACHLOR & METOLACHLOR-S<br>ETHEPHON<br>ATRAZINE,464.4,51800,"Suffolk City, Virginia(6)"
51810,51,810,Virginia Beach city,Virginia,244.7189135135135,29861,122.02162706296528,446.8,"GLYPHOSATE<br>METOLACHLOR & METOLACHLOR-S<br>ATRAZINE<br>2,4-D<br>GLUFOSINATE",446.8,51810,"Virginia Beach City, Virginia(6)"
51820,51,820,Waynesboro city,Virginia,14.969727413127414,NA,NA,504.2,NA,504.2,51820,"Waynesboro City, Virginia(6)"
51830,51,830,Williamsburg city,Virginia,8.938134362934363,NA,NA,504.8,NA,504.8,51830,"Williamsburg City, Virginia(6)"
51840,51,840,Winchester city,Virginia,9.1928575289575285,NA,NA,427.3,NA,427.3,51840,"Winchester City, Virginia(6)"
53001,53,001,Adams County,Washington,1924.980252123552,3316139.5,1722.6875425562332,359.4,METAM<br>DICHLOROPROPENE<br>METAM POTASSIUM<br>GLYPHOSATE<br>PETROLEUM OIL,359.4,53001,"Adams County, Washington(6)"
53003,53,003,Asotin County,Washington,636.0725521235521,44811.5,70.45029666882358,324,"GLYPHOSATE<br>2,4-D<br>KAOLIN CLAY<br>PETROLEUM OIL<br>MCPA",324,53003,"Asotin County, Washington(6)"
53005,53,005,Benton County,Washington,1700.1196359073358,1824105.7,1072.927846649153,412,METAM<br>PETROLEUM OIL<br>SULFUR<br>DICHLOROPROPENE<br>GLYPHOSATE,412,53005,"Benton County, Washington(6)"
53007,53,007,Chelan County,Washington,2921.1640733590734,1222071.7,418.350927681624,465.3,PETROLEUM OIL<br>KAOLIN CLAY<br>SULFUR<br>COPPER<br>CALCIUM POLYSULFIDE,465.3,53007,"Chelan County, Washington(6)"
53009,53,009,Clallam County,Washington,1738.7655096525098,10210.8,5.87244222600241,501.1,PETROLEUM OIL<br>KAOLIN CLAY<br>GLYPHOSATE<br>SULFUR<br>MANCOZEB,501.1,53009,"Clallam County, Washington(7)"
53011,53,011,Clark County,Washington,628.4978868725868,10417.5,16.57523472646441,378.5,CALCIUM POLYSULFIDE<br>PETROLEUM OIL<br>SULFUR<br>GLYPHOSATE<br>KAOLIN CLAY,378.5,53011,"Clark County, Washington(6)"
53013,53,013,Columbia County,Washington,868.5809891891892,152370.19999999998,175.4242861592399,388.8,DICHLOROPROPENE<br>METAM<br>GLYPHOSATE<br>MCPA<br>BROMOXYNIL,388.8,53013,"Columbia County, Washington(6)"
53015,53,015,Cowlitz County,Washington,1141.1535007722007,18453.7,16.171093536069137,389.4,SULFUR<br>PETROLEUM OIL<br>KAOLIN CLAY<br>CALCIUM POLYSULFIDE<br>GLYPHOSATE,389.4,53015,"Cowlitz County, Washington(6)"
53017,53,017,Douglas County,Washington,1819.2355084942085,472137.5,259.52522243301576,468.1,"PETROLEUM OIL<br>CALCIUM POLYSULFIDE<br>SULFUR<br>GLYPHOSATE<br>2,4-D",468.1,53017,"Douglas County, Washington(6)"
53019,53,019,Ferry County,Washington,2203.231108108108,2502.4,1.1357864323860176,298,MANCOZEB<br>GLYPHOSATE<br>PENDIMETHALIN<br>DIQUAT<br>METRIBUZIN,298,53019,"Ferry County, Washington(6)"
53021,53,021,Franklin County,Washington,1241.5901447876447,4905532.8,3951.00816529034,399.4,METAM<br>DICHLOROPROPENE<br>METAM POTASSIUM<br>PETROLEUM OIL<br>BACILLUS AMYLOLIQUEFACIEN,399.4,53021,"Franklin County, Washington(6)"
53023,53,023,Garfield County,Washington,710.8320077220077,98498.7,138.56818338225546,349,"GLYPHOSATE<br>2,4-D<br>MCPA<br>BROMOXYNIL<br>PARAQUAT",349,53023,"Garfield County, Washington(6)"
53025,53,025,Grant County,Washington,2679.5347795366797,9116403.2,3402.233577866201,412.8,METAM<br>DICHLOROPROPENE<br>PETROLEUM OIL<br>METAM POTASSIUM<br>CALCIUM POLYSULFIDE,412.8,53025,"Grant County, Washington(6)"
53027,53,027,Grays Harbor County,Washington,1901.455532046332,14613,7.685165260884959,489.7,GLYPHOSATE<br>PETROLEUM OIL<br>KAOLIN CLAY<br>ATRAZINE<br>SULFUR,489.7,53027,"Grays Harbor County, Washington(7)"
53029,53,029,Island County,Washington,208.4725528957529,2123.5,10.185993170342478,472.6,PETROLEUM OIL<br>GLYPHOSATE<br>SULFUR<br>CALCIUM POLYSULFIDE<br>BACILLUS AMYLOLIQUEFACIEN,472.6,53029,"Island County, Washington(7)"
53031,53,031,Jefferson County,Washington,1803.7196162162163,1272.9,0.7057083532030591,474.1,CALCIUM POLYSULFIDE<br>PETROLEUM OIL<br>KAOLIN CLAY<br>SIMAZINE<br>CAPTAN,474.1,53031,"Jefferson County, Washington(7)"
53033,53,033,King County,Washington,2115.685845945946,8913.4,4.213007340895984,441.4,PETROLEUM OIL<br>BACILLUS AMYLOLIQUEFACIEN<br>METAM<br>GLYPHOSATE<br>SULFUR,441.4,53033,"King County, Washington(7)"
53035,53,035,Kitsap County,Washington,395.1094552123552,2292.2,5.801430387860589,486.3,GLYPHOSATE<br>CALCIUM POLYSULFIDE<br>PETROLEUM OIL<br>BACILLUS AMYLOLIQUEFACIEN<br>METRIBUZIN,486.3,53035,"Kitsap County, Washington(7)"
53037,53,037,Kittitas County,Washington,2297.280755984556,40626.6,17.684647335405234,390.7,PETROLEUM OIL<br>KAOLIN CLAY<br>SULFUR<br>GLYPHOSATE<br>DICHLOROPROPENE,390.7,53037,"Kittitas County, Washington(6)"
53039,53,039,Klickitat County,Washington,1871.6277772200772,173752.3,92.8348585732542,387,"GLYPHOSATE<br>DICHLOROPROPENE<br>PETROLEUM OIL<br>2,4-D<br>SULFUR",387,53039,"Klickitat County, Washington(6)"
53041,53,041,Lewis County,Washington,2402.7704092664094,6206.7,2.5831431817470105,394.6,"GLYPHOSATE<br>2,4-D<br>ATRAZINE<br>PETROLEUM OIL<br>CALCIUM POLYSULFIDE",394.6,53041,"Lewis County, Washington(6)"
53043,53,043,Lincoln County,Washington,2310.588790733591,313436.5,135.65222044571885,354.1,"GLYPHOSATE<br>2,4-D<br>METAM<br>BROMOXYNIL<br>DICHLOROPROPENE",354.1,53043,"Lincoln County, Washington(6)"
53045,53,045,Mason County,Washington,959.548925868726,16016.6,16.691801291423882,492,SULFUR<br>PETROLEUM OIL<br>KAOLIN CLAY<br>GLYPHOSATE<br>GLUFOSINATE,492,53045,"Mason County, Washington(7)"
53047,53,047,Okanogan County,Washington,5266.168607335907,934430.6,177.44031186132446,468.3,PETROLEUM OIL<br>KAOLIN CLAY<br>SULFUR<br>CALCIUM POLYSULFIDE<br>COPPER,468.3,53047,"Okanogan County, Washington(6)"
53049,53,049,Pacific County,Washington,933.3685915057916,1056.9,1.1323500807916804,397.7,"CALCIUM POLYSULFIDE<br>GLYPHOSATE<br>EPTC<br>2,4-D<br>ETHOPROPHOS",397.7,53049,"Pacific County, Washington(6)"
53051,53,051,Pend Oreille County,Washington,1400.2383177606175,55623.1,39.72402361403542,350.5,DICHLOROPROPENE<br>METAM<br>KAOLIN CLAY<br>METAM POTASSIUM<br>PETROLEUM OIL,350.5,53051,"Pend Oreille County, Washington(6)"
53053,53,053,Pierce County,Washington,1667.9966046332047,6267.4,3.757441701374573,482.1,PETROLEUM OIL<br>CALCIUM POLYSULFIDE<br>GLYPHOSATE<br>SULFUR<br>BACILLUS AMYLOLIQUEFACIEN,482.1,53053,"Pierce County, Washington(7)"
53055,53,055,San Juan County,Washington,173.91351235521236,3403.5,19.570072238254085,444.6,PETROLEUM OIL<br>GLYPHOSATE<br>KAOLIN CLAY<br>CALCIUM POLYSULFIDE<br>SULFUR,444.6,53055,"San Juan County, Washington(7)"
53057,53,057,Skagit County,Washington,1730.2230837837835,25046.2,14.47570560972234,489.2,GLYPHOSATE<br>PETROLEUM OIL<br>KAOLIN CLAY<br>CALCIUM POLYSULFIDE<br>ATRAZINE,489.2,53057,"Skagit County, Washington(7)"
53059,53,059,Skamania County,Washington,1658.2603621621622,8806.8,5.3108668583967376,340.5,PETROLEUM OIL<br>KAOLIN CLAY<br>SULFUR<br>MANCOZEB<br>CALCIUM POLYSULFIDE,340.5,53059,"Skamania County, Washington(6)"
53061,53,061,Snohomish County,Washington,2086.504927799228,8122.7,3.892969478182608,480.8,GLYPHOSATE<br>ATRAZINE<br>PETROLEUM OIL<br>DIMETHENAMID & DIMETHENAMID-P<br>BACILLUS AMYLOLIQUEFACIEN,480.8,53061,"Snohomish County, Washington(7)"
53063,53,063,Spokane County,Washington,1764.215864092664,17926.2,10.161001476550856,372,GLYPHOSATE<br>CHLORPYRIFOS<br>MCPA<br>SULFUR<br>PETROLEUM OIL,372,53063,"Spokane County, Washington(6)"
53065,53,065,Stevens County,Washington,2477.091253667954,11772.6,4.752590354742773,343.7,KAOLIN CLAY<br>PETROLEUM OIL<br>MANCOZEB<br>SULFUR<br>GLYPHOSATE,343.7,53065,"Stevens County, Washington(6)"
53067,53,067,Thurston County,Washington,722.4978594594595,11518.8,15.943023012715704,480.4,SULFUR<br>PETROLEUM OIL<br>GLUFOSINATE<br>BACILLUS AMYLOLIQUEFACIEN<br>GLYPHOSATE,480.4,53067,"Thurston County, Washington(7)"
53069,53,069,Wahkiakum County,Washington,262.92693938223937,14735.4,56.04370565687029,400.1,SULFUR<br>PETROLEUM OIL<br>KAOLIN CLAY<br>GLUFOSINATE<br>PARAQUAT,400.1,53069,"Wahkiakum County, Washington(6)"
53071,53,071,Walla Walla County,Washington,1270.027162162162,1732138,1363.859019401692,388.2,METAM<br>DICHLOROPROPENE<br>PETROLEUM OIL<br>GLYPHOSATE<br>BACILLUS AMYLOLIQUEFACIEN,388.2,53071,"Walla Walla County, Washington(6)"
53073,53,073,Whatcom County,Washington,2107.9394633204633,82219.4,39.004630555417634,475.8,CALCIUM POLYSULFIDE<br>SIMAZINE<br>CAPTAN<br>GLYPHOSATE<br>PARAQUAT,475.8,53073,"Whatcom County, Washington(7)"
53075,53,075,Whitman County,Washington,2159.252235135135,523839.3,242.6021802715494,262.9,"GLYPHOSATE<br>2,4-D<br>MCPA<br>BROMOXYNIL<br>PROPICONAZOLE",262.9,53075,"Whitman County, Washington(6)"
53077,53,077,Yakima County,Washington,4294.49203011583,3301361.1,768.7430962378469,414.8,PETROLEUM OIL<br>SULFUR<br>KAOLIN CLAY<br>CALCIUM POLYSULFIDE<br>COPPER,414.8,53077,"Yakima County, Washington(6)"
54001,54,001,Barbour County,West Virginia,341.057288030888,456.2,1.3376051942296687,513.1,"2,4-D<br>GLYPHOSATE<br>PETROLEUM OIL<br>TRICLOPYR<br>ATRAZINE",513.1,54001,"Barbour County, West Virginia(6)"
54003,54,003,Berkeley County,West Virginia,321.1470548262548,53834.2,167.63099393555103,468.7,ZIRAM<br>SULFUR<br>CAPTAN<br>MANCOZEB<br>PETROLEUM OIL,468.7,54003,"Berkeley County, West Virginia(6)"
54005,54,005,Boone County,West Virginia,502.36748108108105,733.7,1.460484660394613,522.3,PETROLEUM OIL<br>ZIRAM<br>MANCOZEB<br>CAPTAN<br>COPPER SULFATE,522.3,54005,"Boone County, West Virginia(6)"
54007,54,007,Braxton County,West Virginia,510.7322478764479,1655.8,3.24201185040612,500.7,"2,4-D<br>GLYPHOSATE<br>TRICLOPYR<br>PICLORAM<br>MANCOZEB",500.7,54007,"Braxton County, West Virginia(6)"
54009,54,009,Brooke County,West Virginia,89.19528841698842,1394.6,15.635355014272031,455.3,PETROLEUM OIL<br>ZIRAM<br>GLYPHOSATE<br>CAPTAN<br>MANCOZEB,455.3,54009,"Brooke County, West Virginia(6)"
54011,54,011,Cabell County,West Virginia,281.02313474903474,1423.2,5.064351734852636,505.6,"GLYPHOSATE<br>2,4-D<br>PETROLEUM OIL<br>ZIRAM<br>MANCOZEB",505.6,54011,"Cabell County, West Virginia(6)"
54013,54,013,Calhoun County,West Virginia,279.2613285714286,1048.8,3.7556220382004706,443.6,"GLYPHOSATE<br>2,4-D<br>TRICLOPYR<br>SULFUR<br>PICLORAM",443.6,54013,"Calhoun County, West Virginia(6)"
54015,54,015,Clay County,West Virginia,341.93722664092667,1150.4,3.364360211086499,551.1,"PETROLEUM OIL<br>ZIRAM<br>MANCOZEB<br>CAPTAN<br>2,4-D",551.1,54015,"Clay County, West Virginia(6)"
54017,54,017,Doddridge County,West Virginia,319.72139227799227,1085.7,3.3957690233501876,438.8,PETROLEUM OIL<br>CAPTAN<br>ZIRAM<br>PHOSMET<br>MANCOZEB,438.8,54017,"Doddridge County, West Virginia(6)"
54019,54,019,Fayette County,West Virginia,661.9535857142857,1188.3,1.7951409670479486,512.9,PETROLEUM OIL<br>ZIRAM<br>MANCOZEB<br>CAPTAN<br>GLYPHOSATE,512.9,54019,"Fayette County, West Virginia(6)"
54021,54,021,Gilmer County,West Virginia,338.5010115830116,964,2.847849687337184,481.1,"2,4-D<br>GLYPHOSATE<br>TRICLOPYR<br>PICLORAM<br>SULFUR",481.1,54021,"Gilmer County, West Virginia(6)"
54023,54,023,Grant County,West Virginia,477.36981698841697,3887.9,8.144419403236668,434.1,"2,4-D<br>TRICLOPYR<br>GLYPHOSATE<br>ATRAZINE<br>ACETOCHLOR",434.1,54023,"Grant County, West Virginia(6)"
54025,54,025,Greenbrier County,West Virginia,1019.8143826254826,12411.4,12.170253931943192,480.6,"2,4-D<br>GLYPHOSATE<br>TRICLOPYR<br>ATRAZINE<br>ACETOCHLOR",480.6,54025,"Greenbrier County, West Virginia(6)"
54027,54,027,Hampshire County,West Virginia,640.3993752895753,8458.1,13.207539429868154,424.6,"2,4-D<br>GLYPHOSATE<br>ZIRAM<br>TRICLOPYR<br>ATRAZINE",424.6,54027,"Hampshire County, West Virginia(6)"
54029,54,029,Hancock County,West Virginia,82.60963861003862,212,2.566286495946952,479.3,"SULFUR<br>CHLOROTHALONIL<br>CAPTAN<br>GLYPHOSATE<br>2,4-D",479.3,54029,"Hancock County, West Virginia(6)"
54031,54,031,Hardy County,West Virginia,582.3127992277992,21927.8,37.65639365831954,356.2,"GLYPHOSATE<br>ATRAZINE<br>ACETOCHLOR<br>2,4-D<br>PARAQUAT",356.2,54031,"Hardy County, West Virginia(6)"
54033,54,033,Harrison County,West Virginia,416.0084864864865,828.7,1.9920266699340985,532.4,"PETROLEUM OIL<br>2,4-D<br>CAPTAN<br>ZIRAM<br>SULFUR",532.4,54033,"Harrison County, West Virginia(6)"
54035,54,035,Jackson County,West Virginia,464.3577675675676,1959.2,4.219160605975912,498.9,"2,4-D<br>GLYPHOSATE<br>TRICLOPYR<br>PICLORAM<br>ATRAZINE",498.9,54035,"Jackson County, West Virginia(6)"
54037,54,037,Jefferson County,West Virginia,209.29458648648648,45597.4,217.86230005019308,453.7,GLYPHOSATE<br>ATRAZINE<br>ACETOCHLOR<br>PARAQUAT<br>METOLACHLOR & METOLACHLOR-S,453.7,54037,"Jefferson County, West Virginia(6)"
54039,54,039,Kanawha County,West Virginia,901.7325957528958,1167.8,1.2950624226076166,503.4,PETROLEUM OIL<br>ZIRAM<br>MANCOZEB<br>GLYPHOSATE<br>CAPTAN,503.4,54039,"Kanawha County, West Virginia(6)"
54041,54,041,Lewis County,West Virginia,386.928316988417,1435.6,3.7102479631724026,558,"PETROLEUM OIL<br>CAPTAN<br>ZIRAM<br>2,4-D<br>PHOSMET",558,54041,"Lewis County, West Virginia(6)"
54043,54,043,Lincoln County,West Virginia,437.0910277992278,908.1,2.0775992693611736,553,"PETROLEUM OIL<br>ZIRAM<br>MANCOZEB<br>CAPTAN<br>2,4-D",553,54043,"Lincoln County, West Virginia(6)"
54045,54,045,Logan County,West Virginia,452.90219305019303,92.7,0.20467995391165283,576.7,"GLYPHOSATE<br>2,4-D<br>ATRAZINE<br>METOLACHLOR & METOLACHLOR-S<br>ACETOCHLOR",576.7,54045,"Logan County, West Virginia(6)"
54047,54,047,McDowell County,West Virginia,533.4550505791506,853.2,1.5993849886203446,446.4,PETROLEUM OIL<br>ZIRAM<br>MANCOZEB<br>CAPTAN<br>GLYPHOSATE,446.4,54047,"McDowell County, West Virginia(6)"
54049,54,049,Marion County,West Virginia,308.7835328185328,625.9,2.0269863301545663,504,"PETROLEUM OIL<br>SULFUR<br>GLYPHOSATE<br>CAPTAN<br>2,4-D",504,54049,"Marion County, West Virginia(6)"
54051,54,051,Marshall County,West Virginia,305.4292988416988,2567,8.40456370667456,484.8,PETROLEUM OIL<br>SULFUR<br>CAPTAN<br>ZIRAM<br>PHOSMET,484.8,54051,"Marshall County, West Virginia(6)"
54053,54,053,Mason County,West Virginia,430.7658301158301,13203.6,30.6514562597726,527.7,"GLYPHOSATE<br>METOLACHLOR & METOLACHLOR-S<br>ATRAZINE<br>2,4-D<br>ACETOCHLOR",527.7,54053,"Mason County, West Virginia(6)"
54055,54,055,Mercer County,West Virginia,418.9598698841699,1671.3,3.9891648822166794,456.8,"2,4-D<br>GLYPHOSATE<br>PETROLEUM OIL<br>ZIRAM<br>MANCOZEB",456.8,54055,"Mercer County, West Virginia(6)"
54057,54,057,Mineral County,West Virginia,327.8801984555985,5713.3,17.424962004144007,467.8,"GLYPHOSATE<br>2,4-D<br>ATRAZINE<br>ACETOCHLOR<br>TRICLOPYR",467.8,54057,"Mineral County, West Virginia(6)"
54059,54,059,Mingo County,West Virginia,423.11063243243245,93.3,0.220509703250956,526.4,"GLYPHOSATE<br>2,4-D<br>ATRAZINE<br>METOLACHLOR & METOLACHLOR-S<br>ACETOCHLOR",526.4,54059,"Mingo County, West Virginia(6)"
54061,54,061,Monongalia County,West Virginia,360.09155714285714,611.6,1.6984569281566446,463.1,"GLYPHOSATE<br>PETROLEUM OIL<br>2,4-D<br>CAPTAN<br>ZIRAM",463.1,54061,"Monongalia County, West Virginia(6)"
54063,54,063,Monroe County,West Virginia,472.75164903474905,7255.6,15.34759321266098,463.3,"2,4-D<br>TRICLOPYR<br>GLYPHOSATE<br>ATRAZINE<br>ACETOCHLOR",463.3,54063,"Monroe County, West Virginia(6)"
54065,54,065,Morgan County,West Virginia,229.07162432432432,1770.4,7.728587096817505,481.6,"GLYPHOSATE<br>ZIRAM<br>MANCOZEB<br>2,4-D<br>ATRAZINE",481.6,54065,"Morgan County, West Virginia(6)"
54067,54,067,Nicholas County,West Virginia,646.8387084942085,1194,1.84590066166501,484.7,"2,4-D<br>GLYPHOSATE<br>PETROLEUM OIL<br>ZIRAM<br>MANCOZEB",484.7,54067,"Nicholas County, West Virginia(6)"
54069,54,069,Ohio County,West Virginia,105.83011196911195,2496.3,23.58780458182433,492.6,GLYPHOSATE<br>PETROLEUM OIL<br>ATRAZINE<br>METOLACHLOR & METOLACHLOR-S<br>CAPTAN,492.6,54069,"Ohio County, West Virginia(6)"
54071,54,071,Pendleton County,West Virginia,696.0464486486486,11263.7,16.182397053915157,348.4,"2,4-D<br>GLYPHOSATE<br>TRICLOPYR<br>ATRAZINE<br>ACETOCHLOR",348.4,54071,"Pendleton County, West Virginia(6)"
54073,54,073,Pleasants County,West Virginia,130.1187532818533,1214.8,9.336086992538217,577.4,PETROLEUM OIL<br>CAPTAN<br>ZIRAM<br>PHOSMET<br>MANCOZEB,577.4,54073,"Pleasants County, West Virginia(6)"
54075,54,075,Pocahontas County,West Virginia,940.234264092664,4929,5.242310547740501,471,"2,4-D<br>TRICLOPYR<br>GLYPHOSATE<br>ATRAZINE<br>ACETOCHLOR",471,54075,"Pocahontas County, West Virginia(6)"
54077,54,077,Preston County,West Virginia,648.810927027027,9667.8,14.9007971309911,474.1,GLYPHOSATE<br>ATRAZINE<br>METOLACHLOR & METOLACHLOR-S<br>ACETOCHLOR<br>CHLORPYRIFOS,474.1,54077,"Preston County, West Virginia(6)"
54079,54,079,Putnam County,West Virginia,345.6753362934363,782.6,2.2639740757659026,502.2,"GLYPHOSATE<br>2,4-D<br>TRICLOPYR<br>PICLORAM<br>ATRAZINE",502.2,54079,"Putnam County, West Virginia(6)"
54081,54,081,Raleigh County,West Virginia,604.964977992278,1263.6,2.0887159521094274,485.5,"GLYPHOSATE<br>2,4-D<br>PETROLEUM OIL<br>ZIRAM<br>MANCOZEB",485.5,54081,"Raleigh County, West Virginia(6)"
54083,54,083,Randolph County,West Virginia,1039.6953096525096,4848,4.662904559625564,518,"2,4-D<br>GLYPHOSATE<br>TRICLOPYR<br>ATRAZINE<br>ACETOCHLOR",518,54083,"Randolph County, West Virginia(6)"
54085,54,085,Ritchie County,West Virginia,451.98797297297295,745.6,1.6496014154885132,488,"PETROLEUM OIL<br>2,4-D<br>CAPTAN<br>SULFUR<br>ZIRAM",488,54085,"Ritchie County, West Virginia(6)"
54087,54,087,Roane County,West Virginia,483.5607625482626,1720.1,3.557153791667128,522.8,"2,4-D<br>GLYPHOSATE<br>TRICLOPYR<br>PICLORAM<br>SULFUR",522.8,54087,"Roane County, West Virginia(6)"
54089,54,089,Summers County,West Virginia,360.58647065637064,1620.9,4.49517697391557,445.5,"2,4-D<br>TRICLOPYR<br>ZIRAM<br>MANCOZEB<br>PETROLEUM OIL",445.5,54089,"Summers County, West Virginia(6)"
54091,54,091,Taylor County,West Virginia,172.7702911196911,1090.2,6.310112652670914,516.5,PETROLEUM OIL<br>CAPTAN<br>ZIRAM<br>PHOSMET<br>MANCOZEB,516.5,54091,"Taylor County, West Virginia(6)"
54093,54,093,Tucker County,West Virginia,419.0400247104247,1599.8,3.817773734395737,500.1,"2,4-D<br>ZIRAM<br>TRICLOPYR<br>MANCOZEB<br>GLYPHOSATE",500.1,54093,"Tucker County, West Virginia(6)"
54095,54,095,Tyler County,West Virginia,256.3006023166023,298.9,1.1662087302891924,493.3,"SULFUR<br>2,4-D<br>CAPTAN<br>GLYPHOSATE<br>CHLOROTHALONIL",493.3,54095,"Tyler County, West Virginia(6)"
54097,54,097,Upshur County,West Virginia,354.6358702702703,509.5,1.4366849005198117,497.4,"GLYPHOSATE<br>2,4-D<br>ATRAZINE<br>METOLACHLOR & METOLACHLOR-S<br>ACETOCHLOR",497.4,54097,"Upshur County, West Virginia(6)"
54099,54,099,Wayne County,West Virginia,506.0030463320463,1369.6,2.706703072102157,533.2,"2,4-D<br>PETROLEUM OIL<br>ZIRAM<br>MANCOZEB<br>GLYPHOSATE",533.2,54099,"Wayne County, West Virginia(6)"
54101,54,101,Webster County,West Virginia,553.4669837837838,935.9,1.6909771087007,506.6,PETROLEUM OIL<br>ZIRAM<br>MANCOZEB<br>CAPTAN<br>SULFUR,506.6,54101,"Webster County, West Virginia(6)"
54103,54,103,Wetzel County,West Virginia,358.0652969111969,305.3,0.852637780409412,534.6,"SULFUR<br>CAPTAN<br>2,4-D<br>PETROLEUM OIL<br>CHLOROTHALONIL",534.6,54103,"Wetzel County, West Virginia(6)"
54105,54,105,Wirt County,West Virginia,232.5100679536679,1639.4,7.050877471364732,479.2,"2,4-D<br>GLYPHOSATE<br>PETROLEUM OIL<br>ZIRAM<br>MANCOZEB",479.2,54105,"Wirt County, West Virginia(6)"
54107,54,107,Wood County,West Virginia,366.4979833976834,1891.7,5.16155636782136,480.6,"GLYPHOSATE<br>ATRAZINE<br>METOLACHLOR & METOLACHLOR-S<br>2,4-D<br>ACETOCHLOR",480.6,54107,"Wood County, West Virginia(6)"
54109,54,109,Wyoming County,West Virginia,499.46754864864863,93.3,0.18679892267762135,485.7,"GLYPHOSATE<br>2,4-D<br>ATRAZINE<br>METOLACHLOR & METOLACHLOR-S<br>ACETOCHLOR",485.7,54109,"Wyoming County, West Virginia(6)"
55001,55,001,Adams County,Wisconsin,645.6433293436294,500838.1,775.7194680678565,490.8,METAM<br>METAM POTASSIUM<br>METOLACHLOR & METOLACHLOR-S<br>CHLOROTHALONIL<br>GLYPHOSATE,490.8,55001,"Adams County, Wisconsin(6)"
55003,55,003,Ashland County,Wisconsin,1044.9647833976835,6516,6.235616839462616,455.8,ACETOCHLOR<br>METAM<br>GLYPHOSATE<br>METOLACHLOR & METOLACHLOR-S<br>ATRAZINE,455.8,55003,"Ashland County, Wisconsin(6)"
55005,55,005,Barron County,Wisconsin,863.0501223938224,128542.2,148.9394377738635,447.6,GLYPHOSATE<br>METAM<br>ATRAZINE<br>METOLACHLOR & METOLACHLOR-S<br>ACETOCHLOR,447.6,55005,"Barron County, Wisconsin(6)"
55007,55,007,Bayfield County,Wisconsin,1477.874281853282,5992.9,4.055081053636573,414.7,GLYPHOSATE<br>CAPTAN<br>MANCOZEB<br>PETROLEUM OIL<br>SULFUR,414.7,55007,"Bayfield County, Wisconsin(6)"
55009,55,009,Brown County,Wisconsin,530.0893343629343,68737.7,129.6719166828918,473.7,GLYPHOSATE<br>METOLACHLOR & METOLACHLOR-S<br>ATRAZINE<br>ACETOCHLOR<br>DICAMBA,473.7,55009,"Brown County, Wisconsin(6)"
55011,55,011,Buffalo County,Wisconsin,675.7883416988417,58892.8,87.1468126424782,407.3,GLYPHOSATE<br>ATRAZINE<br>ACETOCHLOR<br>METOLACHLOR & METOLACHLOR-S<br>DICAMBA,407.3,55011,"Buffalo County, Wisconsin(6)"
55013,55,013,Burnett County,Wisconsin,821.5925111969112,41591.6,50.62314886415966,433.5,METAM<br>GLYPHOSATE<br>ATRAZINE<br>METOLACHLOR & METOLACHLOR-S<br>ACETOCHLOR,433.5,55013,"Burnett County, Wisconsin(6)"
55015,55,015,Calumet County,Wisconsin,318.2484814671815,82837,260.2903228889164,417.1,GLYPHOSATE<br>METOLACHLOR & METOLACHLOR-S<br>METAM<br>ATRAZINE<br>ACETOCHLOR,417.1,55015,"Calumet County, Wisconsin(6)"
55017,55,017,Chippewa County,Wisconsin,1008.3507714285714,118564.2,117.58229711276492,434.8,GLYPHOSATE<br>ATRAZINE<br>METOLACHLOR & METOLACHLOR-S<br>ACETOCHLOR<br>CAPTAN,434.8,55017,"Chippewa County, Wisconsin(6)"
55019,55,019,Clark County,Wisconsin,1209.6920409266409,90307.5,74.6532976531971,469.9,"GLYPHOSATE<br>ACETOCHLOR<br>ATRAZINE<br>METOLACHLOR & METOLACHLOR-S<br>2,4-D",469.9,55019,"Clark County, Wisconsin(6)"
55021,55,021,Columbia County,Wisconsin,765.5961922779923,228595.3,298.5846877318269,447.2,GLYPHOSATE<br>ACETOCHLOR<br>METOLACHLOR & METOLACHLOR-S<br>ATRAZINE<br>MESOTRIONE,447.2,55021,"Columbia County, Wisconsin(6)"
55023,55,023,Crawford County,Wisconsin,570.8021262548262,77007.6,134.91120032307148,492.1,GLYPHOSATE<br>METOLACHLOR & METOLACHLOR-S<br>ATRAZINE<br>ACETOCHLOR<br>METAM,492.1,55023,"Crawford County, Wisconsin(6)"
55025,55,025,Dane County,Wisconsin,1196.4912135135137,303025,253.26136671757305,445.3,GLYPHOSATE<br>ACETOCHLOR<br>METOLACHLOR & METOLACHLOR-S<br>ATRAZINE<br>MESOTRIONE,445.3,55025,"Dane County, Wisconsin(6)"
55027,55,027,Dodge County,Wisconsin,875.6949548262548,300938.5,343.65677036441156,432.2,GLYPHOSATE<br>ACETOCHLOR<br>METOLACHLOR & METOLACHLOR-S<br>METAM<br>ATRAZINE,432.2,55027,"Dodge County, Wisconsin(6)"
55029,55,029,Door County,Wisconsin,481.9342532818533,64940.5,134.7497081972722,448.2,GLYPHOSATE<br>METOLACHLOR & METOLACHLOR-S<br>CHLOROTHALONIL<br>ATRAZINE<br>CAPTAN,448.2,55029,"Door County, Wisconsin(6)"
55031,55,031,Douglas County,Wisconsin,1304.2658857142858,1442.9,1.106292831702633,453.1,GLYPHOSATE<br>ATRAZINE<br>METOLACHLOR & METOLACHLOR-S<br>CAPTAN<br>ACETOCHLOR,453.1,55031,"Douglas County, Wisconsin(6)"
55033,55,033,Dunn County,Wisconsin,850.1555494208494,130961.6,154.04428058984598,383.1,GLYPHOSATE<br>METAM<br>ATRAZINE<br>ACETOCHLOR<br>METOLACHLOR & METOLACHLOR-S,383.1,55033,"Dunn County, Wisconsin(6)"
55035,55,035,Eau Claire County,Wisconsin,637.9193984555984,42479.5,66.590701118108,400.4,GLYPHOSATE<br>ATRAZINE<br>ACETOCHLOR<br>METOLACHLOR & METOLACHLOR-S<br>DICAMBA,400.4,55035,"Eau Claire County, Wisconsin(6)"
55037,55,037,Florence County,Wisconsin,488.02182084942086,5537.4,11.346623784899496,442.5,METAM<br>CHLOROTHALONIL<br>MANCOZEB<br>QUINTOZENE<br>GLYPHOSATE,442.5,55037,"Florence County, Wisconsin(6)"
55039,55,039,Fond du Lac County,Wisconsin,719.5626463320464,173386.4,240.96081263227472,465.3,GLYPHOSATE<br>METOLACHLOR & METOLACHLOR-S<br>ATRAZINE<br>ACETOCHLOR<br>DICAMBA,465.3,55039,"Fond du Lac County, Wisconsin(6)"
55041,55,041,Forest County,Wisconsin,1014.261049034749,6489.2,6.397958401513728,443.2,METAM<br>CHLOROTHALONIL<br>GLYPHOSATE<br>METOLACHLOR & METOLACHLOR-S<br>MANCOZEB,443.2,55041,"Forest County, Wisconsin(6)"
55043,55,043,Grant County,Wisconsin,1147.5989594594594,270438.39999999997,235.65584281061177,449.1,GLYPHOSATE<br>METOLACHLOR & METOLACHLOR-S<br>ATRAZINE<br>ACETOCHLOR<br>MESOTRIONE,449.1,55043,"Grant County, Wisconsin(6)"
55045,55,045,Green County,Wisconsin,584.0413810810811,194398.4,332.8503874848076,429.9,GLYPHOSATE<br>ACETOCHLOR<br>METOLACHLOR & METOLACHLOR-S<br>ATRAZINE<br>MESOTRIONE,429.9,55045,"Green County, Wisconsin(6)"
55047,55,047,Green Lake County,Wisconsin,349.5391413127413,101874.1,291.452624210834,502.7,GLYPHOSATE<br>METOLACHLOR & METOLACHLOR-S<br>METAM<br>ATRAZINE<br>DIMETHENAMID & DIMETHENAMID-P,502.7,55047,"Green Lake County, Wisconsin(6)"
55049,55,049,Iowa County,Wisconsin,762.6948471042471,420987.6,551.9738354053129,415.2,METAM<br>GLYPHOSATE<br>METOLACHLOR & METOLACHLOR-S<br>ATRAZINE<br>ACETOCHLOR,415.2,55049,"Iowa County, Wisconsin(6)"
55051,55,051,Iron County,Wisconsin,758.2099984555985,738.1999999999999,0.9736088966165614,458.6,"GLYPHOSATE<br>ACETOCHLOR<br>ATRAZINE<br>METOLACHLOR & METOLACHLOR-S<br>2,4-D",458.6,55051,"Iron County, Wisconsin(6)"
55053,55,053,Jackson County,Wisconsin,987.9103274131274,51116.2,51.741740704188494,469.9,GLYPHOSATE<br>ATRAZINE<br>ACETOCHLOR<br>METOLACHLOR & METOLACHLOR-S<br>DICAMBA,469.9,55053,"Jackson County, Wisconsin(6)"
55055,55,055,Jefferson County,Wisconsin,556.4899563706564,176668.5,317.46934149936027,452.3,GLYPHOSATE<br>ACETOCHLOR<br>METAM<br>METOLACHLOR & METOLACHLOR-S<br>ATRAZINE,452.3,55055,"Jefferson County, Wisconsin(6)"
55057,55,057,Juneau County,Wisconsin,767.077044015444,97473.4,127.07119938012056,490.7,GLYPHOSATE<br>METOLACHLOR & METOLACHLOR-S<br>METAM<br>ATRAZINE<br>ACETOCHLOR,490.7,55057,"Juneau County, Wisconsin(6)"
55059,55,059,Kenosha County,Wisconsin,271.83181003861006,30931.9,113.79058247674008,495.6,GLYPHOSATE<br>PENDIMETHALIN<br>METOLACHLOR & METOLACHLOR-S<br>ATRAZINE<br>DIMETHENAMID & DIMETHENAMID-P,495.6,55059,"Kenosha County, Wisconsin(6)"
55061,55,061,Kewaunee County,Wisconsin,342.45242664092666,52902,154.47985146114792,441.6,"GLYPHOSATE<br>METOLACHLOR & METOLACHLOR-S<br>ATRAZINE<br>ACETOCHLOR<br>2,4-D",441.6,55061,"Kewaunee County, Wisconsin(6)"
55063,55,063,La Crosse County,Wisconsin,451.8011463320464,30735.7,68.02926519670919,447.3,GLYPHOSATE<br>ATRAZINE<br>ACETOCHLOR<br>METOLACHLOR & METOLACHLOR-S<br>DICAMBA,447.3,55063,"La Crosse County, Wisconsin(6)"
55065,55,065,Lafayette County,Wisconsin,633.5851030888031,234458.6,370.0506827843431,496.5,GLYPHOSATE<br>METOLACHLOR & METOLACHLOR-S<br>ATRAZINE<br>ACETOCHLOR<br>MESOTRIONE,496.5,55065,"Lafayette County, Wisconsin(6)"
55067,55,067,Langlade County,Wisconsin,870.6857308880309,75382.7,86.5785407130947,529.2,METAM<br>CHLOROTHALONIL<br>MANCOZEB<br>QUINTOZENE<br>GLYPHOSATE,529.2,55067,"Langlade County, Wisconsin(6)"
55069,55,069,Lincoln County,Wisconsin,878.7058019305019,9203.3,10.473698910124986,482.2,"GLYPHOSATE<br>2,4-D<br>METOLACHLOR & METOLACHLOR-S<br>ACETOCHLOR<br>ATRAZINE",482.2,55069,"Lincoln County, Wisconsin(6)"
55071,55,071,Manitowoc County,Wisconsin,589.3060019305019,128986.6,218.87881606067825,472.2,GLYPHOSATE<br>METOLACHLOR & METOLACHLOR-S<br>METAM<br>ATRAZINE<br>ACETOCHLOR,472.2,55071,"Manitowoc County, Wisconsin(6)"
55073,55,073,Marathon County,Wisconsin,1545.23115984556,217615.2,140.83019140110392,447,METAM<br>GLYPHOSATE<br>ACETOCHLOR<br>METOLACHLOR & METOLACHLOR-S<br>ATRAZINE,447,55073,"Marathon County, Wisconsin(6)"
55075,55,075,Marinette County,Wisconsin,1399.4616451737452,47718.3,34.09761186708029,502.4,GLYPHOSATE<br>METOLACHLOR & METOLACHLOR-S<br>ATRAZINE<br>METAM<br>ACETOCHLOR,502.4,55075,"Marinette County, Wisconsin(6)"
55077,55,077,Marquette County,Wisconsin,455.7105791505792,82615.6,181.28962499398455,509.3,METAM<br>GLYPHOSATE<br>METOLACHLOR & METOLACHLOR-S<br>ATRAZINE<br>DIMETHENAMID & DIMETHENAMID-P,509.3,55077,"Marquette County, Wisconsin(6)"
55078,55,078,Menominee County,Wisconsin,357.61295984555983,283.7,0.793315768317009,534.6,GLYPHOSATE<br>METOLACHLOR & METOLACHLOR-S<br>ATRAZINE<br>ACETOCHLOR<br>MESOTRIONE,534.6,55078,"Menominee County, Wisconsin(6)"
55079,55,079,Milwaukee County,Wisconsin,241.4563652509653,4194.8,17.372911232387693,497.9,GLYPHOSATE<br>METOLACHLOR & METOLACHLOR-S<br>ATRAZINE<br>CAPTAN<br>PENDIMETHALIN,497.9,55079,"Milwaukee County, Wisconsin(6)"
55081,55,081,Monroe County,Wisconsin,900.8995274131274,47381,52.592990181770176,471.5,GLYPHOSATE<br>ATRAZINE<br>ACETOCHLOR<br>METOLACHLOR & METOLACHLOR-S<br>DICAMBA,471.5,55081,"Monroe County, Wisconsin(6)"
55083,55,083,Oconto County,Wisconsin,997.472522007722,64034.7,64.19695639445823,475,GLYPHOSATE<br>METOLACHLOR & METOLACHLOR-S<br>ATRAZINE<br>ACETOCHLOR<br>METAM,475,55083,"Oconto County, Wisconsin(6)"
55085,55,085,Oneida County,Wisconsin,1113.9393065637066,44735.4,40.15963862340068,488.4,"METAM<br>MANCOZEB<br>GLYPHOSATE<br>CHLOROTHALONIL<br>2,4-D",488.4,55085,"Oneida County, Wisconsin(6)"
55087,55,087,Outagamie County,Wisconsin,637.5544752895753,137409.2,215.52542618038905,439.6,GLYPHOSATE<br>METOLACHLOR & METOLACHLOR-S<br>ATRAZINE<br>ACETOCHLOR<br>DICAMBA,439.6,55087,"Outagamie County, Wisconsin(6)"
55089,55,089,Ozaukee County,Wisconsin,233.00971621621625,32850.6,140.9838204751814,486.1,GLYPHOSATE<br>METOLACHLOR & METOLACHLOR-S<br>ATRAZINE<br>PENDIMETHALIN<br>ACETOCHLOR,486.1,55089,"Ozaukee County, Wisconsin(6)"
55091,55,091,Pepin County,Wisconsin,232.00668455598455,29941.9,129.0561953303326,371.1,GLYPHOSATE<br>ATRAZINE<br>ACETOCHLOR<br>METOLACHLOR & METOLACHLOR-S<br>DICAMBA,371.1,55091,"Pepin County, Wisconsin(6)"
55093,55,093,Pierce County,Wisconsin,574.0156501930502,82514.3,143.74921654531403,352.9,GLYPHOSATE<br>ATRAZINE<br>ACETOCHLOR<br>METOLACHLOR & METOLACHLOR-S<br>DICAMBA,352.9,55093,"Pierce County, Wisconsin(6)"
55095,55,095,Polk County,Wisconsin,914.3152656370656,82924.8,90.69606854066978,423.3,GLYPHOSATE<br>ATRAZINE<br>METOLACHLOR & METOLACHLOR-S<br>ACETOCHLOR<br>PENDIMETHALIN,423.3,55095,"Polk County, Wisconsin(6)"
55097,55,097,Portage County,Wisconsin,800.8698756756756,1156400.5,1443.930574894419,443,METAM<br>METAM POTASSIUM<br>CHLOROTHALONIL<br>METOLACHLOR & METOLACHLOR-S<br>GLYPHOSATE,443,55097,"Portage County, Wisconsin(6)"
55099,55,099,Price County,Wisconsin,1254.051261003861,5391.9,4.299585007142222,481.1,METAM<br>GLYPHOSATE<br>ACETOCHLOR<br>ATRAZINE<br>METOLACHLOR & METOLACHLOR-S,481.1,55099,"Price County, Wisconsin(6)"
55101,55,101,Racine County,Wisconsin,332.6091806949807,74349.5,223.53411846494467,504.4,GLYPHOSATE<br>METOLACHLOR & METOLACHLOR-S<br>ATRAZINE<br>PENDIMETHALIN<br>ACETOCHLOR,504.4,55101,"Racine County, Wisconsin(6)"
55103,55,103,Richland County,Wisconsin,586.1468285714286,84485.1,144.13641067701272,399.2,GLYPHOSATE<br>METOLACHLOR & METOLACHLOR-S<br>ATRAZINE<br>ACETOCHLOR<br>METAM,399.2,55103,"Richland County, Wisconsin(6)"
55105,55,105,Rock County,Wisconsin,718.1646181467181,289964.5,403.757707735974,492.7,GLYPHOSATE<br>ACETOCHLOR<br>METOLACHLOR & METOLACHLOR-S<br>ATRAZINE<br>MESOTRIONE,492.7,55105,"Rock County, Wisconsin(6)"
55107,55,107,Rusk County,Wisconsin,913.50646988417,42881.6,46.9417583932791,446.6,METAM<br>GLYPHOSATE<br>ATRAZINE<br>METOLACHLOR & METOLACHLOR-S<br>MANCOZEB,446.6,55107,"Rusk County, Wisconsin(6)"
55109,55,109,St. Croix County,Wisconsin,722.1544826254826,97864.6,135.5175414049928,398.8,GLYPHOSATE<br>ATRAZINE<br>ACETOCHLOR<br>METOLACHLOR & METOLACHLOR-S<br>DICAMBA,398.8,55109,"St. Croix County, Wisconsin(6)"
55111,55,111,Sauk County,Wisconsin,831.5830312741313,138359.80000000002,166.38122087220623,440.1,GLYPHOSATE<br>METOLACHLOR & METOLACHLOR-S<br>ATRAZINE<br>ACETOCHLOR<br>MESOTRIONE,440.1,55111,"Sauk County, Wisconsin(6)"
55113,55,113,Sawyer County,Wisconsin,1257.5946536679537,8902.300000000001,7.078830984240572,426.8,GLYPHOSATE<br>ATRAZINE<br>METOLACHLOR & METOLACHLOR-S<br>ACETOCHLOR<br>CAPTAN,426.8,55113,"Sawyer County, Wisconsin(6)"
55115,55,115,Shawano County,Wisconsin,893.2207640926641,63634.4,71.24151448118202,447.8,GLYPHOSATE<br>METOLACHLOR & METOLACHLOR-S<br>ATRAZINE<br>ACETOCHLOR<br>MESOTRIONE,447.8,55115,"Shawano County, Wisconsin(6)"
55117,55,117,Sheboygan County,Wisconsin,511.5167455598456,70155.2,137.15132614713605,457,GLYPHOSATE<br>METOLACHLOR & METOLACHLOR-S<br>ATRAZINE<br>ACETOCHLOR<br>METRIBUZIN,457,55117,"Sheboygan County, Wisconsin(6)"
55119,55,119,Taylor County,Wisconsin,975.0479436293436,48914.1,50.165840889762734,408.7,"GLYPHOSATE<br>ACETOCHLOR<br>ATRAZINE<br>METOLACHLOR & METOLACHLOR-S<br>2,4-D",408.7,55119,"Taylor County, Wisconsin(6)"
55121,55,121,Trempealeau County,Wisconsin,732.9627694980695,86236.6,117.65481629995278,453.8,GLYPHOSATE<br>ATRAZINE<br>ACETOCHLOR<br>METOLACHLOR & METOLACHLOR-S<br>DICAMBA,453.8,55121,"Trempealeau County, Wisconsin(6)"
55123,55,123,Vernon County,Wisconsin,791.5593247104247,136781.4,172.79993517862806,467.8,GLYPHOSATE<br>METOLACHLOR & METOLACHLOR-S<br>ATRAZINE<br>ACETOCHLOR<br>METAM,467.8,55123,"Vernon County, Wisconsin(6)"
55125,55,125,Vilas County,Wisconsin,857.7062308880309,41152.4,47.97959781333597,485.3,METAM<br>MANCOZEB<br>CHLOROTHALONIL<br>DIQUAT<br>LINURON,485.3,55125,"Vilas County, Wisconsin(6)"
55127,55,127,Walworth County,Wisconsin,555.430883011583,161148.1,290.1316886202732,501,GLYPHOSATE<br>METOLACHLOR & METOLACHLOR-S<br>ATRAZINE<br>ACETOCHLOR<br>PENDIMETHALIN,501,55127,"Walworth County, Wisconsin(6)"
55129,55,129,Washburn County,Wisconsin,797.1104181467182,14493.1,18.182048145470812,464.8,GLYPHOSATE<br>ATRAZINE<br>METOLACHLOR & METOLACHLOR-S<br>ACETOCHLOR<br>CAPTAN,464.8,55129,"Washburn County, Wisconsin(6)"
55131,55,131,Washington County,Wisconsin,430.6417640926641,62310.4,144.69195789982007,498.4,GLYPHOSATE<br>METOLACHLOR & METOLACHLOR-S<br>ATRAZINE<br>PENDIMETHALIN<br>ACETOCHLOR,498.4,55131,"Washington County, Wisconsin(6)"
55133,55,133,Waukesha County,Wisconsin,549.7222752895752,43767.2,79.61693016158915,494.1,GLYPHOSATE<br>METOLACHLOR & METOLACHLOR-S<br>ATRAZINE<br>PENDIMETHALIN<br>ACETOCHLOR,494.1,55133,"Waukesha County, Wisconsin(6)"
55135,55,135,Waupaca County,Wisconsin,747.698088030888,86953.3,116.29466678054136,450.7,GLYPHOSATE<br>METOLACHLOR & METOLACHLOR-S<br>ATRAZINE<br>ACETOCHLOR<br>DIMETHENAMID & DIMETHENAMID-P,450.7,55135,"Waupaca County, Wisconsin(6)"
55137,55,137,Waushara County,Wisconsin,626.1582034749035,350069.8,559.0756426367427,495.6,METAM<br>GLYPHOSATE<br>METOLACHLOR & METOLACHLOR-S<br>METAM POTASSIUM<br>CHLOROTHALONIL,495.6,55137,"Waushara County, Wisconsin(6)"
55139,55,139,Winnebago County,Wisconsin,434.69542432432434,88608.6,203.84065495451253,460.3,GLYPHOSATE<br>METOLACHLOR & METOLACHLOR-S<br>ATRAZINE<br>ACETOCHLOR<br>DICAMBA,460.3,55139,"Winnebago County, Wisconsin(6)"
55141,55,141,Wood County,Wisconsin,793.0160783783783,68967.5,86.96860237818906,445.7,GLYPHOSATE<br>METOLACHLOR & METOLACHLOR-S<br>ATRAZINE<br>METAM<br>ACETOCHLOR,445.7,55141,"Wood County, Wisconsin(6)"
56001,56,001,Albany County,Wyoming,4274.155531274131,2479.1,0.5800210080939607,421.9,"GLYPHOSATE<br>2,4-D<br>METOLACHLOR & METOLACHLOR-S<br>ATRAZINE<br>MCPA",421.9,56001,"Albany County, Wyoming(6)"
56003,56,003,Big Horn County,Wyoming,3136.942762162162,48289.7,15.393873481681236,403.8,"GLYPHOSATE<br>2,4-D<br>EPTC<br>MCPA<br>ATRAZINE",403.8,56003,"Big Horn County, Wyoming(6)"
56005,56,005,Campbell County,Wyoming,4802.043193436293,3672.6,0.7647994514126651,386.6,"GLYPHOSATE<br>2,4-D<br>ZETA-CYPERMETHRIN<br>DICAMBA<br>MCPA",386.6,56005,"Campbell County, Wyoming(6)"
56007,56,007,Carbon County,Wyoming,7897.709254826254,650,0.08230234603822469,413.9,"GLYPHOSATE<br>ATRAZINE<br>METOLACHLOR & METOLACHLOR-S<br>2,4-D<br>DICAMBA",413.9,56007,"Carbon County, Wyoming(6)"
56009,56,009,Converse County,Wyoming,4254.974402316602,5814.2,1.366447703383241,407.2,CHLORPYRIFOS<br>GLYPHOSATE<br>CLETHODIM<br>IMAZAMOX<br>EPTC,407.2,56009,"Converse County, Wyoming(6)"
56011,56,011,Crook County,Wyoming,2854.466766023166,3957.7,1.3864936341556553,432.7,"GLYPHOSATE<br>2,4-D<br>ZETA-CYPERMETHRIN<br>DICAMBA<br>MCPA",432.7,56011,"Crook County, Wyoming(6)"
56013,56,013,Fremont County,Wyoming,9183.554113127411,19337.5,2.1056662553289747,386.7,"GLYPHOSATE<br>CHLORPYRIFOS<br>2,4-D<br>METRIBUZIN<br>ATRAZINE",386.7,56013,"Fremont County, Wyoming(6)"
56015,56,015,Goshen County,Wyoming,2225.6026876447877,66962.1,30.08717610368349,340.2,GLYPHOSATE<br>CHLORPYRIFOS<br>METOLACHLOR & METOLACHLOR-S<br>EPTC<br>THIOPHANATE-METHYL,340.2,56015,"Goshen County, Wyoming(6)"
56017,56,017,Hot Springs County,Wyoming,2004.422204247104,8269.8,4.125777484642404,371.4,"GLYPHOSATE<br>2,4-D<br>FLUROXYPYR<br>CHLORPYRIFOS<br>MCPA",371.4,56017,"Hot Springs County, Wyoming(6)"
56019,56,019,Johnson County,Wyoming,4154.132857142858,5125.4,1.2338074337673357,355,"GLYPHOSATE<br>2,4-D<br>DICAMBA<br>MCPA<br>BROMOXYNIL",355,56019,"Johnson County, Wyoming(6)"
56021,56,021,Laramie County,Wyoming,2685.8513621621623,41965.4,15.62461742715987,449.4,GLYPHOSATE<br>CHLORPYRIFOS<br>METOLACHLOR & METOLACHLOR-S<br>EPTC<br>THIOPHANATE-METHYL,449.4,56021,"Laramie County, Wyoming(6)"
56023,56,023,Lincoln County,Wyoming,4075.318076061776,1048,0.25715784153288596,374.3,"2,4-D<br>GLYPHOSATE<br>ATRAZINE<br>METOLACHLOR & METOLACHLOR-S<br>FLUROXYPYR",374.3,56023,"Lincoln County, Wyoming(6)"
56025,56,025,Natrona County,Wyoming,5340.512640540541,3941.1,0.7379628633555861,420.4,"GLYPHOSATE<br>METOLACHLOR & METOLACHLOR-S<br>ATRAZINE<br>2,4-D<br>DIMETHOATE",420.4,56025,"Natrona County, Wyoming(6)"
56027,56,027,Niobrara County,Wyoming,2626.0157057915058,3603.2,1.3721166983325266,271,"CHLORPYRIFOS<br>GLYPHOSATE<br>CLETHODIM<br>2,4-D<br>IMAZAMOX",271,56027,"Niobrara County, Wyoming(6)"
56029,56,029,Park County,Wyoming,6939.006842857143,39749.7,5.728442254083875,467,"GLYPHOSATE<br>2,4-D<br>EPTC<br>MCPA<br>ATRAZINE",467,56029,"Park County, Wyoming(6)"
56031,56,031,Platte County,Wyoming,2081.4492683397684,25817.2,12.403473095739988,416.2,"GLYPHOSATE<br>CHLORPYRIFOS<br>2,4-D<br>CLETHODIM<br>EPTC",416.2,56031,"Platte County, Wyoming(6)"
56033,56,033,Sheridan County,Wyoming,2523.3494517374515,7835.3,3.10511887071567,402.5,"GLYPHOSATE<br>2,4-D<br>METOLACHLOR & METOLACHLOR-S<br>DICAMBA<br>MCPA",402.5,56033,"Sheridan County, Wyoming(6)"
56035,56,035,Sublette County,Wyoming,4886.459084555984,232.6,0.04760093064836039,355.3,"GLYPHOSATE<br>2,4-D<br>ATRAZINE<br>PICLORAM<br>FLUROXYPYR",355.3,56035,"Sublette County, Wyoming(6)"
56037,56,037,Sweetwater County,Wyoming,10426.932191119691,982.4,0.09421754951438938,399.1,"GLYPHOSATE<br>ATRAZINE<br>2,4-D<br>DICAMBA<br>METRIBUZIN",399.1,56037,"Sweetwater County, Wyoming(6)"
56039,56,039,Teton County,Wyoming,3996.827018918919,483.5,0.12097095964157574,409.3,"2,4-D<br>GLYPHOSATE<br>ATRAZINE<br>FLUROXYPYR<br>PINOXADEN",409.3,56039,"Teton County, Wyoming(6)"
56041,56,041,Uinta County,Wyoming,2081.7162563706565,687.4,0.3302083066778944,349,"GLYPHOSATE<br>2,4-D<br>EPTC<br>ATRAZINE<br>HYDROGEN PEROXIDE",349,56041,"Uinta County, Wyoming(6)"
56043,56,043,Washakie County,Wyoming,2238.6689054054054,26710,11.931197121426504,343.4,"GLYPHOSATE<br>2,4-D<br>MCPA<br>ACETOCHLOR<br>FLUROXYPYR",343.4,56043,"Washakie County, Wyoming(6)"
56045,56,045,Weston County,Wyoming,2397.9938687258687,1344,0.5604684889015628,424.8,"GLYPHOSATE<br>2,4-D<br>ZETA-CYPERMETHRIN<br>PICLORAM<br>DICAMBA",424.8,56045,"Weston County, Wyoming(6)"
